"시설년도","위치코드","시설구분1","시설구분2","쉼터명칭","도로명주소","지번주소","시설면적","이용가능인원","비고","경도","위도","X좌표(EPSG:5186)","Y좌표(EPSG:5186)"
"2026","1153079000","특정계층이용시설","회원이용시설","우신빌라경로당","서울특별시 구로구 오리로 1265 (궁동, 우신빌라)","서울특별시 구로구 궁동 213-27","116.00","35","","126.8305708","37.4943014","185017.00354636","543885.13728472"
"2026","1153079000","공공시설","복지?문화?체육시설","궁동종합사회복지관","서울특별시 구로구 오리로22길 5 (궁동)","서울특별시 구로구 궁동 108-9","2,000.00","500","","126.8298143","37.4991676","184951.08105300","544425.34340984"
"2026","1153079000","특정계층이용시설","회원이용시설","아랫말경로당","서울특별시 구로구 부일로11길 4-3 (궁동)","서울특별시 구로구 궁동 207-13","86.68","34","","126.8321988","37.4936454","185160.84148304","543812.07189325"
"2026","1153079000","특정계층이용시설","회원이용시설","온수경로당","서울특별시 구로구 부일로1길 62 (온수동)","서울특별시 구로구 온수동 120-21","197.00","59","","126.8191241","37.4932684","184004.52555894","543772.37119699"
"2026","1153079000","특정계층이용시설","회원이용시설","수궁분회경로당","서울특별시 구로구 부일로9길 111 (온수동)","서울특별시 구로구 온수동 155-5","52.00","15","","126.8232329","37.4967476","184368.60625375","544157.82719178"
"2026","1153079000","공공시설","공공청사","수궁동주민센터","서울특별시 구로구 오리로15길 32","서울특별시 구로구 궁동 213-42","769.00","233","","126.8314537","37.4938646","185094.99358816","543836.51797348"
"2026","1153079000","생활밀착민간시설","금융기관","새마을금고수궁지점","서울특별시 구로구 부일로15길 10 (궁동)","서울특별시 구로구 궁동 189-29","45.00","13","","126.8342319","37.4937135","185340.64799699","543819.31154985"
"2026","1153079000","특정계층이용시설","회원이용시설","궁동경로당","서울특별시 구로구 부일로17길 158-4 (궁동)","서울특별시 구로구 궁동 157","169.00","51","","126.8302765","37.4985843","184991.83505356","544360.53080825"
"2026","1153079000","공공시설","복지?문화?체육시설","온수어르신복지관","서울특별시 구로구 부일로9길 111 (온수동)","서울특별시 구로구 온수동 155-5","2,519.00","500","","126.8233421","37.4966864","184378.24999482","544151.01665120"
"2026","1153080000","특정계층이용시설","회원이용시설","우남퍼스트빌(아)경로당","서울특별시 구로구 항동로 8 (우남퍼스트빌더센트럴)","서울특별시 구로구 항동 244","","","","126.8206770","37.4771500","184138.44664223","541983.17719492"
"2026","1153080000","특정계층이용시설","회원이용시설","항서경로당","서울특별시 구로구 연동로 169 (매화빌라3동)","서울특별시 구로구 항동 232","52.00","15","","126.8228970","37.4765480","184334.68552211","541915.99155461"
"2026","1153080000","공공시설","복지?문화?체육시설","항동푸른도서관","서울특별시 구로구 연동로 290-46 (푸른도서관)","서울특별시 구로구 항동 산 18-2","","","","126.8245650","37.4849830","184483.96971158","542851.88913233"
"2026","1153080000","특정계층이용시설","회원이용시설","그린빌라경로당","서울특별시 구로구 연동로 287 (그린빌라 B37~B40)","서울특별시 구로구 항동 1-5","","","","126.8223260","37.4859520","184286.14820939","542959.80678408"
"2026","1153080000","특정계층이용시설","회원이용시설","항동8단지(아)경로당","서울특별시 구로구 서해안로 2036 (항동 하버라인 8단지 801동)","서울특별시 구로구 항동 245","","","","126.8178950","37.4746450","183891.83415732","541705.62767269"
"2026","1153080000","특정계층이용시설","회원이용시설","중흥s클래스(아)경로당","서울특별시 구로구 연동로 233 (항동중흥에스클래스베르데카운티 101동)","서울특별시 구로구 항동 117-1","","","","126.8226370","37.4811670","184312.65329367","542428.68276598"
"2026","1153080000","특정계층이용시설","회원이용시설","하버라인3단지(아)경로당","서울특별시 구로구 항동로 43 (하버라인 3단지 301동)","서울특별시 구로구 항동 242","","","","126.8240640","37.4791660","184438.45328726","542206.36138861"
"2026","1153080000","특정계층이용시설","회원이용시설","수목원현대홈타운(아)경로당","서울특별시 구로구 연동로13길 25 (서울수목원현대홈타운스위트 101동)","서울특별시 구로구 항동 233","","","","126.8204690","37.4843260","184121.56707222","542779.65364820"
"2026","1153080000","특정계층이용시설","회원이용시설","하버라인2단지(아)경로당","서울특별시 구로구 연동로 234 (하버라인 2단지 201동)","서울특별시 구로구 항동 237","","","","126.8224110","37.4819930","184292.83700670","542520.39556406"
"2026","1154567000","공공시설","공공청사","금천구청(1층)","서울특별시 금천구 시흥대로73길 70","서울특별시 금천구 시흥동 1020","154.00","40","","126.8954220","37.4570390","190747.34716569","539741.16220743"
"2026","1154567000","특정계층이용시설","회원이용시설","새재미경로당","서울특별시 금천구 독산로39길 16","서울특별시 금천구 시흥동 855","188.00","50","","126.9042611","37.4588453","191529.60012873","539940.80531209"
"2026","1154567000","특정계층이용시설","기타","금천노인종합복지관","서울특별시 금천구 시흥대로51길 93-32","서울특별시 금천구 시흥동 558-1","90.00","40","","126.8977809","37.4501520","190955.22420729","538976.57112301"
"2026","1154568000","특정계층이용시설","회원이용시설","벽산아파트5단지경로당","서울특별시 금천구 금하로 816 (벽산5단지아파트 상가1동)","서울특별시 금천구 시흥동 1013","","","","126.9188720","37.4485480","192821.30051916","538796.73371131"
"2026","1154568000","공공시설","복지?문화?체육시설","공동체경제통합지원센터(2관)","서울특별시 금천구 탑골로8길 23 (시흥동)","서울특별시 금천구 시흥동 산 100-4","56.92","20","","126.9148000","37.4509000","192461.22112720","539058.09107623"
"2026","1154568000","공공시설","복지?문화?체육시설","시흥2동마을활력소(늘솔나루)","서울특별시 금천구 금하로 764 (시흥동)","서울특별시 금천구 시흥동 267-15","128.84","15","","126.9141886","37.4496974","192407.00086095","538924.66824518"
"2026","1154568000","공공시설","복지?문화?체육시설","서울시립금천청소년센터(1층로비)","서울특별시 금천구 금하로30길 54 (시흥동)","서울특별시 금천구 시흥동 산 84-7","87.40","26","","126.9153540","37.4484399","192509.99561995","538785.00993924"
"2026","1154568000","특정계층이용시설","기타","청담종합사회복지관","서울특별시 금천구 시흥동 금하로29길  36   (시흥동)","서울특별시 금천구 시흥동 241-7","243.00","40","","126.9136438","37.4516789","192358.99592181","539144.63132496"
"2026","1154568000","공공시설","공공청사","시흥2동주민센터","서울특별시 금천구 금하로 764 (시흥동)","서울특별시 금천구 시흥동 267-1","48.00","50","","126.9148189","37.4495526","192462.75827333","538908.54685031"
"2026","1154567000","특정계층이용시설","회원이용시설","산장경로당","서울특별시 금천구 탑골로2길 59-9","서울특별시 금천구 시흥동 243-31","199.00","30","","126.9138957","37.4508156","192381.19708504","539048.79658203"
"2026","1154569000","공공시설","복지?문화?체육시설","박미사랑마을회관","서울특별시 금천구 시흥대로12길 82 (시흥동)","서울특별시 금천구 시흥동 957-10","15.00","10","","126.9074938","37.4405767","191813.61942744","537912.95838277"
"2026","1154569000","생활밀착민간시설","금융기관","새마을금고금천남부시흥3동지점","서울특별시 금천구 시흥대로 78 (시흥동)","서울특별시 금천구 시흥동 954-32","20.00","15","","126.9038057","37.4409324","191487.27946236","537952.76283101"
"2026","1154569000","공공시설","복지?문화?체육시설","동네방네마을이음센터(1층다목적실)","서울특별시 금천구 시흥대로12길 10-5 (남부도로사업소 청사)","서울특별시 금천구 시흥동 961-5","50.00","15","","126.9043100","37.4386130","191531.64617284","537695.29660211"
"2026","1154569000","공공시설","복지?문화?체육시설","금천문화회관(1층로비)","서울특별시 금천구 시흥대로38길 61 (금천문화회관)","서울특별시 금천구 시흥동 937-2","33.00","10","","126.9043650","37.4464780","191537.39936256","538568.19651718"
"2026","1154567000","공공시설","공공청사","시흥3동주민센터","서울특별시 금천구 시흥대로18길 40 (시흥3동주민센터)","서울특별시 금천구 시흥동 956-3","1,344.00","120","","126.9058280","37.4402640","191666.16894423","537878.39907217"
"2026","1154567000","특정계층이용시설","회원이용시설","금산경로당","서울특별시 금천구 시흥대로24길 50","서울특별시 금천구 시흥동 948-14","148.40","50","","126.9071673","37.4412742","191784.80189904","537990.39950225"
"2026","1154567000","특정계층이용시설","회원이용시설","박산경로당","서울특별시 금천구 시흥대로2길 60","서울특별시 금천구 시흥동 973","158.40","30","","126.9065287","37.4350423","191727.60326665","537298.80225979"
"2026","1156053500","특정계층이용시설","회원이용시설","영등포동삼환아파트경로당","서울특별시 영등포구 영중로 145 (영등포삼환아파트 상가)","서울특별시 영등포구 영등포동8가 76-1","105.00","20","","126.9050640","37.5296680","191608.56352340","547801.13019619"
"2026","1156053500","특정계층이용시설","회원이용시설","경남아파트경로당","서울특별시 영등포구 양산로 177 (경남아너스빌 관리사무소)","서울특별시 영등포구 영등포동7가 46-1","155.00","40","","126.9029340","37.5240100","191419.64377353","547173.35461377"
"2026","1156053500","특정계층이용시설","회원이용시설","현대프라자경로당","서울특별시 영등포구 양산로 214 (영등포현대프라자)","서울특별시 영등포구 영등포동5가 49-1","56.00","15","","126.9069520","37.5222740","191774.63295878","546980.32137774"
"2026","1156053500","특정계층이용시설","회원이용시설","영2제2경로당","서울특별시 영등포구 국회대로54길 41-11","서울특별시 영등포구 영등포동2가 29-85","48.00","15","","126.9099480","37.5221670","192039.46559609","546968.18796938"
"2026","1156053500","공공시설","복지?문화?체육시설","시립영등포장애인복지관","서울특별시 영등포구 버드나루로 22 (영등포동2가)","서울특별시 영등포구 영등포동2가 94-379","69.70","15","","126.9128770","37.5208612","192298.25299845","546823.01669539"
"2026","1156053500","공공시설","복지?문화?체육시설","영등포동작은도서관","서울특별시 영등포구 국회대로44길 4","서울특별시 영등포구 영등포동7가 57-7","50.00","20","","126.9036224","37.5253383","191480.64742374","547320.71679654"
"2026","1156053500","공공시설","공공청사","영등포동주민센터","서울특별시 영등포구 양산로 232 (영등포동2가)","서울특별시 영등포구 영등포동2가 466","985.50","20","","126.9090267","37.5222929","191958.03680990","546982.23965618"
"2026","1156053500","특정계층이용시설","회원이용시설","구립영중경로당","서울특별시 영등포구 영중로27길 3","서울특별시 영등포구 영등포동7가 49-1","102.00","45","","126.9047222","37.5241207","191577.72801167","547185.47932472"
"2026","1156054000","특정계층이용시설","회원이용시설","여의도복지관","서울특별시 영등포구 여의대방로 372  (여의도동)","서울특별시 영등포구 여의도동 56-1","","","","126.9307753","37.5181147","193880.25380555","546516.87493015"
"2026","1156054000","특정계층이용시설","회원이용시설","미성아파트경로당","서울특별시 영등포구 의사당대로 110 (미성아파트 D동)","서울특별시 영등포구 여의도동 37","","","","126.9238310","37.5206530","193266.57732748","546799.06869040"
"2026","1156054000","공공시설","복지?문화?체육시설","여의동작은도서관","서울특별시 영등포구 국제금융로 124","서울특별시 영등포구 여의도동 53-22","62.00","10","","126.9345624","37.5176581","194215.01370288","546465.95848011"
"2026","1156054000","공공시설","공공청사","여의동주민센터","서울특별시 영등포구 국제금융로 124","서울특별시 영등포구 여의도동 53-22","62.00","10","","126.9345700","37.5176340","194215.68371785","546463.28321677"
"2026","1156054000","특정계층이용시설","회원이용시설","구립시범아파트경로당","서울특별시 영등포구 63로 45 (여의도동, 여의도시범아파트)","서울특별시 영등포구 여의도동 50-2","165.00","50","","126.9386154","37.5210720","194573.56490233","546844.61692757"
"2026","1156054000","특정계층이용시설","회원이용시설","구립광장아파트경로당","서울특별시 영등포구 여의나루로 7","서울특별시 영등포구 여의도동 28","132.00","50","","126.9206801","37.5203314","192988.00419018","546763.60531842"
"2026","1156055000","공공시설","복지?문화?체육시설","서울청년센터영등포모임포랑","서울특별시 영등포구 당산로 83 (한화포레나당산)","서울특별시 영등포구 당산동2가 165","","20","매주 첫째주 월요일 및 공휴일 휴관 ","126.8953020","37.5223950","190744.79715857","546994.83328859"
"2026","1156055000","공공시설","공공청사","영등포구청본관무더위쉼터","서울특별시 영등포구 당산로 123  (당산동3가)","서울특별시 영등포구 당산동3가 385-1","87.00","30","","126.8959308","37.5263283","190800.86546059","547431.31891380"
"2026","1156055000","특정계층이용시설","회원이용시설","동부센트레빌아파트경로당","서울특별시 영등포구 영신로 191 (동부센트레빌 101동)","서울특별시 영등포구 당산동3가 561","","","","126.9008280","37.5247630","191233.56747075","547257.12241425"
"2026","1156055000","특정계층이용시설","회원이용시설","한양아파트경로당","서울특별시 영등포구 영신로 193","서울특별시 영등포구 당산동3가 2-6","","","","126.9007960","37.5251970","191230.78959026","547305.29399396"
"2026","1156055000","특정계층이용시설","회원이용시설","쌍용예가아파트경로당","서울특별시 영등포구 당산로31길 32 (당산동쌍용예가클래식 경비동)","서울특별시 영등포구 당산동3가 559","","","","126.8937550","37.5276260","190608.69955264","547575.56252971"
"2026","1156055000","특정계층이용시설","회원이용시설","당산동현대아파트경로당","서울특별시 영등포구 당산로 95 (현대아파트 노인정)","서울특별시 영등포구 당산동2가 164-2","","","","126.8952710","37.5240650","190742.26314104","547180.18550187"
"2026","1156055000","특정계층이용시설","회원이용시설","대우아파트경로당","서울특별시 영등포구 영등포로 106 (대우아파트 101동)","서울특별시 영등포구 당산동2가 16-1","","","","126.8929750","37.5210950","190538.92837686","546850.78103055"
"2026","1156055000","특정계층이용시설","회원이용시설","진로아파트경로당","서울특별시 영등포구 당산로 68 (진로아파트 노인정)","서울특별시 영등포구 당산동1가 16-1","","","","126.8963140","37.5206650","190834.04538381","546802.72584623"
"2026","1156055000","특정계층이용시설","회원이용시설","당산코오롱아파트경로당","서울특별시 영등포구 영등포로28길 5 (당산동코오롱주.상복합아파트)","서울특별시 영등포구 당산동1가 9-1","","","","126.8994770","37.5199630","191113.57482962","546724.50916603"
"2026","1156055000","특정계층이용시설","회원이용시설","신동아파밀리에아파트경로당","서울특별시 영등포구 영신로33길 3 (당산동 신동아 파밀리에아파트 101동)","서울특별시 영등포구 당산동1가 457","","","","126.9004640","37.5199120","191200.82154863","546718.75603118"
"2026","1156055000","공공시설","복지?문화?체육시설","당산1동작은도서관","서울특별시 영등포구 양산로23길 11","서울특별시 영등포구 당산동3가 250","60.00","22","","126.8974255","37.5250160","190932.82978064","547285.52480041"
"2026","1156055000","공공시설","공공청사","당산1동주민센터","서울특별시 영등포구 양산로23길 11 (당산동3가)","서울특별시 영등포구 당산동3가 259","77.00","23","","126.8972987","37.5251328","190921.63532480","547298.50037704"
"2026","1156055000","특정계층이용시설","회원이용시설","구립당산3가경로당","서울특별시 영등포구 당산로29길 9","서울특별시 영등포구 당산동3가 407","132.00","30","","126.8939000","37.5260000","190621.31295899","547395.08223849"
"2026","1156055000","특정계층이용시설","회원이용시설","구립당산1가경로당","서울특별시 영등포구 영등포로29길 13","서울특별시 영등포구 당산동1가 150-1","287.00","35","","126.9002000","37.5221000","191177.74104523","546961.62135483"
"2026","1156055000","특정계층이용시설","회원이용시설","구립당산1동경로당","서울특별시 영등포구 영등포로25길 24","서울특별시 영등포구 당산동1가 223-18","135.00","30","","126.8985000","37.5231000","191027.58179795","547072.76965130"
"2026","1156055000","특정계층이용시설","회원이용시설","SH아파트경로당","서울특별시 영등포구 영신로 183","서울특별시 영등포구 당산동3가 562","71.00","35","","126.9014215","37.5244939","191285.99935685","547227.20052059"
"2026","1156056000","공공시설","복지?문화?체육시설","노동자종합지원센터","서울특별시 영등포구 버드나루로23길 24","서울특별시 영등포구 당산동 171-40","","5","","126.9066060","37.5287150","191744.75661397","547695.22253208"
"2026","1156056000","공공시설","복지?문화?체육시설","영등포제2스포츠센터","서울특별시 영등포구 국회대로 615 (영등포제2스포츠센터)","서울특별시 영등포구 당산동4가 96-1","174.32","12","","126.9027380","37.5266690","191402.62307918","547468.48842078"
"2026","1156056000","특정계층이용시설","회원이용시설","당산2차효성타운아파트경로당","서울특별시 영등포구 당산로42길 7 (당산2차 효성타운 201동)","서울특별시 영등포구 당산동5가 13","","","","126.9007990","37.5312550","191231.76390358","547977.65666661"
"2026","1156056000","특정계층이용시설","회원이용시설","성원아파트경로당","서울특별시 영등포구 양평로 57 (성원아파트 노인정)","서울특별시 영등포구 당산동5가 40","","","","126.8996480","37.5345290","191130.41634427","548341.13832653"
"2026","1156056000","특정계층이용시설","회원이용시설","롯데캐슬프레스티지아파트경로당","서울특별시 영등포구 영신로 237 (당산 롯데캐슬 프레스티지 102동)","서울특별시 영등포구 당산동4가 99","","","","126.9025160","37.5289280","191383.25945738","547719.22972864"
"2026","1156056000","특정계층이용시설","회원이용시설","당산강변래미안아파트경로당","서울특별시 영등포구 버드나루로 130 (강변삼성래미안아파트 303동)","서울특별시 영등포구 당산동 376","","","","126.9081640","37.5299610","191882.60575616","547833.37751211"
"2026","1156056000","특정계층이용시설","회원이용시설","당산효성1차아파트경로당","서울특별시 영등포구 당산로42길 13 (당산동1차 효성아파트)","서울특별시 영등포구 당산동5가 12","","","","126.9018400","37.5307650","191323.71968571","547923.17617056"
"2026","1156056000","특정계층이용시설","회원이용시설","삼성2차아파트경로당","서울특별시 영등포구 당산로36길 12 (당산2차삼성아파트 노인정,관리사무소)","서울특별시 영등포구 당산동4가 94-1","","","","126.8983070","37.5278430","191011.09004731","547599.20208456"
"2026","1156056000","특정계층이용시설","회원이용시설","현대3차아파트경로당","서울특별시 영등포구 당산로41길 23 (당산현대아파트 103동)","서울특별시 영등포구 당산동4가 88","","","","126.8960970","37.5309060","190816.11786560","547939.37071622"
"2026","1156056000","특정계층이용시설","회원이용시설","유원제일2차아파트경로당","서울특별시 영등포구 선유동2로 56 (유원제일2차아파트 202동)","서울특별시 영등포구 당산동5가 7-2","","","","126.8985110","37.5334920","191029.79868440","548226.15189878"
"2026","1156056000","공공시설","복지?문화?체육시설","당산2동작은도서관","서울특별시 영등포구 당산로41가길 7","서울특별시 영등포구 당산동4가 80-5","33.00","4","","126.8973788","37.5310980","190929.43816705","547960.55595711"
"2026","1156056000","공공시설","공공청사","당산2동주민센터","서울특별시 영등포구 당산로41가길 7","서울특별시 영등포구 당산동4가 80-5","81.75","24","","126.8973380","37.5310150","190925.82184887","547951.34791626"
"2026","1156056000","특정계층이용시설","회원이용시설","구립당산2동경로당","서울특별시 영등포구 당산로48길 16","서울특별시 영등포구 당산동6가 184","119.00","25","","126.9039603","37.5349296","191511.60328249","548385.20204650"
"2026","1156056000","특정계층이용시설","회원이용시설","구립남부경로당","서울특별시 영등포구 당산로35길 4-9 (당산동4가)","서울특별시 영등포구 당산동4가 57","161.00","50","","126.8973976","37.5292920","190930.88121458","547760.11044481"
"2026","1156058500","공공시설","복지?문화?체육시설","영등포다목적배드민턴경기장","서울특별시 영등포구 도신로15길 5 (영등포다목적 배드민턴 체육관)","서울특별시 영등포구 도림동 254","42.00","12","","126.8974130","37.5066680","190929.50440614","545249.12952805"
"2026","1156058500","특정계층이용시설","회원이용시설","쌍용플레티넘시티경로당","서울특별시 영등포구 도영로7길 15 (쌍용플래티넘시티1단지 상가에이동)","서울특별시 영등포구 도림동 820","145.00","23","","126.8943880","37.5094790","190662.39125807","545561.41052614"
"2026","1156058500","특정계층이용시설","회원이용시설","동아에코빌경로당","서울특별시 영등포구 도림로 365 (동아에코빌)","서울특별시 영등포구 도림동 165-1","120.00","25","","126.8987710","37.5093050","191049.89037151","545541.67283174"
"2026","1156058500","특정계층이용시설","회원이용시설","도림한라아파트경로당","서울특별시 영등포구 도신로15라길 5-7 (한라아파트)","서울특별시 영등포구 도림동 231-1","55.08","24","","126.8972480","37.5075900","190915.02723433","545351.47565951"
"2026","1156058500","특정계층이용시설","회원이용시설","영등포아트자이아파트","서울특별시 영등포구 도영로 66 (영등포아트자이아파트 보육시설,경로당)","서울특별시 영등포구 도림동 821","184.80","38","","126.9002170","37.5102360","191177.84731923","545644.86542240"
"2026","1156058500","공공시설","복지?문화?체육시설","늘샘드리작은도서관","서울특별시 영등포구 도영로7길 10 (도림동)","서울특별시 영등포구 도림동 222-7","205.00","31","","126.8959000","37.5094000","190796.06398536","545552.49356674"
"2026","1156058500","공공시설","공공청사","도림동주민센터","서울특별시 영등포구 도영로7길 10","서울특별시 영등포구 도림동 222-7","2,246.40","30","","126.8959700","37.5094590","190802.26023249","545559.03497067"
"2026","1156058500","특정계층이용시설","회원이용시설","구립모랫말경로당","서울특별시 영등포구 도영로 41","서울특별시 영등포구 도림동 205-23","176.00","40","","126.8974590","37.5096800","190933.93589313","545583.41865348"
"2026","1156058500","특정계층이용시설","회원이용시설","구립미루나무길경로당","서울특별시 영등포구 도신로29가길 12","서울특별시 영등포구 도림동 81-2","175.00","40","","126.9064340","37.5093580","191727.41656213","545546.85388329"
"2026","1100000000","공공시설","복지?문화?체육시설","문래청소년센터","서울특별시 영등포구 문래로 110 (시립문래청소년센터)","서울특별시 영등포구 문래동3가 73","","","","126.8940310","37.5189090","190632.00612172","546608.05675708"
"2026","1156060500","공공시설","복지?문화?체육시설","옹달샘드롭인센터응급구호시설(노숙)","서울특별시 영등포구 경인로94길 6","서울특별시 영등포구 문래동1가 13","490.00","122","","126.9025180","37.5141600","191381.73777050","546080.16637481"
"2026","1156060500","특정계층이용시설","회원이용시설","베어스타운아파트","서울특별시 영등포구 선유서로 40 (베어스타운아파트 경비실)","서울특별시 영등포구 문래동6가 38-1","","","","126.8853040","37.5191120","189860.53900214","546631.49200066"
"2026","1156060500","특정계층이용시설","회원이용시설","문래현대6차아파트경로당","서울특별시 영등포구 선유서로 31 (문래동현대6차아파트)","서울특별시 영등포구 문래동6가 55-1","","","","126.8837940","37.5184270","189726.95664147","546555.62941310"
"2026","1156060500","특정계층이용시설","회원이용시설","문래현대5차아파트경로당","서울특별시 영등포구 선유서로9길 5 (문래현대5차아파트 관리실 및 노인정)","서울특별시 영등포구 문래동5가 23-1","","","","126.8828360","37.5175980","189642.15125709","546463.72586904"
"2026","1156060500","특정계층이용시설","회원이용시설","문래두산위브경로당","서울특별시 영등포구 선유로9나길 8 (문래 두산위브 상가동)","서울특별시 영등포구 문래동5가 14","","","","126.8857120","37.5169600","189896.31725668","546392.60314741"
"2026","1156060500","특정계층이용시설","회원이용시설","문래동현대3차아파트경로당","서울특별시 영등포구 선유서로 6 (현대3차아파트 101동)","서울특별시 영등포구 문래동5가 21","","","","126.8843490","37.5162790","189775.72766849","546317.16797032"
"2026","1156060500","특정계층이용시설","회원이용시설","문래동현대2차아파트경로당","서울특별시 영등포구 문래로4길 6 (현대아파트 201동)","서울특별시 영등포구 문래동6가 45","","","","126.8828040","37.5205250","189639.72699578","546788.58967737"
"2026","1156060500","특정계층이용시설","회원이용시설","문래동현대1차아파트경로당","서울특별시 영등포구 문래로4길 14 (현대아파트 경로당)","서울특별시 영등포구 문래동6가 46","","","","126.8826540","37.5195040","189626.32545496","546675.28799576"
"2026","1156060500","특정계층이용시설","회원이용시설","해태아파트경로당","서울특별시 영등포구 영신로25길 8 (문래동해태아파트 101동)","서울특별시 영등포구 문래동3가 13","","","","126.9012680","37.5172150","191271.58261233","546419.34803742"
"2026","1156060500","특정계층이용시설","회원이용시설","문래자이아파트경로당","서울특별시 영등포구 당산로 26 (문래자이 상가동)","서울특별시 영등포구 문래동3가 54","","","","126.8965370","37.5163980","190853.23800855","546329.12076526"
"2026","1156060500","특정계층이용시설","회원이용시설","문래건영아파트경로당","서울특별시 영등포구 문래로 94-7 (문래건영아파트 상가동)","서울특별시 영등포구 문래동3가 93-1","","","","126.8924280","37.5184490","190490.23744515","546557.16336387"
"2026","1156060500","특정계층이용시설","회원이용시설","남성아파트경로당","서울특별시 영등포구 경인로77길 19 (남성맨션아파트 상가)","서울특별시 영등포구 문래동2가 35","","","","126.8914510","37.5125940","190403.11727624","545907.43145384"
"2026","1156060500","특정계층이용시설","회원이용시설","공원한신아파트경로당","서울특별시 영등포구 문래로20길 14 (문래공원한신아파트 상가)","서울특별시 영등포구 문래동3가 77-2","","","","126.8929450","37.5177760","190535.85717447","546482.41669032"
"2026","1156060500","특정계층이용시설","회원이용시설","문래제2경로당","서울특별시 영등포구 영신로25길 11","서울특별시 영등포구 문래동3가 14","","","","126.9008820","37.5173340","191237.47212964","546432.59141979"
"2026","1156060500","특정계층이용시설","회원이용시설","문래동한신아파트경로당","서울특별시 영등포구 선유서로 43 (한신아파트 노인정)","서울특별시 영등포구 문래동6가 43","","","","126.8837670","37.5193550","189724.69699153","546658.62871734"
"2026","1156060500","공공시설","복지?문화?체육시설","목화마을작은도서관","서울특별시 영등포구 선유로13길 25 (문래동6가)","서울특별시 영등포구 문래동6가 22-1","110.00","24","","126.8866410","37.5187512","189978.68549175","546591.30446981"
"2026","1156060500","공공시설","공공청사","문래동주민센터","서울특별시 영등포구 문래로28길 15","서울특별시 영등포구 문래동3가 55-16","250.44","10","","126.8994880","37.5170870","191114.20622412","546405.30827762"
"2026","1156060500","특정계층이용시설","회원이용시설","구립문래제1경로당","서울특별시 영등포구 문래로20길 7","서울특별시 영등포구 문래동3가 73-1","201.00","50","","126.8941860","37.5184340","190645.64931948","546555.32230098"
"2026","1156060500","특정계층이용시설","회원이용시설","구립목화경로당","서울특별시 영등포구 도림로143길 20-7","서울특별시 영등포구 문래동4가 35-7","195.00","50","","126.8901760","37.5142250","190290.60501103","546088.58261717"
"2026","1156060500","특정계층이용시설","회원이용시설","영등포노인종합복지관","서울특별시 영등포구 도림로 482","서울특별시 영등포구 문래동3가 76-2","72.00","21","","126.8901000","37.5169000","190284.23274491","546385.48171268"
"2026","1156061000","특정계층이용시설","회원이용시설","양평삼성래미안아파트경로당","서울특별시 영등포구 영등포로3길 7 (양평동삼성아파트 상가동)","서울특별시 영등포구 양평동2가 38-1","","20","","126.8826220","37.5243370","189624.16587280","547211.69416258"
"2026","1156061000","특정계층이용시설","회원이용시설","상록수아파트경로당","서울특별시 영등포구 영등포로 17 (상록수아파트)","서울특별시 영등포구 양평동2가 45","","20","","126.8836520","37.5237760","189715.13754958","547149.31703334"
"2026","1156061000","특정계층이용시설","회원이용시설","벽산아파트경로당","서울특별시 영등포구 선유서로21길 15 (양평동벽산블루밍아파트 상가동)","서울특별시 영등포구 양평동2가 23","","20","","126.8829110","37.5223460","189649.43749035","546990.68613828"
"2026","1156061000","특정계층이용시설","회원이용시설","양평1동신동아아파트경로당","서울특별시 영등포구 영등포로12길 8 (신동아아파트 노인정)","서울특별시 영등포구 양평동1가 20","","20","","126.8865440","37.5221350","189970.56329667","546966.87423680"
"2026","1156061000","특정계층이용시설","회원이용시설","양평1동삼호아파트경로당","서울특별시 영등포구 선유로 172 (양평동삼호아파트 제1동)","서울특별시 영등포구 양평동3가 66","","20","","126.8926210","37.5284380","190508.56489283","547665.79830135"
"2026","1156061000","특정계층이용시설","회원이용시설","우림루미아파트경로당","서울특별시 영등포구 선유로33길 23 (양평동 우림 루미아트 상가)","서울특별시 영등포구 양평동3가 102","","20","","126.8880800","37.5265200","190106.92379530","547453.39199161"
"2026","1156061000","특정계층이용시설","회원이용시설","양평동경남아너스빌아파트경로당","서울특별시 영등포구 선유로33길 30 (경남아너스빌)","서울특별시 영등포구 양평동3가 55-1","","20","","126.8883830","37.5272130","190133.79850960","547530.27457152"
"2026","1156061000","특정계층이용시설","회원이용시설","양평1동삼천리아파트경로당","서울특별시 영등포구 선유서로 115 (삼천리 아파트 101)","서울특별시 영등포구 양평동3가 24","","20","","126.8856360","37.5260650","189890.82695581","547403.15249613"
"2026","1156061000","특정계층이용시설","회원이용시설","양평역월드메르디앙아파트경로당","서울특별시 영등포구 선유서로 116 (관리사무소)","서울특별시 영등포구 양평동3가 19","","20","","126.8866020","37.5259030","189976.19460261","547385.06912752"
"2026","1154570000","생활밀착민간시설","금융기관","새마을금고시흥제1지점","서울특별시 금천구 독산로 140-1 (시흥동)","서울특별시 금천구 시흥동 802-34","21.00","15","","126.9052112","37.4599475","191613.78234748","540063.04942284"
"2026","1154570000","특정계층이용시설","회원이용시설","한울경로당","서울특별시 금천구 독산로50마길 39-8 (시흥동, 삼성빌라)","서울특별시 금천구 시흥동 3-33","78.94","25","","126.9130540","37.4611121","192307.77520021","540191.63480464"
"2026","1154567000","특정계층이용시설","회원이용시설","장수경로당","서울특별시 금천구 시흥동 독산로50길  57-1  (시흥동)","서울특별시 금천구 시흥동 8-9","333.00","40","","126.9075398","37.4628413","191820.11507669","540384.01696648"
"2026","1154570000","특정계층이용시설","회원이용시설","신흥경로당","서울특별시 금천구 금하로23길 155","서울특별시 금천구 시흥동 산 126-13","148.00","40","","126.9073526","37.4570322","191802.91955392","539739.30260484"
"2026","1154567000","공공시설","공공청사","시흥4동주민센터","서울특별시 금천구 독산로36길 14 (시흥4동주민센터)","서울특별시 금천구 시흥동 812-38","30.00","50","","126.9061460","37.4589380","191696.37499063","539950.92593374"
"2026","1154570000","공공시설","복지?문화?체육시설","새재미마을활력소","서울특별시 금천구 독산로50길 105","서울특별시 금천구 시흥동 3-83","150.00","40","","126.9101755","37.4623248","192053.23887799","540326.46689335"
"2026","1154571000","공공시설","공공청사","금천정원지원센터","서울특별시 금천구 시흥대로40길 120","서울특별시 금천구 시흥동 산 77-13","30.00","5","","126.9097820","37.4463020","192016.72313984","538548.19027485"
"2026","1154571000","특정계층이용시설","회원이용시설","시흥5동임시어르신쉼터","서울특별시 금천구 금하로 700 (시흥동)","서울특별시 금천구 시흥동 909-15","20.00","15","","126.9076520","37.4514243","191828.79924850","539116.87701435"
"2026","1154571000","생활밀착민간시설","금융기관","새마을금고금천남부","서울특별시 금천구 금하로 724-1 (시흥동)","서울특별시 금천구 시흥동 272-19","7.00","10","","126.9101357","37.4504235","192048.45785273","539005.58958133"
"2026","1154571000","공공시설","복지?문화?체육시설","공동체경제통합지원센터(1관)","서울특별시 금천구 은행나무로 45 (시흥동)","서울특별시 금천구 시흥동 909-34","119.00","29","","126.9074665","37.4510333","191812.34308573","539073.49753033"
"2026","1154571000","공공시설","복지?문화?체육시설","금천마을활력소어울샘(2층어울샘홀)","서울특별시 금천구 탑골로 22 (시흥동)","서울특별시 금천구 시흥동 247-19","150.00","30","","126.9116314","37.4518201","192180.94859526","539160.46766959"
"2026","1154571000","특정계층이용시설","회원이용시설","읍내경로당","서울특별시 금천구 은행나무로10길 12-1","서울특별시 금천구 시흥동 921-29","95.00","30","","126.9063177","37.4504237","191710.62633443","539005.94082048"
"2026","1154571000","특정계층이용시설","회원이용시설","탑동경로당","서울특별시 금천구 금하로23가길 14-1 (시흥동)","서울특별시 금천구 시흥동 828-48","118.80","20","","126.9095322","37.4515244","191995.17513237","539127.82533361"
"2026","1154571000","공공시설","공공청사","시흥5동주민센터","서울특별시 금천구 금하로24길 6 (시흥동)","서울특별시 금천구 시흥동 910-5","711.00","30","","126.9084000","37.4508000","191894.91696647","539047.52375320"
"2026","1156051500","공공시설","복지?문화?체육시설","이동노동자쉼터2호점","서울특별시 영등포구 신길로52길 17-1","서울특별시 영등포구 신길동 219-28","29.00","5","","126.9121970","37.5113960","192237.16002478","545772.55488592"
"2026","1156051500","공공시설","복지?문화?체육시설","희망지원센터응급구호시설(노숙인)","서울특별시 영등포구 경인로102길 10","서울특별시 영등포구 영등포동 423-91","96.00","24","","126.9058880","37.5157680","191679.85386119","546258.33069743"
"2026","1156051500","특정계층이용시설","회원이용시설","푸르지오아파트경로당","서울특별시 영등포구 도신로29길 28 (영등포푸르지오 상가2동)","서울특별시 영등포구 영등포동 647","294.00","30","","126.9023950","37.5114280","191370.54894982","545776.96029079"
"2026","1156051500","특정계층이용시설","회원이용시설","구립영등포본동경로당","서울특별시 영등포구 영신로9나길 7 (영등포동)","서울특별시 영등포구 영등포동 620-50","290.00","50","","126.9066274","37.5129173","191744.90792003","545941.87394185"
"2026","1156051500","특정계층이용시설","회원이용시설","영등포어르신복지센터","서울특별시 영등포구 도영로22길 36 (영등포동)","서울특별시 영등포구 영등포동 645-20","638.13","10","","126.9032827","37.5101833","191448.89028647","545638.73337984"
"2026","1156051500","공공시설","복지?문화?체육시설","청소년문화의집작은도서관","서울특별시 영등포구 영등포로64길 15","서울특별시 영등포구 신길동 107-2","50.00","10","","126.9172000","37.5135000","192679.69090155","546005.67117606"
"2026","1156051500","공공시설","복지?문화?체육시설","영등포본동작은도서관","서울특별시 영등포구 신길로61길 17","서울특별시 영등포구 영등포동 592-70","40.00","16","","126.9093134","37.5146921","191982.56767991","546138.62199303"
"2026","1156051500","공공시설","공공청사","영등포본동주민센터","서울특별시 영등포구 신길로61길 17","서울특별시 영등포구 영등포동 592-70","65.00","30","","126.9093200","37.5146380","191983.14538669","546132.61701505"
"2026","1156051500","특정계층이용시설","회원이용시설","구립신광경로당","서울특별시 영등포구 신길로60길 31-2 (신길동)","서울특별시 영등포구 신길동 186-128","195.00","50","","126.9137836","37.5134917","192377.64768023","546005.02126570"
"2026","1156051500","특정계층이용시설","회원이용시설","구립방학경로당","서울특별시 영등포구 영등포로62라길 2-12","서울특별시 영등포구 신길동 36-4","257.00","25","","126.9153660","37.5166040","192517.85768703","546350.32018438"
"2026","1100000000","공공시설","복지?문화?체육시설","서울시노동자복지관","서울특별시 영등포구 국회대로44길 10 (서울노총복지회관)","서울특별시 영등포구 영등포동7가 57","","","","126.9033030","37.5247930","191452.35165773","547260.22426128"
"2026","1156053500","공공시설","복지?문화?체육시설","영등포아트스퀘어","서울특별시 영등포구 영중로 15 (타임스퀘어)","서울특별시 영등포구 영등포동4가 442","","200","","126.9033410","37.5170750","191454.83057273","546403.61949793"
"2026","1156053500","공공시설","복지?문화?체육시설","문화라운지따따따","서울특별시 영등포구 문래로 196 (영등포구관광정보센터)","서울특별시 영등포구 영등포동4가 442-6","","15","","126.9031970","37.5179410","191442.19909998","546499.74768195"
"2026","1156053500","공공시설","복지?문화?체육시설","영중종합사회복지관","서울특별시 영등포구 양산로 232 (영등포공공복합시설)","서울특별시 영등포구 영등포동2가 466","110.40","15","","126.9090010","37.5222570","191955.76109668","546978.25740255"
"2026","1156053500","공공시설","복지?문화?체육시설","영등포쪽방상담소온기창고","서울특별시 영등포구 경인로 829","서울특별시 영등포구 영등포동4가 426-7","97.00","17","","126.9050160","37.5161060","191602.80093584","546295.92190111"
"2026","1156053500","공공시설","복지?문화?체육시설","햇살보금자리응급구호시설(노숙인)","서울특별시 영등포구 국회대로54길 41-16  (영등포동2가)","서울특별시 영등포구 영등포동2가 28-150","263.80","65","","126.9104576","37.5220759","192084.50426839","546958.03400752"
"2026","1156053500","공공시설","복지?문화?체육시설","보현종합지원센터응급구호시설(노숙인)","서울특별시 영등포구 버드나루로 24","서울특별시 영등포구 영등포동2가 94-31","802.80","200","","126.9125610","37.5212360","192270.35698953","546864.64071557"
"2026","1156051500","특정계층이용시설","회원이용시설","우성4차아파트경로당","서울특별시 영등포구 영등포로64길 8 (신길우성아파트 노인정)","서울특별시 영등포구 신길동 102-8","181.00","35","","126.9177400","37.5138240","192727.46349530","546041.58919324"
"2026","1156051500","특정계층이용시설","회원이용시설","순영아파트경로당","서울특별시 영등포구 영등포로62길 42 (순영웰라이빌 102동)","서울특별시 영등포구 영등포동 648","32.00","38","","126.9132340","37.5165510","192329.37091244","546344.60954035"
"2026","1153080000","특정계층이용시설","회원이용시설","한양수자인에듀힐즈(아)경로당","서울특별시 구로구 항동로 42 (한양수자인 에듀힐즈 501동)","서울특별시 구로구 항동 241","","","","126.8258020","37.4784770","184592.03812090","542129.60569571"
"2026","1153080000","특정계층이용시설","회원이용시설","구립수목원경로당","서울특별시 구로구 연동로 296-12 (늘푸른빌)","서울특별시 구로구 항동 5-6","41.00","40","","126.8243460","37.4862950","184464.87231171","542997.54006278"
"2026","1153080000","공공시설","공공청사","항동주민센터","서울특별시 구로구 연동로 191-19 (항동)","서울특별시 구로구 항동 243-1","386.00","116","","126.8224112","37.4792566","184292.28189875","542216.69121944"
"2026","1100000000","특정계층이용시설","특수근로자 쉼터","휴서울이동노동자가산쉼터","서울특별시 금천구 가산동 60-35","서울특별시 금천구 가산동 60-35","","10","","126.8857000","37.4771830","189889.89538031","541977.87297114"
"2026","1154551000","생활밀착민간시설","종교시설","한빛교회","서울특별시 금천구 가산로7길 6 (가산동)","서울특별시 금천구 가산동 152-37","25.00","30","","126.8925646","37.4757330","190496.90203320","541816.22746273"
"2026","1154551000","공공시설","복지?문화?체육시설","대한적십자사금천봉사나눔터","서울특별시 금천구 가산디지털2로 169-44 (가산동)","서울특별시 금천구 가산동 535-146","20.00","20","","126.8749505","37.4826400","188939.88069847","542584.73591453"
"2026","1154551000","공공시설","복지?문화?체육시설","책이든거리작은도서관","서울특별시 금천구 범안로 1130 (디지털엠파이어빌딩)","서울특별시 금천구 가산동 685","12.00","10","기본운영 화-금 10:00~19:00 / 토 10:00~14:30 '14:00~15:00 미운영(휴게시간) 12:30~13:00 미운영(휴게시간)' ","126.8875040","37.4653920","190047.90034460","540669.03837989"
"2026","1154551000","공공시설","복지?문화?체육시설","금천구립가산도서관","서울특별시 금천구 가산로5길 43 (가산동)","서울특별시 금천구 가산동 235-3","20.00","20","2, 4번째 월요일 , 공휴일 휴관","126.8921193","37.4734915","190457.22843700","541567.49600594"
"2026","1154551000","생활밀착민간시설","금융기관","신한은행디지털중앙지점","서울특별시 금천구 가산디지털1로 186 (가산동)","서울특별시 금천구 가산동 459-11","18.00","20","","126.8815541","37.4820100","189523.85450539","542514.05903251"
"2026","1154551000","특정계층이용시설","기타","금천누리종합사회복지관","서울특별시 금천구 가산로 129","서울특별시 금천구 가산동 144-3","40.00","20","","126.8917582","37.4768451","190425.71452533","541939.73738974"
"2026","1154551000","특정계층이용시설","회원이용시설","상록경로당","서울특별시 금천구 벚꽃로38길 35 (가산동)","서울특별시 금천구 가산동 602-71","129.00","40","","126.8843000","37.4828000","189766.82804705","542601.43660211"
"2026","1154551000","특정계층이용시설","회원이용시설","우정경로당","서울특별시 금천구 두산로3길 49","서울특별시 금천구 가산동 238-3","180.21","30","","126.8887064","37.4726854","190155.22871299","541478.38101907"
"2026","1154551000","특정계층이용시설","회원이용시설","매봉경로당","서울특별시 금천구 가산동 시흥대로149가길  6 , 조마공원 (가산동)","서울특별시 금천구 가산동 148-11","117.00","30","","126.8955480","37.4755881","190760.77813385","541799.84861451"
"2026","1154551000","공공시설","공공청사","가산동주민센터","서울특별시 금천구 가산동 가산로  129   (가산동)","서울특별시 금천구 가산동 144-3","163.10","30","","126.8917866","37.4769139","190428.23535916","541947.37038437"
"2026","1154561000","특정계층이용시설","회원이용시설","진도3차아파트경로당","서울특별시 금천구 범안로17길 41 (진도3차아파트 진도3차아파트)","서울특별시 금천구 독산동 1136","","","","126.8934540","37.4685040","190574.66541831","541013.81622467"
"2026","1154561000","공공시설","복지?문화?체육시설","금천뮤지컬센터","서울특별시 금천구 시흥대로115길 48 (독산동)","서울특별시 금천구 독산동 300-21","32.00","20","","126.8938494","37.4689402","190609.69809743","541062.18904010"
"2026","1154561000","생활밀착민간시설","금융기관","새마을금고금천중앙","서울특별시 금천구 가산로 52 (독산동)","서울특별시 금천구 독산동 151-13","14.00","15","","126.8971619","37.4717225","190903.06596979","541370.66174323"
"2026","1154561000","특정계층이용시설","기타","금천구장애인돌봄쉼터","서울특별시 금천구 두산로 70 (독산동)","서울특별시 금천구 독산동 291-1","110.00","30","","126.8954909","37.4684548","190754.84885166","541008.15380198"
"2026","1154561000","공공시설","복지?문화?체육시설","복숭아마을수다방","서울특별시 금천구 시흥대로139길 28 (독산동)","서울특별시 금천구 독산동 149-61","53.68","15","","126.8965180","37.4729710","190846.25959420","541509.29085794"
"2026","1154561000","공공시설","복지?문화?체육시설","금하마을주민공동이용시설(1층공유부엌)","서울특별시 금천구 금하로1다길 16 (독산동)","서울특별시 금천구 독산동 1118-8","53.69","16","","126.8914194","37.4529858","190392.69420577","539291.71339950"
"2026","1154561000","공공시설","복지?문화?체육시설","금나래문화체육센터(1층북카페)","서울특별시 금천구 시흥대로79길 32 (독산동)","서울특별시 금천구 독산동 1148","252.72","76","","126.8964110","37.4588870","190835.07557150","539946.16820371"
"2026","1154561000","공공시설","복지?문화?체육시설","모두의마을공간커뮤니티센터(1층다목적홀)","서울특별시 금천구 벚꽃로 14 (독산동)","서울특별시 금천구 독산동 1151","104.00","31","","126.8944073","37.4572563","190657.59747885","539765.37966561"
"2026","1154561000","특정계층이용시설","기타","금천어르신복지센터","서울특별시 금천구 범안로17길 22 (독산동)","서울특별시 금천구 독산동 293-14","60.00","10","","126.8944000","37.4674000","190658.21367258","540891.19290035"
"2026","1154561000","특정계층이용시설","회원이용시설","말미경로당","서울특별시 금천구 범안로17길 22","서울특별시 금천구 독산동 293-14","199.00","20","구유재산(재산관리관:어르신장애인과) ","126.8944192","37.4675016","190659.92481983","540902.46722192"
"2026","1154561000","특정계층이용시설","회원이용시설","복지경로당","서울특별시 금천구 벚꽃로10길 94","서울특별시 금천구 독산동 1010","167.00","40","구유재산(재산관리관:자치행정과) ","126.8952850","37.4645810","190736.15640783","540578.23470378"
"2026","1154561000","공공시설","공공청사","독산1동주민센터","서울특별시 금천구 독산동 시흥대로123길  11   (독산동)","서울특별시 금천구 독산동 289-5","108.00","100","구유재산(재산관리관:자치행정과)","126.8970489","37.4702215","190892.88801931","541204.08187193"
"2026","1154561000","특정계층이용시설","기타","금천한내어르신복지센터","서울특별시 금천구 한내로 69-15 (주공13단지아파트 1315동)","서울특별시 금천구 독산동 1088-1","150.00","30","","126.8868690","37.4579390","189990.73084450","539841.92423316"
"2026","1154561000","특정계층이용시설","회원이용시설","영보경로당","서울특별시 금천구 시흥대로141길 61-1","서울특별시 금천구 독산동 144-60","229.80","40","구유재산(재산관리관:어르신장애인과) ","126.8973270","37.4755830","190918.13764726","541799.10952901"
"2026","1154561000","특정계층이용시설","회원이용시설","세일경로당","서울특별시 금천구 시흥대로147길 30-15","서울특별시 금천구 독산동 147-56","110.00","50","구유재산(재산관리관:어르신장애인과) ","126.8961870","37.4747791","190817.20142626","541709.99793984"
"2026","1154561000","특정계층이용시설","회원이용시설","철쭉경로당","서울특별시 금천구 금하로1마길 15-8","서울특별시 금천구 독산동 1112","143.10","20","구유재산(재산관리관:어르신장애인과) ","126.8896010","37.4528822","190231.78706981","539280.40219908"
"2026","1154561000","특정계층이용시설","회원이용시설","참새경로당","서울특별시 금천구 한내로 55","서울특별시 금천구 독산동 1088-2","149.30","20","구유재산(재산관리관:어르신장애인과) ","126.8871926","37.4569538","190019.23044652","539732.54620635"
"2026","1154561000","특정계층이용시설","기타","금천장애인종합복지관","서울특별시 금천구 시흥대로101길 17","서울특별시 금천구 독산동 1011-1","617.00","30","","126.8962768","37.4639875","190823.82567568","540512.26718854"
"2026","1154562000","공공시설","공공청사","독산2동주민센터마을카페(1층)","서울특별시 금천구 독산로 179 (독산2동주민센터)","서울특별시 금천구 독산동 1043-51","54.00","10","","126.9034800","37.4631440","191460.98193549","540417.97282477"
"2026","1154562000","공공시설","복지?문화?체육시설","독산2동마을활력소(정감)","서울특별시 금천구 시흥대로 342 (독산동)","서울특별시 금천구 독산동 1054-8","66.00","30","","126.8981302","37.4643120","190987.83108814","540548.10333993"
"2026","1154562000","특정계층이용시설","회원이용시설","정훈경로당","서울특별시 금천구 독산로64길 79","서울특별시 금천구 독산동 378-21","106.00","20","지정해제요청 ","126.9064320","37.4668020","191722.54547718","540823.69762733"
"2026","1154562000","공공시설","공공청사","독산2동주민센터","서울특별시 금천구 독산로 179","서울특별시 금천구 독산동 1043-51","211.00","30","","126.9034900","37.4631486","191461.86714776","540418.48245568"
"2026","1154562000","생활밀착민간시설","종교시설","신일교회(1층로비및카페)","서울특별시 금천구 시흥대로90길 25 (독산동)","서울특별시 금천구 독산동 1060-18","110.00","30","","126.8993157","37.4618040","191092.41184383","540269.63672008"
"2026","1154561000","특정계층이용시설","회원이용시설","만수경로당","서울특별시 금천구 시흥대로90길 60-3","서울특별시 금천구 독산동 1063-14","110.70","20","","126.9009690","37.4628214","191238.79883319","540382.39920098"
"2026","1154563000","공공시설","공공청사","독산보건지소","서울특별시 금천구 독산로87길 27 (독산동)","서울특별시 금천구 독산동 985-22","12.00","10","","126.9022527","37.4736703","191353.61647750","541586.36181551"
"2026","1154563000","생활밀착민간시설","금융기관","새마을금고독산동","서울특별시 금천구 독산로 323 (독산동)","서울특별시 금천구 독산동 973-11","30.00","25","","126.9033176","37.4755563","191448.02872091","541795.58530529"
"2026","1154563000","특정계층이용시설","회원이용시설","목화경로당","서울특별시 금천구 문성로7가길 14 (독산동)","서울특별시 금천구 독산동 883-4","153.00","20","","126.9065040","37.4775444","191730.09855517","542015.95323285"
"2026","1154563000","특정계층이용시설","회원이용시설","동산경로당","서울특별시 금천구 독산로54길 247","서울특별시 금천구 독산동 993-29","110.70","20","","126.9059886","37.4729248","191683.99857922","541503.28487970"
"2026","1154561000","특정계층이용시설","회원이용시설","구룡경로당","서울특별시 금천구 독산동 남부순환로122길  5   (독산동)","서울특별시 금천구 독산동 952-25","99.84","20","","126.9022011","37.4791717","191349.68623877","542196.94842852"
"2026","1154561000","특정계층이용시설","회원이용시설","문성경로당","서울특별시 금천구 독산동 독산로93길  18   (독산동)","서울특별시 금천구 독산동 980-44","117.00","20","","126.9022738","37.4740450","191355.52606507","541627.94655254"
"2026","1154563000","공공시설","공공청사","독산3동주민센터","서울특별시 금천구 독산로 317","서울특별시 금천구 독산동 973-17","193.00","100","","126.9031743","37.4751601","191435.30800826","541751.62543192"
"2026","1154564000","공공시설","복지?문화?체육시설","금천구민문화체육센터","서울특별시 금천구 독산로54길 188 (금천구민문화체육센터)","서울특별시 금천구 독산동 371-2","40.00","10","","126.9072630","37.4701380","191796.42412077","541193.87582378"
"2026","1154564000","생활밀착민간시설","종교시설","예수비전교회","서울특별시 금천구 가산로 9","서울특별시 금천구 독산동 199-11","17.00","10","","126.9017510","37.4708570","191308.91210703","541274.16951437"
"2026","1154564000","특정계층이용시설","회원이용시설","대덕트윈빌아파트경로당","서울특별시 금천구 시흥대로112길 6 (대덕트윈빌 101동)","서울특별시 금천구 독산동 1028","","","","126.8990290","37.4673390","191067.70585554","540883.97367510"
"2026","1154562000","생활밀착민간시설","금융기관","다원새마을금고","서울특별시 금천구 독산로 192 (독산동)","서울특별시 금천구 독산동 378-395","12.00","10","","126.9032961","37.4641864","191444.83127298","540533.68172835"
"2026","1154562000","공공시설","복지?문화?체육시설","금천평생학습관독산","서울특별시 금천구 범안로 1240-7 (독산동)","서울특별시 금천구 독산동 1035-13","20.00","25","","126.8997663","37.4660982","191132.78379961","540746.19201624"
"2026","1154564000","공공시설","복지?문화?체육시설","책달샘숲속작은도서관","서울특별시 금천구 독산로54길 188 (금천구민문화체육센터)","서울특별시 금천구 독산동 371-2","12.00","15","","126.9072630","37.4701380","191796.42412077","541193.87582378"
"2026","1154564000","공공시설","복지?문화?체육시설","금천구립독산도서관(1층로비)","서울특별시 금천구 독산로54길 114 (금천구립독산도서관)","서울특별시 금천구 독산동 375-2","33.00","10","1,3번째 월요일, 공휴일 휴관","126.9080760","37.4674960","191868.05646450","540900.57902082"
"2026","1154564000","특정계층이용시설","기타","금천호암노인종합복지관","서울특별시 금천구 독산로72길 86-5","서울특별시 금천구 독산동 917","779.00","30","","126.9064470","37.4695383","191724.17409522","541127.38860394"
"2026","1154561000","특정계층이용시설","회원이용시설","정심경로당","서울특별시 금천구 독산로75길 12-7 (정심경로당 소망공원)","서울특별시 금천구 독산동 196-8","117.00","20","","126.9016650","37.4693760","191301.13294334","541109.80642250"
"2026","1154561000","공공시설","공공청사","독산4동주민센터","서울특별시 금천구 독산로 232 (독산4동주민센터)","서울특별시 금천구 독산동 1022","33.00","30","","126.9021490","37.4675600","191343.73895302","540908.21037264"
"2026","1154564000","특정계층이용시설","회원이용시설","감로천경로당","서울특별시 금천구 독산로72길 86-5 (독산동)","서울특별시 금천구 독산동 917","150.00","20","","126.9064000","37.4695000","191720.01218575","541123.14195180"
"2026","1154567000","특정계층이용시설","회원이용시설","목련아파트경로당","서울특별시 금천구 금하로3길 26 (시흥목련아파트103동)","서울특별시 금천구 시흥동 1009","","","","126.8975960","37.4545350","190939.39217541","539463.04134087"
"2026","1154567000","생활밀착민간시설","금융기관","국민은행금천지점","서울특별시 금천구 시흥대로 202 (시흥동)","서울특별시 금천구 시흥동 890-6","24.00","25","","126.9020489","37.4519311","191333.08016000","539173.62545967"
"2026","1154567000","생활밀착민간시설","금융기관","농협시흥동지점","서울특별시 금천구 시흥대로 213-2 (시흥동)","서울특별시 금천구 시흥동 993-3","13.00","16","","126.9008124","37.4529212","191223.78768493","539283.62733779"
"2026","1154567000","생활밀착민간시설","금융기관","우리은행금천구청지점","서울특별시 금천구 시흥대로73길 70 (시흥동)","서울특별시 금천구 시흥동 1020","18.00","20","","126.8948525","37.4564983","190696.89303954","539681.20801458"
"2026","1154567000","생활밀착민간시설","금융기관","신한은행시흥점","서울특별시 금천구 시흥대로 230 (시흥동)","서울특별시 금천구 시흥동 883-5","18.00","20","","126.9012201","37.4544287","191260.03678757","539450.90114823"
"2026","1154567000","특정계층이용시설","기타","금천구지체장애인쉼터","서울특별시 금천구 시흥대로59길 13 (시흥동, 백운플러스타워)","서울특별시 금천구 시흥동 992-8","253.66","50","","126.9000000","37.4534000","191151.96214902","539336.84351211"
"2026","1154567000","특정계층이용시설","기타","금천구시각장애인쉼터","서울특별시 금천구 시흥대로77길 23 (시흥동, 시흥베르빌아파트)","서울특별시 금천구 시흥동 1015","152.47","30","","126.8984574","37.4581271","191016.03773720","539861.63259511"
"2026","1154567000","특정계층이용시설","기타","금천어울림복지센터(1층로비)","서울특별시 금천구 시흥대로73길 30 (시흥동)","서울특별시 금천구 시흥동 113-142","60.19","24","","126.8975636","37.4570167","190936.82492861","539738.47903532"
"2026","1154567000","특정계층이용시설","회원이용시설","대명경로당","서울특별시 금천구 독산로11길 4 (시흥동)","서울특별시 금천구 시흥동 895-5","95.88","30","","126.9055948","37.4522270","191646.86184891","539206.14600455"
"2026","1154567000","공공시설","공공청사","시흥1동주민센터","서울특별시 금천구 시흥동 시흥대로58길  36   (시흥동)","서울특별시 금천구 시흥동 886-6","308.00","300","","126.9032370","37.4535702","191438.39260714","539355.43429750"
"2026","1154567000","생활밀착민간시설","종교시설","산돌북카페","서울특별시 금천구 시흥대로75길 16","서울특별시 금천구 시흥동 108-28","100.00","20","","126.8983380","37.4574520","191005.39298753","539786.71714524"
"2026","1153077000","공공시설","공공청사","오류1동주민센터","서울특별시 구로구 경인로27길 10","서울특별시 구로구 오류동 31-11","1,287.00","390","","126.8452791","37.4972542","186318.23039188","544210.62034517"
"2026","1153077000","생활밀착민간시설","금융기관","오류동경서농협","서울특별시 구로구 고척로6길 66","서울특별시 구로구 오류동 12-1","60.00","18","","126.8422897","37.4959680","186053.64224846","544068.30749230"
"2026","1153078000","특정계층이용시설","회원이용시설","경남아너스빌(아)경로당(오류2동)","서울특별시 구로구 오류로 65 (경남아너스빌 101동)","서울특별시 구로구 오류동 344","","","","126.8398030","37.4906170","185832.73195547","543474.78727483"
"2026","1153078000","특정계층이용시설","회원이용시설","영풍마드레빌(아)경로당","서울특별시 구로구 경인로8길 64 (영풍마드레빌아파트 112동)","서울특별시 구로구 오류동 342","","","","126.8385690","37.4915700","185723.78257258","543580.74429582"
"2026","1153078000","특정계층이용시설","회원이용시설","천왕연지타운1단지(아)경로당","서울특별시 구로구 오류로 30 (천왕연지타운1단지 106동)","서울특별시 구로구 천왕동 280","","","","126.8405650","37.4857900","185899.21336181","542938.93897399"
"2026","1153078000","특정계층이용시설","회원이용시설","천왕이펜하우스6단지(아)경로당","서울특별시 구로구 천왕로 9 (천왕이펜하우스6단지 상가)","서울특별시 구로구 천왕동 275","","","","126.8409720","37.4783660","185933.81771830","542114.91200807"
"2026","1153078000","특정계층이용시설","회원이용시설","천왕이펜하우스5단지(아)경로당","서울특별시 구로구 천왕로 10 (천왕 이펜하우스 5단지 503동)","서울특별시 구로구 천왕동 277","","","","126.8417450","37.4798130","186002.46027895","542275.39465200"
"2026","1153078000","특정계층이용시설","회원이용시설","천왕이펜하우스4단지(아)경로당","서울특별시 구로구 천왕로 29 (천왕 이펜하우스 4단지 403동)","서울특별시 구로구 천왕동 273","","","","126.8383330","37.4801370","185700.73289106","542311.86704426"
"2026","1153078000","특정계층이용시설","회원이용시설","천왕이펜하우스3단지(아)경로당","서울특별시 구로구 천왕로 56 (천왕 이펜하우스 3단지 303동)","서울특별시 구로구 천왕동 278","","","","126.8404360","37.4821800","185887.12528909","542538.29578140"
"2026","1153078000","특정계층이용시설","회원이용시설","천왕이펜하우스2단지(아)경로당","서울특별시 구로구 천왕로 92 (천왕이펜하우스2단지 201동)","서울특별시 구로구 천왕동 279","","","","126.8393200","37.4846150","185788.88015064","542808.71659235"
"2026","1153078000","특정계층이용시설","회원이용시설","천왕이펜하우스1단지(아)경로당","서울특별시 구로구 천왕로 91 (천왕 이펜하우스 1단지 104동)","서울특별시 구로구 천왕동 282","","","","126.8371100","37.4860110","185593.68768733","542963.99014333"
"2026","1153078000","특정계층이용시설","회원이용시설","우림필유(아)경로당","서울특별시 구로구 서해안로 2368 (우림필유 노인정)","서울특별시 구로구 오류동 348","","","","126.8465830","37.4939970","186432.94344598","543848.92456384"
"2026","1153078000","특정계층이용시설","회원이용시설","오류대우푸르지오(아)경로당","서울특별시 구로구 오류로8길 11 (오류동푸르지오 관리실)","서울특별시 구로구 오류동 346","","","","126.8415730","37.4918000","185989.48569802","543605.81997192"
"2026","1153078000","특정계층이용시설","회원이용시설","금강수목원(아)경로당","서울특별시 구로구 오리로 1197 (금강수목원아파트 104동)","서울특별시 구로구 오류동 343","","","","126.8323250","37.4882670","185170.93849571","543215.11957479"
"2026","1153078000","특정계층이용시설","회원이용시설","삼천리(아)경로당","서울특별시 구로구 경인로8길 75 (삼천리아파트 103동)","서울특별시 구로구 오류동 340","","","","126.8386980","37.4923450","185735.33813617","543666.73966549"
"2026","1153078000","특정계층이용시설","회원이용시설","금강(아)경로당","서울특별시 구로구 서해안로34가길 18 (금강아파트 상가동)","서울특별시 구로구 오류동 335","","","","126.8477530","37.4927030","186536.17731197","543705.13937946"
"2026","1153078000","특정계층이용시설","회원이용시설","가든빌라(아)경로당","서울특별시 구로구 경인로 83 (서울가든빌라 3동)","서울특별시 구로구 오류동 97-4","","","","126.8313910","37.4922940","185089.13662196","543662.21167067"
"2026","1153078000","생활밀착민간시설","금융기관","오류2동경서농협천왕역지점","서울특별시 구로구 오류로 54-3 (자애빌딩)","서울특별시 구로구 오류동 170-12","130.00","12","","126.8402340","37.4898190","185870.69781904","543386.15490070"
"2026","1153078000","특정계층이용시설","회원이용시설","오류2동은빛경로당","서울특별시 구로구 오리로10길 44-28","서울특별시 구로구 오류동 172-59","","","","126.8392990","37.4877570","185787.61806455","543157.44057358"
"2026","1153078000","특정계층이용시설","회원이용시설","천왕연지타운2단지(아)경로당","서울특별시 구로구 오리로 1102-10 (천왕연지타운2단지 201동)","서울특별시 구로구 천왕동 281","","","","126.8450280","37.4831340","186293.44607709","542643.49882503"
"2026","1153078000","특정계층이용시설","회원이용시설","천왕이펜하우스8단지(아)경로당","서울특별시 구로구 금오로 882 (천왕이펜하우스8단지 801동)","서울특별시 구로구 천왕동 276-2","","","","126.8423670","37.4765100","186056.86209092","541908.71318291"
"2026","1153078000","특정계층이용시설","회원이용시설","오정경로당","서울특별시 구로구 오리로13가길 30 (동보아파트상가)","서울특별시 구로구 오류동 337","90.00","27","","126.8302840","37.4895700","184990.69443278","543360.05902403"
"2026","1153078000","공공시설","공공청사","오류2동주민센터","서울특별시 구로구 오류로 45","서울특별시 구로구 오류동 172-76","458.00","138","","126.8394745","37.4887627","185803.32960353","543269.03364917"
"2026","1153078000","특정계층이용시설","회원이용시설","오리골경로당","서울특별시 구로구 오류로 54 (성민빌딩)","서울특별시 구로구 오류동 168-7","165.00","60","","126.8400420","37.4895420","185853.66557426","543355.44034821"
"2026","1153078000","생활밀착민간시설","금융기관","오류2동새마을금고","서울특별시 구로구 오류로 70 (오류동)","서울특별시 구로구 오류동 156-100","204.00","61","","126.8408461","37.4907352","185925.00234927","543487.74946581"
"2026","1153078000","특정계층이용시설","회원이용시설","응골경로당","서울특별시 구로구 서해안로 2340-11 (화신연립)","서울특별시 구로구 오류동 137-7","68.00","20","","126.8446600","37.4934550","186262.78827350","543789.04849371"
"2026","1153078000","특정계층이용시설","회원이용시설","오류2동경로당","서울특별시 구로구 오류로8라길 3 (오류동)","서울특별시 구로구 오류동 303","83.00","25","","126.8427747","37.4916023","186095.72163117","543583.69966985"
"2026","1153079000","공공시설","복지?문화?체육시설","궁동어린이도서관","서울특별시 구로구 오리로 1352 (궁동어린이도서관)","서울특별시 구로구 궁동 40-1","","120","","126.8293140","37.5021900","184907.44961332","544760.87116843"
"2026","1153077000","생활밀착민간시설","금융기관","새마을금고(온수지점)","서울특별시 구로구 부일로1길 30 (온수동)","서울특별시 구로구 온수동 22-1","99.00","10","","126.8204730","37.4924190","184123.63371014","543677.87044438"
"2026","1153079000","특정계층이용시설","회원이용시설","궁동빌라경로당","서울특별시 구로구 부일로19길 34 (노인정)","서울특별시 구로구 궁동 197-1","","","","126.8364880","37.4946090","185540.33422640","543918.35149198"
"2026","1153079000","특정계층이용시설","회원이용시설","온수힐스테이트(아)경로당","서울특별시 구로구 부일로9길 127 (온수 힐스테이트 104동)","서울특별시 구로구 온수동 155","","","","126.8215420","37.4962010","184218.96597850","544097.44378806"
"2026","1153079000","특정계층이용시설","회원이용시설","동진빌라경로당","서울특별시 구로구 경인로 19 (온수동)","서울특별시 구로구 온수동 44-1","33.00","10","","126.8248465","37.4903603","184509.97683644","543448.65285270"
"2026","1153079000","특정계층이용시설","회원이용시설","성원빌라경로당","서울특별시 구로구 경인로 15-7 (온수동, 성원빌라)","서울특별시 구로구 온수동 45-32","33.00","10","","126.8233651","37.4896612","184378.82079960","543371.30663716"
"2026","1147064000","특정계층이용시설","회원이용시설","신정대성유니드1차아파트경로당(사립)","서울특별시 양천구 중앙로29길 102 (대성유니드아파트 103동)","서울특별시 양천구 신정동 1198-23","77.30","22","","126.8488590","37.5206700","186638.97077706","546808.96256544"
"2026","1147064000","특정계층이용시설","회원이용시설","푸른마을4단지아파트경로당(사립)","서울특별시 양천구 신정로7길 60-7 (푸른마을4단지아파트 403동)","서울특별시 양천구 신정동 1285","71.34","25","","126.8391420","37.5136440","185778.64353428","546030.58900895"
"2026","1147064000","특정계층이용시설","회원이용시설","푸른마을3단지아파트경로당(사립)","서울특별시 양천구 신정로11길 63 (푸른마을 3단지아파트 관리동)","서울특별시 양천구 신정동 1283","96.69","43","","126.8372190","37.5119240","185608.30191152","545839.98308494"
"2026","1147064000","특정계층이용시설","회원이용시설","푸른마을1단지아파트경로당(사립)","서울특별시 양천구 신정로7길 70 (푸른마을 1단지아파트 104동)","서울특별시 양천구 신정동 1282","73.50","51","","126.8362800","37.5127310","185525.43938288","545929.69394282"
"2026","1147064000","특정계층이용시설","회원이용시설","학마을3단지아파트경로당(사립)","서울특별시 양천구 신정로 225-12 (학마을3단지아파트 경비실)","서울특별시 양천구 신정동 1291","92.40","26","","126.8467770","37.5114110","186453.24601542","545781.62757183"
"2026","1147064000","특정계층이용시설","회원이용시설","학마을2단지아파트경로당(사립)","서울특별시 양천구 신정로14길 1 (학마을아파트 상가동)","서울특별시 양천구 신정동 1294","152.83","30","","126.8452300","37.5096290","186316.14723372","545584.07197764"
"2026","1147064000","특정계층이용시설","회원이용시설","학마을1단지아파트경로당(사립)","서울특별시 양천구 신정로14길 6 (학마을아파트)","서울특별시 양천구 신정동 1293","110.40","27","","126.8448250","37.5083030","186280.09680335","545436.96177487"
"2026","1147064000","특정계층이용시설","회원이용시설","신정5차현대아파트경로당(사립)","서울특별시 양천구 신정로 300 (신정5차현대아파트)","서울특별시 양천구 신정동 1273","97.41","39","","126.8542910","37.5128840","187117.82743796","545944.05668267"
"2026","1147064000","특정계층이용시설","회원이용시설","신트리4단지아파트경로당(사립)","서울특별시 양천구 신정로 260 (신트리4단지아파트 관리동)","서울특별시 양천구 신정동 1277","138.12","20","","126.8501240","37.5109910","186749.08695461","545734.53627962"
"2026","1147064000","특정계층이용시설","회원이용시설","신트리3단지아파트경로당(사립)","서울특별시 양천구 신정로 290 (신트리3단지아파트 303동)","서울특별시 양천구 신정동 1276","87.10","33","","126.8533570","37.5120270","187035.10395588","545849.06879559"
"2026","1147064000","특정계층이용시설","회원이용시설","신트리2단지아파트경로당(사립)","서울특별시 양천구 신정로 275 (신트리2단지아파트 204동)","서울특별시 양천구 신정동 1258","127.35","42","","126.8528440","37.5133280","186989.97476965","545993.53417464"
"2026","1147064000","특정계층이용시설","회원이용시설","신트리1단지아파트경로당(사립)","서울특별시 양천구 신정로 293 (신트리1단지아파트 관리실)","서울특별시 양천구 신정동 1259","182.40","40","","126.8549590","37.5142690","187177.12249302","546097.68296364"
"2026","1147064000","특정계층이용시설","회원이용시설","수정아파트경로당(사립)","서울특별시 양천구 신정로13길 35 (수정아파트)","서울특별시 양천구 신정동 733-31","49.50","18","","126.8417790","37.5131560","186011.68815373","545976.03184832"
"2026","1147064000","특정계층이용시설","회원이용시설","신정6차현대아파트경로당(사립)","서울특별시 양천구 신정로 170 (현대6차아파트 101동)","서울특별시 양천구 신정동 743-2","135.23","23","","126.8407370","37.5077480","185918.54900969","545375.96770682"
"2026","1147064000","공공시설","복지?문화?체육시설","양천중앙도서관","서울특별시 양천구 신정로7길 81 (신정동)","서울특별시 양천구 신정동 1319-4","5,666.00","116","금요일 휴관","126.8336150","37.5136753","185290.01066727","546034.91266070"
"2026","1147064000","공공시설","공공청사","신정3동주민센터","서울특별시 양천구 신정동 중앙로  209 ,  신정3동주민센터 (신정동)","서울특별시 양천구 신정동 1263","1,762.00","300","","126.8548000","37.5151000","187163.20784649","546189.93517973"
"2026","1147064000","특정계층이용시설","회원이용시설","꽃사슴(신정3동구립)경로당","서울특별시 양천구 중앙로29길 108-15","서울특별시 양천구 신정동 1195","99.78","20","","126.8485000","37.5216000","186607.40099422","546912.23202208"
"2026","1150052000","공공시설","공공청사","등촌1동주민센터","서울특별시 강서구  공항대로53가길  55   (등촌동)","서울특별시 강서구 등촌동 642-1","259.00","52","","126.8589082","37.5558314","187533.18676268","550710.07077006"
"2026","1150060300","특정계층이용시설","회원이용시설","성재정어르신사랑방","서울특별시 강서구 강서로74길 11","서울특별시 강서구 등촌동 747","257.00","51","","126.8418870","37.5677280","186031.42089325","552032.84794476"
"2026","1150053000","특정계층이용시설","회원이용시설","등촌동아이파크2단지어르신사랑방","서울특별시 강서구 등촌로 163 (등촌동아이파크 상가)","서울특별시 강서구 등촌동 715","101.14","31","","126.8602100","37.5439060","187646.24525259","549386.32187709"
"2026","1150053000","특정계층이용시설","회원이용시설","태진아름(아)어르신사랑방","서울특별시 강서구 등촌로53길 39 (태진아름아파트 노인정, 관리실)","서울특별시 강서구 등촌동 677","62.70","19","","126.8617390","37.5494920","187782.28037923","550006.10105341"
"2026","1150053000","특정계층이용시설","회원이용시설","등촌아이파크1단지(아)어르신사랑방","서울특별시 강서구 등촌로 163 (등촌동아이파크 상가)","서울특별시 강서구 등촌동 715","99.20","30","","126.8602040","37.5438400","187645.70411919","549378.99746079"
"2026","1150053000","특정계층이용시설","회원이용시설","등촌임광(아)어르신사랑방","서울특별시 강서구 등촌로 113 (그린임광아파트 경로당)","서울특별시 강서구 등촌동 583-1","99.20","30","","126.8634680","37.5403310","187933.59066031","548989.11701510"
"2026","1150053000","특정계층이용시설","회원이용시설","등촌동대림(아)어르신사랑방","서울특별시 강서구 등촌로 137 (대림아파트 관리사무실)","서울특별시 강서구 등촌동 561-1","42.64","13","","126.8628620","37.5420540","187880.31253707","549180.42709480"
"2026","1150053000","특정계층이용시설","회원이용시설","삼형그레이스빌(아)","서울특별시 강서구 등촌로 91 (삼형그레이스빌 관리실)","서울특별시 강서구 등촌동 564-7","23.00","35","","126.8632170","37.5383290","187911.08458999","548766.95155793"
"2026","1150053000","특정계층이용시설","회원이용시설","두보(하이츠)빌라","서울특별시 강서구 등촌로39가길 42","서울특별시 강서구 등촌동 515-44","22.00","21","","126.8579683","37.5457389","187448.44520489","549590.04862260"
"2026","1150053000","특정계층이용시설","회원이용시설","능안어르신사랑방","서울특별시 강서구 등촌로39마길 3","서울특별시 강서구 등촌동 517-1","60.00","12","","126.8600937","37.5465037","187636.39640619","549674.65062504"
"2026","1150053000","공공시설","공공청사","등촌2동주민센터","서울특별시 강서구  등촌로  143   (등촌동)","서울특별시 강서구 등촌동 560-12","248.00","50","","126.8625052","37.5426581","187848.87806015","549247.52094509"
"2026","1150053500","공공시설","복지?문화?체육시설","등빛도서관","서울특별시 강서구 강서로62길 48 (강서구립등빛도서관)","서울특별시 강서구 등촌동 690-1","","","","126.8423820","37.5624270","186074.16521274","551444.42512254"
"2026","1150053500","특정계층이용시설","회원이용시설","등촌5단지(아)어르신사랑방","서울특별시 강서구 공항대로39길 74 (등촌5단지주공아파트 관리실, 노인정)","서울특별시 강서구 등촌동 695-2","123.00","38","","126.8442170","37.5597760","186235.80319842","551149.92484315"
"2026","1150053500","특정계층이용시설","회원이용시설","등촌월드메르디앙(아)어르신사랑방","서울특별시 강서구 양천로 420 (등촌동월드메르디앙아파트 101동)","서울특별시 강서구 등촌동 711","33.00","10","","126.8472370","37.5646480","186503.51417238","551690.22192636"
"2026","1150053500","특정계층이용시설","회원이용시설","대림(아)어르신사랑방","서울특별시 강서구 공항대로39길 100 (대림아파트 108동)","서울특별시 강서구 등촌동 694","144.00","44","","126.8467490","37.5626180","186460.03235344","551464.98579253"
"2026","1150053500","특정계층이용시설","회원이용시설","미주진로(아)어르신사랑방","서울특별시 강서구 공항대로 351-21 (미주진로아파트 108동)","서울특별시 강서구 등촌동 701","165.00","50","","126.8478180","37.5602610","186554.05667143","551203.23290980"
"2026","1150053500","특정계층이용시설","회원이용시설","등촌10단지(아)어르신사랑방","서울특별시 강서구 화곡로63가길 67 (등촌주공10단지아파트 상가동)","서울특별시 강서구 등촌동 702-3","55.00","16","","126.8485460","37.5616660","186618.62996697","551359.06755454"
"2026","1150057000","공공시설","복지?문화?체육시설","화곡청소년센터","서울특별시 강서구 곰달래로57가길 26 (시립청소년수련관및 화곡4동주민자치센터)","서울특별시 강서구 화곡동 809-3","","","","126.8607910","37.5345620","187696.05509636","548349.17512479"
"2026","1150057000","특정계층이용시설","회원이용시설","태영방송인(아)경로당","서울특별시 강서구 등촌로13자길 74 (태영방송인아파트 관리실)","서울특별시 강서구 화곡동 1140","36.00","28","","126.8537910","37.5374590","187077.86179033","548671.64565173"
"2026","1150057000","특정계층이용시설","회원이용시설","무지개어르신사랑방","서울특별시 강서구  곰달래로57가길  19   (화곡동)","서울특별시 강서구 화곡동 810-6","197.00","39","","126.8608809","37.5340486","187703.91659333","548292.18224669"
"2026","1150061500","특정계층이용시설","회원이용시설","신곡어르신사랑방","서울특별시 강서구  곰달래로49길  130   (화곡동)","서울특별시 강서구 화곡동 466-9","517.00","103","","126.8544826","37.5366873","187138.85378128","548585.90153412"
"2026","1150057000","특정계층이용시설","회원이용시설","화친어르신사랑방","서울특별시 강서구  강서로8길  203   (화곡동)","서울특별시 강서구 화곡동 792-9","96.00","19","","126.8594132","37.5311046","187573.70498867","547965.62725589"
"2026","1150061500","공공시설","공공청사","화곡4동주민센터","서울특별시 강서구  곰달래로57가길  26   (화곡동)","서울특별시 강서구 화곡동 809-3","1,327.00","265","","126.8607325","37.5346082","187690.89218245","548354.31041516"
"2026","1150059000","특정계층이용시설","회원이용시설","초록동경로당","서울특별시 강서구 초록마을로14길 36 (초록동경로당)","서울특별시 강서구 화곡동 55-79","431.00","86","","126.8485140","37.5411810","186612.13899551","549085.48075285"
"2026","1150059000","특정계층이용시설","회원이용시설","거성경로당","서울특별시 강서구 초록마을로 65","서울특별시 강서구 화곡동 50-120","59.00","22","","126.8499746","37.5427671","186741.50322640","549261.31174796"
"2026","1150059000","특정계층이용시설","회원이용시설","봉제어르신사랑방","서울특별시 강서구 화곡동 산 47-16","서울특별시 강서구 화곡동 산 47-16","90.00","18","","126.8517011","37.5457427","186894.60367216","549591.32549437"
"2026","1150059000","특정계층이용시설","회원이용시설","화촌어르신사랑방","서울특별시 강서구  까치산로4길  30-21  (화곡동)","서울특별시 강서구 화곡동 105-382","194.00","39","","126.8445000","37.5407000","186257.30566635","549032.67464390"
"2026","1150061500","공공시설","공공청사","화곡본동주민센터","서울특별시 강서구  초록마을로5길  29   (화곡동)","서울특별시 강서구 화곡동 46-148","372.00","74","","126.8476296","37.5440288","186534.49062046","549401.67849935"
"2026","1150059100","특정계층이용시설","특수근로자 쉼터","강서구플랫폼노동자쉼터1호점","서울특별시 강서구 공항대로46길 14-2 (거리가게11)","서울특별시 강서구 화곡동 1109","13.20","30","","126.8533140","37.5546910","187038.68777175","550584.25650930"
"2026","1150059100","공공시설","공공청사","강서구청","서울특별시 강서구 화곡로 302  (화곡동)","서울특별시 강서구 화곡동 980-16","45.00","13","본관 1층 휴게공간 ","126.8496037","37.5508890","186710.16689209","550162.79769849"
"2026","1150059100","특정계층이용시설","회원이용시설","우장산어르신사랑방","서울특별시 강서구  화곡로53길  56-10  (화곡동)","서울특별시 강서구 화곡동 994-5","91.00","18","","126.8464445","37.5520230","186431.20825015","550289.10951169"
"2026","1150059100","특정계층이용시설","회원이용시설","중앙어르신사랑방","서울특별시 강서구  화곡로44가길  52-4  (화곡동)","서울특별시 강서구 화곡동 978-18","90.00","18","","126.8489572","37.5497762","186652.84017607","550039.38174737"
"2026","1150061500","특정계층이용시설","회원이용시설","연지어르신사랑방","서울특별시 강서구  화곡로58길  30-7  (화곡동)","서울특별시 강서구 화곡동 1121-19","197.00","39","","126.8525990","37.5524298","186975.11614364","550333.38895185"
"2026","1150059100","공공시설","공공청사","화곡6동주민센터","서울특별시 강서구 공항대로46길 105 (화곡제6동 주민센터)","서울특별시 강서구 화곡동 1176-1","209.76","42","","126.8509650","37.5515490","186830.57494591","550235.85827227"
"2026","1150059300","공공시설","복지?문화?체육시설","곰달래도서관","서울특별시 강서구 강서로5길 50 (복지문화센터및공영주차장)","서울특별시 강서구 화곡동 890","","","정기휴관일: 매주 금요일, 법적공휴일 ","126.8489080","37.5290460","186644.79565234","547738.58779174"
"2026","1150059300","특정계층이용시설","회원이용시설","화곡일심어르신사랑방","서울특별시 강서구 곰달래로30길 14","서울특별시 강서구 화곡동 878-3","92.52","28","","126.8514336","37.5302272","186868.24369727","547869.33083672"
"2026","1150061500","특정계층이용시설","회원이용시설","안골어르신사랑방","서울특별시 강서구  강서로18아길  15-9  (화곡동)","서울특별시 강서구 화곡동 155-1","122.00","24","","126.8507451","37.5360294","186808.40927064","548513.40036225"
"2026","1150061500","특정계층이용시설","회원이용시설","약수어르신사랑방","서울특별시 강서구  초록마을로32길  32   (화곡동)","서울특별시 강서구 화곡동 409-84","93.00","19","","126.8475012","37.5380028","186522.05877288","548732.88373978"
"2026","1150061500","특정계층이용시설","회원이용시설","화곡어르신사랑방","서울특별시 강서구  강서로12길  15-10  (화곡동)","서울특별시 강서구 화곡동 341-41","223.00","45","","126.8477528","37.5321090","186543.23636577","548078.70781816"
"2026","1150061500","공공시설","공공청사","화곡8동주민센터","서울특별시 강서구 곰달래로25길 45","서울특별시 강서구 화곡동 341-4","309.00","62","","126.8483058","37.5327177","186592.22370126","548146.18708041"
"2026","1150060300","특정계층이용시설","회원이용시설","한강자이아파트경로당","서울특별시 강서구 양천로55길 55 (강서한강자이 101동)","서울특별시 강서구 가양동 1500","38.72","12","","126.8487600","37.5660490","186638.32029299","551845.49900269"
"2026","1150060300","특정계층이용시설","회원이용시설","한솔솔파크(아)어르신사랑방","서울특별시 강서구 양천로30길 77 (한솔솔파크아파트 경비실)","서울특별시 강서구 마곡동 716","59.08","18","","126.8232430","37.5696020","184384.69650094","552243.77503658"
"2026","1150060300","특정계층이용시설","회원이용시설","마곡엠밸리4단지(아)어르신사랑방","서울특별시 강서구 마곡서로 175 (마곡엠밸리4단지 404동)","서울특별시 강서구 마곡동 738","174.81","53","","126.8245190","37.5693990","184497.38061847","552221.03310210"
"2026","1150060300","특정계층이용시설","회원이용시설","마곡벽산(아)어르신사랑방","서울특별시 강서구 양천로47길 118 (마곡벽산아파트 관리사무소, 노인정)","서울특별시 강서구 마곡동 429","81.00","25","","126.8378340","37.5756580","185674.87510752","552913.59694574"
"2026","1150060300","특정계층이용시설","회원이용시설","한보구암(아)어르신사랑방","서울특별시 강서구 허준로 76 (한보구암마을아파트 관리사무소, 노인정)","서울특별시 강서구 가양동 1495","115.32","35","","126.8489450","37.5681600","186655.04120208","552079.76923015"
"2026","1150060300","특정계층이용시설","회원이용시설","한강타운(아)어르신사랑방","서울특별시 강서구 허준로 23 (한강아파트 106동)","서울특별시 강서구 가양동 1460","158.00","48","","126.8449810","37.5713640","186305.42791337","552435.94655396"
"2026","1150060300","특정계층이용시설","회원이용시설","가양2단지(아)어르신사랑방","서울특별시 강서구 허준로 47 (가양2단지아파트 204동)","서울특별시 강서구 가양동 1461","252.76","77","","126.8471660","37.5704820","186498.29444417","552337.73852133"
"2026","1150060300","특정계층이용시설","회원이용시설","가양1단지(아)어르신사랑방","서울특별시 강서구 강서로 532 (동신아파트,대아아파트 노인정)","서울특별시 강서구 가양동 1459","247.00","75","","126.8433840","37.5721780","186164.49742975","552526.52513552"
"2026","1150060300","공공시설","공공청사","가양1동주민센터","서울특별시 강서구 허준로 30","서울특별시 강서구 가양동 1462-3","2,388.00","478","","126.8446542","37.5695181","186276.21928199","552231.12061577"
"2026","1150060300","특정계층이용시설","회원이용시설","마곡어르신사랑방","서울특별시 강서구 양천로30길 20","서울특별시 강서구 마곡동 326-32","190.00","38","","126.8226000","37.5723000","184328.45701392","552543.32908469"
"2026","1150060300","특정계층이용시설","회원이용시설","후포어르신사랑방","서울특별시 강서구 양천로47길 104","서울특별시 강서구 마곡동 5-37","286.00","57","","126.8370540","37.5749030","185605.82751553","552829.91978319"
"2026","1150060400","특정계층이용시설","회원이용시설","가양중앙하이츠(아)어르신사랑방","서울특별시 강서구 허준로 55-20 (가양중앙하이츠아파트 노인,관리동)","서울특별시 강서구 가양동 1467","38.72","12","","126.8492600","37.5697730","186683.15707873","552258.74889083"
"2026","1150060400","특정계층이용시설","회원이용시설","대림경동(아)어르신사랑방","서울특별시 강서구 허준로 121 (대림경동아파트 105동)","서울특별시 강서구 가양동 1474","107.00","32","","126.8541360","37.5662240","187113.30700606","551864.17119394"
"2026","1150060400","특정계층이용시설","회원이용시설","강변(아)어르신사랑방","서울특별시 강서구 허준로 139 (강변아파트 310동)","서울특별시 강서구 가양동 1475","132.00","40","","126.8557940","37.5651060","187259.59653376","551739.86013861"
"2026","1150060400","특정계층이용시설","회원이용시설","가양우성(아)어르신사랑방","서울특별시 강서구 양천로 489 (가양우성아파트 상가동)","서울특별시 강서구 가양동 14-3","110.00","33","","126.8543750","37.5621980","187133.72964407","551417.29939273"
"2026","1150060400","특정계층이용시설","회원이용시설","가양4단지(아)어르신사랑방","서울특별시 강서구  양천로57길  37   (가양동, 가양도시개발공사아파트)","서울특별시 강서구 가양동 1478","226.00","45","","126.8526487","37.5646862","186981.64035716","551693.69827363"
"2026","1150060400","특정계층이용시설","회원이용시설","가양5종합사회복지관장수경로당","서울특별시 강서구 양천로57길 36 (가양5단지아파트 501동)","서울특별시 강서구 가양동 1481","164.00","33","","126.8534500","37.5643670","187052.37931341","551658.16009713"
"2026","1150060400","공공시설","공공청사","가양2동주민센터","서울특별시 강서구 허준로 93","서울특별시 강서구 가양동 1472-4","1,953.00","391","","126.8512612","37.5673814","186859.52930893","551993.02725449"
"2026","1150060400","공공시설","복지?문화?체육시설","가양4종합사회복지관","서울특별시 강서구 양천로57길 37","서울특별시 강서구 가양동 1478","210.00","94","1층 건강해짐  2층 사각사각 마을거실  평일 09:00~18:00 ","126.8527306","37.5646420","186988.86846798","551688.78124671"
"2026","1150060400","공공시설","복지?문화?체육시설","가양5종합사회복지관","서울특별시 강서구 양천로57길 36","서울특별시 강서구 가양동 1481","210.00","94","복지관 내 가람작은도서관(1층) 무더위쉼터 로 운영  폭염대책기간 운영 시간 9시~18시","126.8535000","37.5642000","187056.76789850","551639.61815676"
"2026","1150060500","공공시설","복지?문화?체육시설","가양도서관","서울특별시 강서구 양천로61길 101 (가양레포츠센터,가양도서관,빗물펌프장)","서울특별시 강서구 가양동 1493","","","정기휴관일: 금요일, 법적공휴일 ","126.8652660","37.5594870","188095.54119944","551114.97502621"
"2026","1150060500","특정계층이용시설","회원이용시설","가양7종합사회복지관정우경로당","서울특별시 강서구 허준로 209","서울특별시 강서구 가양동 1486","94.00","19","","126.8613310","37.5618760","187748.25424074","551380.63165492"
"2026","1150060500","공공시설","공공청사","가양3동주민센터","서울특별시 강서구 허준로 202","서울특별시 강서구 가양동 1488-1","478.00","96","","126.8605400","37.5610580","187678.23270407","551289.94664819"
"2026","1150060500","공공시설","복지?문화?체육시설","가양7종합사회복지관","서울특별시 강서구 허준로 209","서울특별시 강서구 가양동 1486","90.00","36","무더위쉼터: 복지관 내 2층 운영 ","126.8623810","37.5612988","187840.93055611","551316.43286306"
"2026","1150060500","특정계층이용시설","회원이용시설","가양8단지(아)어르신사랑방","서울특별시 강서구 허준로 176 (가양동, 가양8단지아파트)","서울특별시 강서구 가양동 1482","138.60","42","","126.8569636","37.5621330","187362.42696037","551409.73393294"
"2026","1150061100","특정계층이용시설","회원이용시설","우장산신일해피트리(아)경로당","서울특별시 강서구 강서로45길 92-5 (우장산 신일해피트리 102동)","서울특별시 강서구 내발산동 763","55.64","27","","126.8323090","37.5496900","185181.67491430","550032.30842977"
"2026","1150061100","특정계층이용시설","회원이용시설","마곡수명산파크2단지(아)경로당","서울특별시 강서구 강서로47길 158 (마곡수명산파크2단지아파트 201)","서울특별시 강서구 내발산동 741","143.00","30","","126.8273850","37.5544270","184747.52159784","550558.84681206"
"2026","1150061100","특정계층이용시설","회원이용시설","마곡수명산파크6단지(아)경로당","서울특별시 강서구 수명로2길 63 (마곡수명산파크6단지아파트 605)","서울특별시 강서구 내발산동 759","83.00","23","","126.8257510","37.5504200","184602.31484272","550114.38364708"
"2026","1150061100","특정계층이용시설","회원이용시설","마곡수명산파크7단지(아)경로당","서울특별시 강서구 수명로2가길 22 (마곡수명산파크7단지아파트 708)","서울특별시 강서구 내발산동 756","89.00","17","","126.8225920","37.5480850","184322.67741023","549855.74851984"
"2026","1150061100","특정계층이용시설","회원이용시설","마곡엠밸리14단지(아)어르신사랑방","서울특별시 강서구 마곡중앙로 33 (마곡엠밸리14단지 1406동)","서울특별시 강서구 마곡동 750","356.00","108","","126.8248570","37.5566760","184524.60924634","550808.87250390"
"2026","1150061100","특정계층이용시설","회원이용시설","마곡엠밸리15단지(아)어르신사랑방","서울특별시 강서구 마곡중앙로 36 (마곡엠밸리15단지 1512동)","서울특별시 강서구 마곡동 751","352.00","107","","126.8279930","37.5565330","184801.67299933","550792.48950765"
"2026","1150061100","특정계층이용시설","회원이용시설","마곡수명산파크4단지(아)어르신사랑방","서울특별시 강서구 수명로1길 16 (마곡수명산파크4단지아파트 상가동)","서울특별시 강서구 내발산동 753","122.00","37","","126.8233800","37.5511650","184392.95425830","550197.46078531"
"2026","1150061100","특정계층이용시설","회원이용시설","마곡수명산파크5단지(아)어르신사랑방","서울특별시 강서구 수명로2길 105 (마곡수명산파크5단지아파트 512)","서울특별시 강서구 내발산동 749","112.00","34","","126.8267890","37.5512510","184694.20874586","550206.44527553"
"2026","1150061100","특정계층이용시설","회원이용시설","마곡수명산파크1단지(아)어르신사랑방","서울특별시 강서구 강서로47길 108 (마곡수명산파크1단지아파트 101)","서울특별시 강서구 내발산동 742","169.00","51","","126.8300310","37.5542470","184981.28954095","550538.44289670"
"2026","1150061100","특정계층이용시설","회원이용시설","마곡수명산파크3단지(아)어르신사랑방","서울특별시 강서구 수명로1길 110 (마곡수명산파크3단지아파트 305)","서울특별시 강서구 내발산동 751","93.24","20","","126.8249770","37.5527730","184534.40572775","550375.66580097"
"2026","1150061100","특정계층이용시설","회원이용시설","발음어르신경로당","서울특별시 강서구  강서로47길  61-21  (내발산동)","서울특별시 강서구 내발산동 697","90.00","18","","126.8331841","37.5520470","185259.46899565","550293.76984754"
"2026","1150061100","특정계층이용시설","회원이용시설","신광명어르신사랑방","서울특별시 강서구 남부순환로19길 105","서울특별시 강서구 외발산동 221-1","260.00","52","","126.8229020","37.5468670","184349.81710137","549720.51340369"
"2026","1150061500","공공시설","공공청사","발산1동주민센터","서울특별시 강서구 강서로47길 54","서울특별시 강서구 내발산동 681-5","423.00","85","","126.8331316","37.5531070","185255.03871283","550411.42551949"
"2026","1150061500","특정계층이용시설","회원이용시설","내발산경로당","서울특별시 강서구 우장산로 24-5 (내발산 복합복지센터)","서울특별시 강서구 내발산동 671-30","226.00","75","","126.8401020","37.5542050","185871.17058090","550532.22002384"
"2026","1150061500","공공시설","복지?문화?체육시설","우장산숲속도서관","서울특별시 강서구 우현로 34 (우장산동주민센터)","서울특별시 강서구 화곡동 1159-4","","","정기휴관일: 매주 월요일, 법적공휴일  휴게공간: 열람실 입구 옆","126.8419200","37.5483020","186030.71023497","549876.78550111"
"2026","1150061500","공공시설","복지?문화?체육시설","강서청소년회관","서울특별시 강서구 공항대로42길 23-19 (강서청소년회관)","서울특별시 강서구 내발산동 산 4-5","","","신정, 명절, 추석 운영 안함","126.8445810","37.5549450","186267.07785206","550613.68749303"
"2026","1150061500","특정계층이용시설","회원이용시설","우장산힐스테이트(아)어르신사랑방","서울특별시 강서구 강서로 348 (우장산힐스테이트 경로당 및 보육시설)","서울특별시 강서구 내발산동 657","298.00","90","","126.8406760","37.5561090","185922.24829878","550743.45541356"
"2026","1150061500","특정계층이용시설","회원이용시설","우장산SK뷰(아)어르신사랑방","서울특별시 강서구 우현로 26 (우장산에스케이뷰 경비실)","서울특별시 강서구 화곡동 1158","45.18","14","","126.8431080","37.5481320","186135.66057429","549857.74167557"
"2026","1150061500","특정계층이용시설","회원이용시설","강서월드메르디앙(아)어르신사랑방","서울특별시 강서구 공항대로42길 54-26 (강서월드메르디앙아파트 관리사무소 및 경로당,엠디에프실)","서울특별시 강서구 내발산동 659-24","50.00","15","","126.8431440","37.5567140","186140.43116085","550810.23651972"
"2026","1150061500","특정계층이용시설","회원이용시설","우장산아이파크e-편한세상(아)경로당","서울특별시 강서구 강서로 266 (우장산아이파크이편한세상아파트 127동)","서울특별시 강서구 화곡동 1159","284.00","38","","126.8369670","37.5499880","185593.34534131","550064.65887726"
"2026","1150061500","특정계층이용시설","회원이용시설","우장산숲아이파크(아)경로당","서울특별시 강서구 화곡로31다길 20 (우장산숲아이파크 107동)","서울특별시 강서구 화곡동 1173","236.00","41","","126.8418580","37.5444940","186024.52049309","549454.15233222"
"2026","1150061500","특정계층이용시설","회원이용시설","하마터어르신사랑방","서울특별시 강서구  곰달래로36길  22   (화곡동)","서울특별시 강서구 화곡동 883-3","152.00","30","","126.8537633","37.5300881","187074.14155794","547853.56972591"
"2026","1150061500","특정계층이용시설","회원이용시설","수명어르신사랑방","서울특별시 강서구  화곡로15길  18   (화곡동)","서울특별시 강서구 화곡동 1044-31","96.00","19","","126.8343430","37.5408687","185359.68820590","549052.93123597"
"2026","1150061500","특정계층이용시설","회원이용시설","원당어르신사랑방","서울특별시 강서구  강서로52길  72   (내발산동)","서울특별시 강서구 내발산동 650","96.00","19","","126.8420979","37.5574128","186048.12950895","550887.94984714"
"2026","1150061500","특정계층이용시설","회원이용시설","봉바위어르신사랑방","서울특별시 강서구 강서로34길 34","서울특별시 강서구 화곡동 1061-36","90.00","18","","126.8413710","37.5432020","185981.24089993","549310.82836906"
"2026","1150061500","공공시설","공공청사","우장산동주민센터","서울특별시 강서구 우현로 34","서울특별시 강서구 화곡동 1159-4","699.00","140","","126.8417910","37.5482340","186019.29799273","549869.25748867"
"2026","1150062000","특정계층이용시설","회원이용시설","공항어르신사랑방","서울특별시 강서구 공항대로2가길 5-3","서울특별시 강서구 공항동 51-50","97.00","20","","126.8090426","37.5603833","183128.10561236","551223.06060752"
"2026","1150062000","특정계층이용시설","회원이용시설","공항동부어르신사랑방","서울특별시 강서구  공항대로8길  33-9  (공항동)","서울특별시 강서구 공항동 41-68","147.00","29","","126.8128315","37.5595668","183462.69081208","551131.76524992"
"2026","1150062000","특정계층이용시설","회원이용시설","다솔어르신사랑방","서울특별시 강서구  방화대로6길  24-3  (공항동)","서울특별시 강서구 공항동 1361-1","349.00","70","","126.8181688","37.5548175","183933.24972403","550603.72302341"
"2026","1150062000","특정계층이용시설","회원이용시설","산우물어르신사랑방","서울특별시 강서구  방화대로21가길  18   (공항동)","서울특별시 강서구 공항동 2-91","167.00","33","","126.8146671","37.5637265","183625.78614165","551593.12210208"
"2026","1150062000","특정계층이용시설","회원이용시설","장미어르신사랑방","서울특별시 강서구  방화대로7다길  35-18  (공항동)","서울특별시 강서구 공항동 668","110.00","22","","126.8137981","37.5568565","183547.49911331","550830.78406935"
"2026","1150053500","특정계층이용시설","회원이용시설","동성(아)경로당","서울특별시 강서구 강서로68길 108 (등촌동성아파트 101동)","서울특별시 강서구 등촌동 691-1","138.00","34","","126.8458660","37.5639410","186382.25867770","551611.95093399"
"2026","1150053500","특정계층이용시설","회원이용시설","등촌3주공(아)경로당","서울특별시 강서구 강서로56나길 41 (등촌3단지주공아파트 상가동)","서울특별시 강서구 등촌동 688-2","138.00","34","","126.8416540","37.5612500","186009.62496827","551313.89999714"
"2026","1150053500","특정계층이용시설","회원이용시설","부영(아)경로당","서울특별시 강서구 강서로56나길 110 (부영아파트 상가동)","서울특별시 강서구 등촌동 691-3","114.02","33","","126.8436190","37.5630270","186183.56727050","551510.83554978"
"2026","1150053500","특정계층이용시설","회원이용시설","등촌11단지(아)어르신사랑방","서울특별시 강서구 공항대로43길 39 (등촌동, 등촌주공아파트11단지)","서울특별시 강서구 등촌동 705-6","109.00","33","","126.8490780","37.5592060","186665.19521612","551085.96078663"
"2026","1150053500","공공시설","복지?문화?체육시설","시립강서어르신종합복지관","서울특별시 강서구 화곡로61길 85","서울특별시 강서구 등촌동 661-4","2,765.00","553","","126.8475000","37.5581000","186525.57082280","550963.43283334"
"2026","1150053500","특정계층이용시설","회원이용시설","등촌4단지(아)경로당","서울특별시 강서구 공항대로39길 59 (등촌4단지주공영구임대아파트 등촌4동사회복지관)","서울특별시 강서구 등촌동 690","184.00","37","","126.8437810","37.5608810","186197.48426435","551272.63083120"
"2026","1150053500","특정계층이용시설","회원이용시설","등촌7복지관어르신사랑방","서울특별시 강서구  공항대로43길  104   (등촌동, 등촌8단지주공아파트)","서울특별시 강서구 등촌동 707","74.00","15","","126.8507000","37.5602000","186808.68333569","551196.05423664"
"2026","1150053500","특정계층이용시설","회원이용시설","등촌9종합사회복지관푸른경로당","서울특별시 강서구 화곡로63가길 92 (등촌9단지주공아파트)","서울특별시 강서구 등촌동 704","138.00","28","","126.8497760","37.5619530","186727.35476811","551390.74678613"
"2026","1150053500","특정계층이용시설","회원이용시설","등촌주공1단지어르신사랑방","서울특별시 강서구 강서로68길 36 (등촌주공1,2단지아파트 104동)","서울특별시 강서구 등촌동 687","209.00","42","","126.8418220","37.5642060","186025.02048428","551641.95650146"
"2026","1150053500","공공시설","공공청사","등촌3동주민센터","서울특별시 강서구  화곡로63길  96   (등촌동)","서울특별시 강서구 등촌동 705-4","158.00","32","","126.8479216","37.5588692","186562.96024939","551048.74463317"
"2026","1150053500","공공시설","복지?문화?체육시설","등촌1종합사회복지관","서울특별시 강서구 강서로68길 36","서울특별시 강서구 등촌동 687","152.00","75","","126.8424000","37.5640000","186076.04830618","551619.00710916"
"2026","1150053500","공공시설","복지?문화?체육시설","등촌7종합사회복지관","서울특별시 강서구 공항대로43길 104","서울특별시 강서구 등촌동 707","2,007.00","94","","126.8507000","37.5602000","186808.68333569","551196.05423664"
"2026","1150053500","공공시설","복지?문화?체육시설","등촌4종합사회복지관","서울특별시 강서구 공항대로39길 59","서울특별시 강서구 등촌동 690","210.00","94","","126.8438000","37.5608000","186199.14804376","551263.63798966"
"2026","1150053500","특정계층이용시설","회원이용시설","등촌6단지(아)어르신사랑방","서울특별시 강서구 화곡로63가길 18","서울특별시 강서구 등촌동 705","63.47","19","","126.8481806","37.5599827","186586.04408949","551172.29306312"
"2026","1150053500","공공시설","복지?문화?체육시설","등촌9종합사회복지관","서울특별시 강서구 화곡로63가길 92","서울특별시 강서구 등촌동 704","210.00","94","","126.8498027","37.5618341","186729.69268851","551377.54650682"
"2026","1150054000","특정계층이용시설","특수근로자 쉼터","강서구플랫폼노동자쉼터2호점","","서울특별시 강서구 화곡동 900-46","12.00","20","","126.8451610","37.5294430","186313.66612681","547783.18854624"
"2026","1150054000","특정계층이용시설","회원이용시설","까치산경로당","서울특별시 강서구 강서로17나길 99 (까치산경로당)","서울특별시 강서구 화곡동 359-126","206.34","30","","126.8414080","37.5367720","185983.30714200","548597.17065195"
"2026","1150054000","특정계층이용시설","회원이용시설","해태(아)어르신사랑방","서울특별시 강서구 강서로7길 28 (해태드림타운)","서울특별시 강서구 화곡동 900-1","23.15","7","","126.8461500","37.5299350","186401.17394562","547837.65104140"
"2026","1150054000","특정계층이용시설","회원이용시설","화곡대림(아)경로당","서울특별시 강서구 월정로 160 (화곡대림아파트)","서울특별시 강서구 화곡동 361-1","101.00","11","","126.8376560","37.5337700","185651.12213178","548264.55107894"
"2026","1150061500","특정계층이용시설","회원이용시설","곰달래어르신사랑방","서울특별시 강서구  월정로20길  38   (화곡동)","서울특별시 강서구 화곡동 922-10","91.00","18","","126.8407227","37.5296330","185921.39695434","547804.93129943"
"2026","1150054000","특정계층이용시설","회원이용시설","공원어르신사랑방","서울특별시 강서구  가로공원로77길  30   (화곡동)","서울특별시 강서구 화곡동 379-32","243.00","49","","126.8385209","37.5380244","185728.37771519","548736.60608447"
"2026","1150054000","특정계층이용시설","회원이용시설","구립예촌어르신사랑방","서울특별시 강서구  곰달래로  83-1  (화곡동)","서울특별시 강서구 화곡동 425-9","376.00","75","","126.8421650","37.5304029","186049.02607793","547890.16582575"
"2026","1150054000","공공시설","공공청사","화곡1동주민센터","서울특별시 강서구  곰달래로  79   (화곡동)","서울특별시 강서구 화곡동 425-4","249.00","50","","126.8415696","37.5304289","185996.40373077","547893.13998906"
"2026","1150055000","특정계층이용시설","회원이용시설","골안말어르신사랑방","서울특별시 강서구  곰달래로45길  17   (화곡동)","서울특별시 강서구 화곡동 865-1","138.00","28","","126.8560480","37.5333119","187276.63389326","548211.06042024"
"2026","1150061500","공공시설","공공청사","화곡2동주민센터","서울특별시 강서구  곰달래로37길  13   (화곡동)","서울특별시 강서구 화곡동 860-4","1,333.00","267","","126.8545480","37.5318516","187143.80390345","548049.18900619"
"2026","1150056000","공공시설","복지?문화?체육시설","푸른들청소년도서관","서울특별시 강서구 강서로45다길 71 (화곡3동청소년도서,화곡3동치안센터화곡3치안센터)","서울특별시 강서구 화곡동 1019","","","정기휴관일: 매주 금요일, 법적공휴일 ","126.8351960","37.5446710","185435.81373285","549474.80829600"
"2026","1150056000","특정계층이용시설","회원이용시설","화곡푸르지오(아)어르신사랑방","서울특별시 강서구 화곡로13길 107 (화곡푸르지오 128동)","서울특별시 강서구 화곡동 1091","325.00","98","","126.8312720","37.5421190","185088.53044516","549192.18203888"
"2026","1150056000","특정계층이용시설","회원이용시설","희훈리치파크(아)경로당","서울특별시 강서구 강서로45다길 30-17 (희훈리치파크아파트 관리사무소)","서울특별시 강서구 화곡동 1011-6","198.00","36","","126.8343000","37.5464060","185356.97104203","549667.51167083"
"2026","1150056000","특정계층이용시설","회원이용시설","화곡초록(아)경로당","서울특별시 강서구 강서로45다길 30-27 (초록아파트 101동)","서울특별시 강서구 화곡동 1139","73.00","29","","126.8340910","37.5455910","185338.34192875","549577.08900233"
"2026","1150056000","특정계층이용시설","회원이용시설","푸른어르신사랑방","서울특별시 강서구  강서로45다길  74   (화곡동)","서울특별시 강서구 화곡동 1016-34","90.00","18","","126.8347482","37.5446583","185396.23789982","549473.46820716"
"2026","1150061500","공공시설","공공청사","화곡3동주민센터","서울특별시 강서구  강서로33가길  17   (화곡동)","서울특별시 강서구 화곡동 1050-3","315.00","63","","126.8384421","37.5425588","185722.27798127","549239.88162825"
"2026","1150057000","공공시설","복지?문화?체육시설","강서영어도서관","서울특별시 강서구 곰달래로57가길 26 (시립청소년수련관및 화곡4동주민자치센터)","서울특별시 강서구 화곡동 809-3","","","정기휴관일: 매주 월요일, 법적공휴일 ","126.8607910","37.5345620","187696.05509636","548349.17512479"
"2026","1147064000","특정계층이용시설","회원이용시설","다락골(구립)경로당","서울특별시 양천구 중앙로25길 33 (구립다락골경로당)","서울특별시 양천구 신정동 521","164.28","50","","126.8504000","37.5134020","186773.91427107","546002.08798531"
"2026","1147000000","특정계층이용시설","회원이용시설","양동(구립)경로당","서울특별시 양천구 신정중앙로2길 10-13","서울특별시 양천구 신정동 937-4","255.00","78","","126.8508000","37.5269000","186811.65410506","547500.14130331"
"2026","1147065000","특정계층이용시설","회원이용시설","은행정(로마아파트)경로당(사립)","서울특별시 양천구 오목로38길 16 (로마아파트)","서울특별시 양천구 신정동 962-18","62.70","39","","126.8565460","37.5238230","187319.04398947","547157.84230435"
"2026","1147065000","공공시설","복지?문화?체육시설","개울건강도서관","서울특별시 양천구 중앙로52길 56","서울특별시 양천구 신정동 915-2","416.19","70","일요일 휴무","126.8566372","37.5259914","187327.47262733","547398.49551808"
"2026","1147065000","공공시설","공공청사","신정4동주민센터","서울특별시 양천구 오목로34길 5","서울특별시 양천구 신정동 949-5","325.00","40","","126.8558000","37.5245000","187253.21470088","547233.08172599"
"2026","1147065000","특정계층이용시설","회원이용시설","양목(신정4동구립)경로당","서울특별시 양천구 목동로19길 24 (구립 양목경로당)","서울특별시 양천구 신정동 990-1","90.27","60","경로당 임시시설","126.8619280","37.5249270","187794.97872002","547279.66067064"
"2026","1147065000","특정계층이용시설","회원이용시설","양정(신정4동구립)경로당","서울특별시 양천구 은행정로7길 42","서울특별시 양천구 신정동 975-30","99.78","60","","126.8548000","37.5220000","187164.38979432","546955.74878582"
"2026","1147065000","특정계층이용시설","회원이용시설","청솔(구립)경로당","서울특별시 양천구 은행정로19가길 8 (코끼리연립 가동)","서울특별시 양천구 신정동 880-1","99.78","40","가동 106호","126.8575420","37.5284290","187407.86204295","547668.91747246"
"2026","1147065000","특정계층이용시설","회원이용시설","서부(구립)경로당","서울특별시 양천구 신정중앙로17길 15","서울특별시 양천구 신정동 882-11","215.20","60","","126.8599000","37.5283000","187616.26900360","547654.28699545"
"2026","1147065000","공공시설","복지?문화?체육시설","신정종합사회복지관","서울특별시 양천구 신정중앙로 36 (신정동)","서울특별시 양천구 신정동 919-6","324.00","81","","126.8556000","37.5273000","187236.01244593","547543.87417280"
"2026","1147067000","공공시설","공공청사","양천구청사무더위쉼터","서울특별시 양천구 목동동로 105 (양천구청)","서울특별시 양천구 신정동 321-4","96.00","30","","126.8664770","37.5170480","188195.85142857","546404.60956049"
"2026","1147067000","특정계층이용시설","회원이용시설","목동14단지아파트경로당(사립)","서울특별시 양천구 목동동로 130 (목동신시가지아파트14단지)","서울특별시 양천구 신정동 329","264.00","47","","126.8712740","37.5149760","188619.61747952","546174.05259160"
"2026","1147067000","특정계층이용시설","회원이용시설","목동13단지아파트경로당(사립)","서울특별시 양천구 목동동로 100 (목동신시가지아파트13단지 관리동)","서울특별시 양천구 신정동 327","184.80","40","","126.8662450","37.5142060","188174.89295334","546089.21247475"
"2026","1147067000","특정계층이용시설","회원이용시설","목동8단지아파트경로당(사립)","서울특별시 양천구 목동서로 280 (목동신시가지아파트8단지 관리동)","서울특별시 양천구 신정동 314","198.00","27","","126.8682330","37.5222790","188351.90448501","546984.96621695"
"2026","1147067000","공공시설","복지?문화?체육시설","양천생활안전체험교육관","서울특별시 양천구 목동서로 363 (양천생활안전체험교육관)","서울특별시 양천구 신정동 322-15","70.81","21","","126.8637260","37.5167560","187952.60122915","546372.54994351"
"2026","1147067000","공공시설","복지?문화?체육시설","양천구민체육센터","서울특별시 양천구 목동동로 87 (신정동)","서울특별시 양천구 신정동 322-10","1,076.00","100","","126.8647514","37.5164171","188043.19840975","546334.80549363"
"2026","1147067000","공공시설","복지?문화?체육시설","영어특성화도서관","서울특별시 양천구 목동동로 81","서울특별시 양천구 신정동 322-11","715.00","30","일요일 휴무 / 7층","126.8637698","37.5159894","187956.35020303","546287.46137421"
"2026","1147067000","공공시설","공공청사","신정6동주민센터","서울특별시 양천구 신정동 목동서로  353 ,  신정6동주민센터 (신정동)","서울특별시 양천구 신정동 322-9","677.00","50","","126.8644000","37.5170000","188012.22573358","546399.54478463"
"2026","1147067000","공공시설","복지?문화?체육시설","양천해누리복지관(구양천장애인종합복지관)","서울특별시 양천구 목동동로 159","서울특별시 양천구 신정동 319-13","540.00","20","","126.8700000","37.5199000","188507.74104060","546720.70960646"
"2026","1147000000","특정계층이용시설","회원이용시설","갈산(구립)경로당","서울특별시 양천구 목동남로 98 (양천구보육타운)","서울특별시 양천구 신정동 330-13","109.14","24","","126.8689660","37.5109720","188414.95330617","545729.94088549"
"2026","1147068000","특정계층이용시설","회원이용시설","목동3차우성아파트경로당(사립)","서울특별시 양천구 목동남로4길 20 (우성3차아파트 관리실)","서울특별시 양천구 신정동 338","58.76","36","","126.8656360","37.5086790","188120.17606340","545475.86220517"
"2026","1147068000","특정계층이용시설","회원이용시설","목동2차우성2단지아파트우정경로당(사립)","서울특별시 양천구 목동남로4길 6-23 (목동2차우성아파트 노인정)","서울특별시 양천구 신정동 337","61.10","30","","126.8650650","37.5069890","188069.42198320","545288.36596805"
"2026","1147068000","특정계층이용시설","회원이용시설","목동2차우성2단지아파트팔각정경로당(사립)","서울특별시 양천구 목동남로4길 6-23 (목동2차우성아파트 관리실, 노인정)","서울특별시 양천구 신정동 337","100.32","12","","126.8680420","37.5087740","188332.91799120","545486.10496577"
"2026","1147068000","특정계층이용시설","회원이용시설","목동2차삼성래미안2단지경로당(사립)","서울특별시 양천구 목동남로4길 81 (목동2차삼성래미안아파트 관리실, 노인정)","서울특별시 양천구 신정동 1295","73.00","25","","126.8675520","37.5104440","188289.85545249","545671.51461491"
"2026","1147068000","특정계층이용시설","회원이용시설","목동2차삼성래미안1단지경로당(사립)","서울특별시 양천구 목동남로4길 81 (목동2차삼성래미안아파트 관리실, 노인정)","서울특별시 양천구 신정동 1295","31.69","26","","126.8674470","37.5097980","188280.47106786","545599.82988822"
"2026","1147068000","특정계층이용시설","회원이용시설","양천아파트경로당(사립)","서울특별시 양천구 목동로3길 57 (양천아파트)","서울특별시 양천구 신정동 276","259.00","70","","126.8626870","37.5096920","187859.60348465","545588.66872118"
"2026","1147068000","특정계층이용시설","회원이용시설","목동12단지아파트경로당(사립)","서울특별시 양천구 목동동로 50 (목동신시가지아파트12단지 관리동)","서울특별시 양천구 신정동 326","201.00","30","","126.8617310","37.5131180","187775.63838139","545969.03510584"
"2026","1147068000","특정계층이용시설","회원이용시설","목동11단지아파트경로당(사립)","서울특별시 양천구 목동동로 10 (목동신시가지아파트11단지 관리동)","서울특별시 양천구 신정동 325","170.00","36","","126.8589740","37.5107910","187531.50480706","545711.12930799"
"2026","1147068000","공공시설","복지?문화?체육시설","갈산도서관","서울특별시 양천구 목동남로4길 48-6","서울특별시 양천구 신정동 337-9","2,678.00","28","월요일 휴무","126.8673851","37.5088978","188274.85743799","545499.92684059"
"2026","1147068000","특정계층이용시설","회원이용시설","양천어르신종합복지관","서울특별시 양천구 목동로3길 106","서울특별시 양천구 신정동 325-3","70.00","18","","126.8586000","37.5104000","187498.37321216","545667.78288826"
"2026","1147068000","공공시설","공공청사","신정7동주민센터","서울특별시 양천구 신정동 목동동로  37 ,  신정7동주민센터 (신정동)","서울특별시 양천구 신정동 324-5","257.00","30","","126.8597000","37.5144000","187596.28975658","546111.58673927"
"2026","1147068000","특정계층이용시설","회원이용시설","오금(구립)경로당","서울특별시 양천구 목동남로2길 50-5","서울특별시 양천구 신정동 190-2","178.35","59","","126.8637710","37.5063390","187954.90560502","545216.38910125"
"2026","1147068000","특정계층이용시설","회원이용시설","목동2차우성(아)1단지경로","서울특별시 양천구 목동남로4길 6-46 (목동2차우성아파트 사회복지관)","서울특별시 양천구 신정동 337-2","144.00","59","","126.8657380","37.5058310","188128.74343505","545159.75763629"
"2026","1150051000","공공시설","복지?문화?체육시설","꿈꾸는어린이도서관","서울특별시 강서구 공항대로 615 (강서평생학습관및 꿈꾸는어린이도서관)","서울특별시 강서구 염창동 281-25","","","정기휴관일: 매주 월요일, 법정공휴일 임시휴관일: 기타 관장이 필요에 의해 정하는 날 ","126.8733390","37.5473610","188807.02021407","549768.14130702"
"2026","1150051000","특정계층이용시설","회원이용시설","쌍용예가(아)어르신사랑방","서울특별시 강서구 양천로 613 (강서쌍용예가아파트 101동)","서울특별시 강서구 염창동 308","108.00","33","","126.8662370","37.5551970","188180.65662513","550638.71312827"
"2026","1150051000","특정계층이용시설","회원이용시설","관음삼성(아)경로당","서울특별시 강서구 양천로 656 (삼성관음아파트)","서울특별시 강서구 염창동 268","125.55","23","","126.8691240","37.5525280","188435.34060414","550342.12673232"
"2026","1150051000","특정계층이용시설","회원이용시설","강변한솔솔파크(아)어르신사랑방","서울특별시 강서구 양천로63길 38 (강변한솔솔파크 관리사무소 및 경로당)","서울특별시 강서구 염창동 300","107.00","32","","126.8665270","37.5565500","188206.49436223","550788.84369479"
"2026","1150051000","특정계층이용시설","회원이용시설","신동아(아)어르신사랑방","서울특별시 강서구 양천로67길 32 (신동아아파트 관리실)","서울특별시 강서구 염창동 289","105.65","32","","126.8694480","37.5549870","188464.34941666","550615.00672090"
"2026","1150051000","특정계층이용시설","회원이용시설","염창현대1차(아)어르신사랑방","서울특별시 강서구 양천로75길 57 (현대1차아파트 경로당)","서울특별시 강서구 염창동 288","132.00","40","","126.8753060","37.5528470","188981.65085799","550376.78938580"
"2026","1150051000","특정계층이용시설","회원이용시설","e편한세상염창어르신사랑방","서울특별시 강서구 공항대로 583 (e편한세상 101동)","서울특별시 강서구 염창동 309","158.00","22","","126.8707430","37.5486290","188577.80616125","549909.18633674"
"2026","1150051000","특정계층이용시설","회원이용시설","강변코아루(아)경로당","서울특별시 강서구 양천로71길 54 (강변코아루 상가동)","서울특별시 강서구 염창동 303","59.84","25","","126.8735060","37.5532430","188822.65634174","550420.95317610"
"2026","1150051000","특정계층이용시설","회원이용시설","강변힐스테이트(아)경로당","서울특별시 강서구 양천로75길 19 (강변힐스테이트아파트 관리사무소 및 경로당)","서울특별시 강서구 염창동 299","53.00","18","","126.8742250","37.5511890","188885.88409746","550192.89839171"
"2026","1150051000","특정계층이용시설","회원이용시설","무학(아)경로당","서울특별시 강서구 양천로77길 45 (무학아파트)","서울특별시 강서구 염창동 255","41.00","29","","126.8765770","37.5512060","189093.72128902","550194.50972602"
"2026","1150051000","특정계층이용시설","회원이용시설","벽산늘푸른경로당","서울특별시 강서구 양천로63길 52 (벽산늘푸른아파트 관리사무소)","서울특별시 강서구 염창동 290","56.00","34","","126.8658890","37.5577790","188150.31607944","550925.32842228"
"2026","1150051000","특정계층이용시설","회원이용시설","보람더하임(아)경로당","서울특별시 강서구 양천로 666 (보람더하임 103동)","서울특별시 강서구 염창동 305","43.00","23","","126.8701450","37.5514700","188525.39755898","550224.57621887"
"2026","1150051000","특정계층이용시설","회원이용시설","삼정그린코아(아)경로당","서울특별시 강서구 공항대로75길 30 (삼정그린코아 관리사무소)","서울특별시 강서구 염창동 282-28","42.00","22","","126.8744030","37.5475970","188901.08048135","549794.20833532"
"2026","1150051000","특정계층이용시설","회원이용시설","염창우성1차(아)경로당","서울특별시 강서구 양천로67길 77 (우성1차아파트)","서울특별시 강서구 염창동 66-9","59.00","22","","126.8703160","37.5555500","188541.13264207","550677.38688480"
"2026","1150051000","특정계층이용시설","회원이용시설","염창한강동아(아)경로당","서울특별시 강서구 양천로73길 80 (한강동아아파트 생활편익시설)","서울특별시 강서구 염창동 293","54.90","27","","126.8738840","37.5539190","188856.15809109","550495.93626471"
"2026","1150051000","특정계층이용시설","회원이용시설","태영송화(아)경로당","서울특별시 강서구 공항대로61길 60 (태영송화아파트 상가동)","서울특별시 강서구 염창동 270-1","70.00","20","","126.8674420","37.5535230","188286.86887827","550452.76815442"
"2026","1150051000","특정계층이용시설","회원이용시설","한화꿈에그린(아)경로당","서울특별시 강서구 공항대로75길 17 (염창한화꿈에그린아파트 관리사무소 및 경로당)","서울특별시 강서구 염창동 281-22","87.00","21","","126.8732900","37.5480730","188802.79660596","549847.17060217"
"2026","1150051000","특정계층이용시설","회원이용시설","길훈(아)경로당","서울특별시 강서구 양천로65길 45 (염창길훈아파트 관리사무소)","서울특별시 강서구 염창동 294","64.08","21","","126.8679550","37.5558310","188332.55859582","550708.86499201"
"2026","1150051000","특정계층이용시설","회원이용시설","금호타운(아)경로당","서울특별시 강서구 양천로 595 (염창금호타운아파트 관리사무소)","서울특별시 강서구 염창동 240-32","71.97","24","","126.8649960","37.5563600","188071.18678481","550767.94913083"
"2026","1150051000","특정계층이용시설","회원이용시설","염창강변어르신사랑방","서울특별시 강서구 양천로77길 58-25 (염창동)","서울특별시 강서구 염창동 114-2","116.00","23","","126.8759032","37.5515226","189034.22728413","550229.72693269"
"2026","1150051000","특정계층이용시설","회원이용시설","염창어르신사랑방","서울특별시 강서구 양천로73길 36","서울특별시 강서구 염창동 183","77.00","15","","126.8736845","37.5517607","188838.20801826","550256.41431244"
"2026","1150051000","특정계층이용시설","회원이용시설","증미어르신사랑방","서울특별시 강서구  양천로  603-7  (염창동)","서울특별시 강서구 염창동 241-15","97.00","19","","126.8657014","37.5557013","188133.41077449","550694.75193729"
"2026","1150051000","공공시설","공공청사","염창동주민센터","서울특별시 강서구  양천로67가길  63   (염창동)","서울특별시 강서구 염창동 53-1","1,500.00","300","","126.8709109","37.5537464","188593.42308173","550477.13632254"
"2026","1150051000","특정계층이용시설","회원이용시설","가양어르신사랑방","서울특별시 강서구  양천로47나길  48-6  (가양동)","서울특별시 강서구 가양동 236-4","134.00","27","","126.8400207","37.5723268","185867.41045859","552543.54076360"
"2026","1150051000","특정계층이용시설","회원이용시설","가양9-1단지(아)어르신사랑방","서울특별시 강서구 허준로 224","서울특별시 강서구 가양동 1489","79.00","24","","126.8616388","37.5600819","187775.15600503","551181.46752111"
"2026","1150052000","특정계층이용시설","회원이용시설","태영(아)어르신사랑방","서울특별시 강서구 양천로 590 (등촌태영아파트 관리사무소)","서울특별시 강서구 등촌동 632-2","33.60","10","","126.8639440","37.5557910","187978.14170407","550704.93088384"
"2026","1150052000","특정계층이용시설","회원이용시설","코오롱3차(아)어르신사랑방","서울특별시 강서구 공항대로55길 19 (코오롱하늘채 관리사무소)","서울특별시 강서구 등촌동 714","61.30","19","","126.8607440","37.5543280","187695.15018496","550542.96927826"
"2026","1150052000","특정계층이용시설","회원이용시설","보람2차(아)어르신사랑방","서울특별시 강서구 화곡로 390 (등촌2차보람아파트)","서울특별시 강서구 등촌동 640-12","50.00","15","","126.8539900","37.5577000","187098.93855210","550918.12697522"
"2026","1150052000","특정계층이용시설","회원이용시설","라인(아)어르신사랑방","서울특별시 강서구 화곡로68길 33 (라인아파트 관리사무소)","서울특별시 강서구 등촌동 628-21","83.46","25","","126.8567590","37.5596520","187343.93044144","551134.39955594"
"2026","1150052000","특정계층이용시설","회원이용시설","대동황토방2차(아)어르신사랑방","서울특별시 강서구 공항대로55길 50 (대동황토방2차아파트 203동)","서울특별시 강서구 등촌동 713","63.74","19","","126.8624750","37.5551110","187848.23092011","550629.64782147"
"2026","1150052000","특정계층이용시설","회원이용시설","대동황토방(아)어르신사랑방","서울특별시 강서구 공항대로59길 103 (대동황토방아파트 관리사무소)","서울특별시 강서구 등촌동 631-16","59.04","18","","126.8629910","37.5561660","187893.99559635","550746.67375816"
"2026","1150052000","특정계층이용시설","회원이용시설","신원(아)경로당","서울특별시 강서구 화곡로66길 50 (등촌동신원아파트)","서울특별시 강서구 등촌동 641","38.60","26","","126.8563630","37.5570430","187308.49930671","550844.88466878"
"2026","1150052000","특정계층이용시설","회원이용시설","등서어르신사랑방","서울특별시 강서구 화곡로68길 8","서울특별시 강서구 등촌동 639-2","84.00","17","","126.8545680","37.5591890","187150.26484961","551083.30927571"
"2026","1150053500","특정계층이용시설","회원이용시설","등촌어르신사랑방","서울특별시 강서구  화곡로66길  186-12  (등촌동)","서울특별시 강서구 등촌동 645-28","142.00","28","","126.8624119","37.5537735","187842.43809671","550481.20933583"
"2026","1147061100","공공시설","공공청사","신월7동주민센터","서울특별시 양천구 지양로14길 17 (신월7동주민센터)","서울특별시 양천구 신월동 915-4","186.00","60","","126.8329090","37.5242370","185229.67558914","547207.24012937"
"2026","1147061100","특정계층이용시설","회원이용시설","늘푸른(신월7동구립)경로당","서울특별시 양천구 지양로10길 5","서울특별시 양천구 신월동 922-1","94.68","44","","126.8333360","37.5231060","185267.19868627","547081.64618611"
"2026","1147061100","특정계층이용시설","회원이용시설","신월약수(구립)경로당","서울특별시 양천구 지양로11길 16-16 (구립신월약수노인정)","서울특별시 양천구 신월동 936","80.00","31","","126.8309800","37.5221950","185058.75064945","546980.90809051"
"2026","1147061100","특정계층이용시설","회원이용시설","금실(구립)경로당","서울특별시 양천구 지양로 21 (구립금실경로당)","서울특별시 양천구 신월동 985","29.00","27","","126.8373190","37.5181370","185618.33536051","546529.53273818"
"2026","1147061100","특정계층이용시설","회원이용시설","한울(구립)경로당","서울특별시 양천구 지양로7길 27-5","서울특별시 양천구 신월동 956","49.14","39","","126.8325700","37.5199140","185198.85506372","546727.49412151"
"2026","1147061100","특정계층이용시설","회원이용시설","지양(구립)경로당","서울특별시 양천구 지양로17길 15 (지양경로당)","서울특별시 양천구 신월동 331-104","146.30","25","","126.8281940","37.5226520","184812.56264951","547032.07556574"
"2026","1147062000","특정계층이용시설","회원이용시설","목동힐스테이트아파트경로당(사립)","서울특별시 양천구 중앙로36길 15 (목동힐스테이트)","서울특별시 양천구 신정동 1323","162.57","55","","126.8546800","37.5200920","187153.45472299","546744.00096589"
"2026","1147062000","특정계층이용시설","회원이용시설","목동10단지아파트경로당(사립)","서울특별시 양천구 목동서로 400 (목동신시가지아파트10단지 관리동)","서울특별시 양천구 신정동 311","218.00","31","","126.8578270","37.5175080","187431.22183931","546456.78422935"
"2026","1147062000","특정계층이용시설","회원이용시설","목동9단지아파트경로당(사립)","서울특별시 양천구 목동서로 340 (목동신시가지아파트9단지 관리동)","서울특별시 양천구 신정동 312","212.00","25","","126.8635770","37.5192300","187939.82693894","546647.15200408"
"2026","1147062000","특정계층이용시설","회원이용시설","구립양명경로당","서울특별시 양천구 중앙로36길 6 (구립노인정)","서울특별시 양천구 신정동 1050-3","100.00","50","","126.8545170","37.5192650","187138.90328413","546652.23657386"
"2026","1147062000","공공시설","공공청사","신정1동주민센터","서울특별시 양천구 중앙로32길 1 (신정1동주민센터)","서울특별시 양천구 신정동 1051-11","2,184.00","200","","126.8543290","37.5185820","187122.16618230","546576.45783810"
"2026","1147062000","특정계층이용시설","회원이용시설","구립남부법마을경로당","서울특별시 양천구 은행정로6길 23","서울특별시 양천구 신정동 1017-5","125.00","54","","126.8619770","37.5217120","187798.78657428","546922.82930864"
"2026","1147063000","특정계층이용시설","회원이용시설","신정2동롯데캐슬아파트경로당","서울특별시 양천구 신목로12길 22 (롯데캐슬)","서울특별시 양천구 신정동 1309","34.40","28","","126.8752950","37.5197540","188975.80830522","546703.87177294"
"2026","1147063000","특정계층이용시설","회원이용시설","경남아너스빌아파트경로당(사립)","서울특별시 양천구 목동동로10길 16-6 (경남아너스빌)","서울특별시 양천구 신정동 1307","50.40","11","","126.8709870","37.5182410","188594.74134183","546536.46128103"
"2026","1147063000","특정계층이용시설","회원이용시설","신정명지해드는터아파트경로당(사립)","서울특별시 양천구 신목로 43 (명지해드는터 관리실)","서울특별시 양천구 신정동 1300","49.50","26","","126.8724370","37.5185030","188722.96655145","546565.36519822"
"2026","1147063000","특정계층이용시설","회원이용시설","신정현대아파트경로당(사립)","서울특별시 양천구 신목로 23 (현대아파트)","서울특별시 양천구 신정동 1252","72.00","25","","126.8747290","37.5173390","188925.41575764","546435.90354486"
"2026","1147063000","특정계층이용시설","회원이용시설","현대아파트구십경로당(사립)","서울특별시 양천구 신목로 10 (목동현대아파트 관리사무소,노인정)","서울특별시 양천구 신정동 1279-1","113.58","37","","126.8766670","37.5181250","189096.85910070","546522.91330805"
"2026","1147063000","특정계층이용시설","회원이용시설","목동3차현대아파트경로당(사립)","서울특별시 양천구 목동동로12길 60 (목동현대아파트)","서울특별시 양천구 신정동 1279","166.14","25","","126.8773040","37.5197180","189153.40311032","546699.64269814"
"2026","1147063000","특정계층이용시설","회원이용시설","삼성제2아파트경로당(사립)","서울특별시 양천구 신목로 5 (목동삼성아파트)","서울특별시 양천구 신정동 1278-1","151.00","54","","126.8768660","37.5172180","189114.31976803","546422.22465912"
"2026","1147063000","특정계층이용시설","회원이용시설","청구아파트경로당(사립)","서울특별시 양천구 신목로2길 11 (청구아파트)","서울특별시 양천구 신정동 336","53.76","22","","126.8756870","37.5194240","189010.41356967","546667.20004275"
"2026","1147063000","특정계층이용시설","회원이용시설","쌍용아파트경로당(사립)","서울특별시 양천구 신목로 9 (쌍용아파트)","서울특별시 양천구 신정동 334","58.05","26","","126.8758640","37.5166840","189025.65956796","546363.07378251"
"2026","1147063000","특정계층이용시설","회원이용시설","유원목동아파트경로당(사립)","서울특별시 양천구 신목로 77 (유원목동아파트 노인정)","서울특별시 양천구 신정동 87-39","57.00","47","","126.8730150","37.5218110","188774.55945965","546932.44268031"
"2026","1147063000","생활밀착민간시설","금융기관","신목동새마을금고","서울특별시 양천구 신목로 62-1 (신목동 새마을금고)","서울특별시 양천구 신정동 296-1","214.00","20","","126.8732780","37.5205690","188797.62291297","546794.56484610"
"2026","1147063000","공공시설","공공청사","신정2동주민센터","서울특별시 양천구 신목로14길 5  (신정동)","서울특별시 양천구 신정동 118-30","60.00","15","","126.8752134","37.5220993","188968.93996643","546964.18032105"
"2026","1147063000","특정계층이용시설","회원이용시설","단산(구립)경로당","서울특별시 양천구 신정동 신목로  58-12,  경로당 (신정동)","서울특별시 양천구 신정동 296-119","230.40","38","","126.8740000","37.5201000","188861.37888977","546742.42598258"
"2026","1147063000","공공시설","복지?문화?체육시설","신목종합사회복지관","서울특별시 양천구 신목로 5 (목동삼성아파트)","서울특별시 양천구 신정동 1278-1","350.00","50","","126.8761860","37.5169630","189054.16699314","546394.00176185"
"2026","1147064000","특정계층이용시설","회원이용시설","래미안아델리체경로당(사립)","서울특별시 양천구 중앙로43길 14 (래미안 목동아델리체)","서울특별시 양천구 신정동 1326","184.30","102","","126.8520860","37.5178350","186923.74655178","546493.85958749"
"2026","1147064000","특정계층이용시설","회원이용시설","신정숲속마을아파트경로당(사립)","서울특별시 양천구 신정로 110 (신정숲속마을)","서울특별시 양천구 신정동 1324","234.31","70","","126.8350590","37.5059670","185416.17423047","545179.16415651"
"2026","1147064000","특정계층이용시설","회원이용시설","신정이펜하우스5단지아파트경로당(사립)","","서울특별시 양천구 신정동 1318","120.10","23","","126.8342120","37.5107740","185342.22371715","545712.81178272"
"2026","1147064000","특정계층이용시설","회원이용시설","신정이펜하우스4단지아파트경로당(사립)","서울특별시 양천구 신정이펜1로 51 (신정 이펜하우스 4단지 401)","서울특별시 양천구 신정동 1317","124.11","41","","126.8298910","37.5106520","184960.16737045","545699.95320392"
"2026","1147064000","특정계층이용시설","회원이용시설","신정이펜하우스3단지아파트경로당(사립)","서울특별시 양천구 신정이펜1로 50 (신정이펜하우스3단지 311)","서울특별시 양천구 신정동 1316","169.72","49","","126.8309720","37.5121670","185056.04385777","545867.92684763"
"2026","1147064000","특정계층이용시설","회원이용시설","신정이펜하우스2단지아파트경로당(사립)","서울특별시 양천구 신정이펜2로 55 (신정 이펜하우스 2단지 204)","서울특별시 양천구 신정동 1322","130.82","20","","126.8303710","37.5153880","185003.55323460","546225.51295983"
"2026","1147064000","특정계층이용시설","회원이용시설","신정이펜하우스1단지아파트경로당(사립)","서울특별시 양천구 신정이펜1로 99 (신정이펜하우스1단지 107)","서울특별시 양천구 신정동 1321","116.36","36","","126.8268950","37.5148270","184696.13456144","546163.80872164"
"2026","1147064000","특정계층이용시설","회원이용시설","신정동일하이빌아파트경로당(사립)","서울특별시 양천구 신정로11길 20 (동일하이빌아파트 101동)","서울특별시 양천구 신정동 1310","220.10","30","","126.8403140","37.5108140","185881.72634443","545716.31822475"
"2026","1129072500","특정계층이용시설","회원이용시설","동아에코빌(아)경로당","서울특별시 성북구 장월로1길 28 (동아에코빌아파트 상가동)","서울특별시 성북구 상월곡동 101","","","","127.0453050","37.6076950","204000.35417461","556457.94683743"
"2026","1129072500","특정계층이용시설","회원이용시설","동아(아)제2경로당","서울특별시 성북구 장월로1길 28 (동아에코빌아파트 상가동)","서울특별시 성북구 상월곡동 101","","","","127.0454600","37.6078370","204014.03277974","556473.71390175"
"2026","1129072500","공공시설","공공청사","성북구보건소","서울특별시 성북구 화랑로 63  (하월곡동)","서울특별시 성북구 하월곡동 46-1","63.00","15","","127.0395539","37.6026857","203492.77604956","555901.74002374"
"2026","1129072500","공공시설","복지?문화?체육시설","삼태기마을주민공동이용시설","서울특별시 성북구 화랑로18길 28 (상월곡동)","서울특별시 성북구 상월곡동 24-243","85.56","21","","127.0492968","37.6060084","204352.92160845","556270.93026019"
"2026","1129072500","공공시설","복지?문화?체육시설","성북장애인종합복지관","서울특별시 성북구 화랑로 130 (하월곡동)","서울특별시 성북구 하월곡동 11-11","2,460.00","260","","127.0456249","37.6045826","204028.76866065","556112.51820888"
"2026","1129072500","공공시설","공공청사","월곡2동주민센터","서울특별시 성북구 화랑로 152 (월곡2동 주민센터)","서울특별시 성북구 상월곡동 97-22","867.00","25","","127.0478550","37.6057570","204225.62446767","556242.96174954"
"2026","1129072500","공공시설","복지?문화?체육시설","성북정보도서관","서울특별시 성북구 화랑로18자길 13","서울특별시 성북구 상월곡동 24-348","6,667.00","250","매월 1, 3주 월요일 및 공휴일 휴관","127.0505729","37.6049353","204465.66576355","556151.88785290"
"2026","1129072500","특정계층이용시설","회원이용시설","상월곡실버복지센터","서울특별시 성북구 화랑로18길 6","서울특별시 성북구 상월곡동 97-22","576.00","80","","127.0482240","37.6058420","204258.20253990","556252.41248877"
"2026","1129072500","특정계층이용시설","회원이용시설","목화경로당","서울특별시 성북구 월곡로14길 1-19","서울특별시 성북구 하월곡동 34-48","","","","127.0415767","37.6010600","203671.47771276","555721.38243093"
"2026","1129072500","특정계층이용시설","회원이용시설","상월곡동경로당","서울특별시 성북구 화랑로18길 6","서울특별시 성북구 상월곡동 97-22","","","","127.0482256","37.6058210","204258.34501782","556250.08179147"
"2026","1129072500","특정계층이용시설","회원이용시설","월곡2동경로당","서울특별시 성북구 화랑로5길 8","서울특별시 성북구 하월곡동 96-175","","","","127.0390777","37.6029931","203450.71138238","555935.84043003"
"2026","1129072500","특정계층이용시설","회원이용시설","동덕경로당","서울특별시 성북구 장월로1마길 27-6","서울특별시 성북구 하월곡동 21-23","","","","127.0427298","37.6055639","203773.07604292","556221.31146003"
"2026","1129072500","생활밀착민간시설","금융기관","새마을금고월곡(본점)","서울특별시 성북구 화랑로11길 36","서울특별시 성북구 하월곡동 17-2","50.00","5","","127.0424039","37.6037416","203744.39014711","556019.04312855"
"2026","1129072500","생활밀착민간시설","금융기관","국민은행월곡역지점","서울특별시 성북구 화랑로 91","서울특별시 성북구 하월곡동 16-7","50.00","5","","127.0420953","37.6029433","203717.17957175","555930.42835485"
"2026","1129072500","생활밀착민간시설","금융기관","새서울신용협동조합(본점)","서울특별시 성북구 화랑로 95","서울특별시 성북구 하월곡동 16-16","50.00","5","","127.0424937","37.6033067","203752.34159820","555970.77759920"
"2026","1129076000","공공시설","공공청사","장위2동주민센터(임시청사)","서울특별시 성북구 화랑로25길 29 (신한은행(장위지점))","서울특별시 성북구 상월곡동 7-113","27.00","10","","127.0515240","37.6097620","204549.35539571","556687.64446343"
"2026","1129076000","특정계층이용시설","회원이용시설","신동방경로당","서울특별시 성북구 장위로10길 10-4","서울특별시 성북구 장위동 231-436","","","","127.0393760","37.6132390","203476.57549449","557073.03445884"
"2026","1129076000","특정계층이용시설","회원이용시설","동방경로당","서울특별시 성북구 장위로13길 75","서울특별시 성북구 장위동 219-169","","","","127.0436010","37.6169470","203849.41695644","557484.74732455"
"2026","1129076000","공공시설","복지?문화?체육시설","장위행복누림도서관","서울특별시 성북구 장위로21다길 53 (장위행복누림복합센터)","서울특별시 성북구 장위동 224-12","6,667.00","250","매주 월요일 및 공휴일 휴관 ","127.0459440","37.6159080","204056.33068122","557369.52816826"
"2026","1129076000","공공시설","공공청사","장위1동주민센터","서울특별시 성북구 장위로 61 (장위1동 주민센터)","서울특별시 성북구 장위동 225-100","160.00","36","","127.0436810","37.6140750","203856.62827247","557165.98956278"
"2026","1130555500","특정계층이용시설","회원이용시설","숭인경로당","서울특별시 강북구 삼양로16길 25 (미아동)","서울특별시 강북구 미아동 1261-322","135.95","33","","127.0235704","37.6130543","202081.07671265","557052.06690219"
"2026","1130555500","특정계층이용시설","회원이용시설","큰마을효심경로당","서울특별시 강북구 삼양로54길 60 (미아동)","서울특별시 강북구 미아동 754-63","149.00","25","","127.0213522","37.6232608","201884.96980874","558184.83198155"
"2026","1130555500","특정계층이용시설","회원이용시설","건양경로당","서울특별시 강북구 삼양로38길 8-9","서울특별시 강북구 미아동 734-230","104.54","33","","127.0213300","37.6206800","201883.07509105","557898.39025390"
"2026","1130557500","특정계층이용시설","회원이용시설","삼각산아이원(아)경로당","서울특별시 강북구 삼양로19길 113 (삼각산아이원아파트 노인정)","서울특별시 강북구 미아동 1357","","","","127.0167980","37.6154330","201483.08102451","557315.94832827"
"2026","1130557500","특정계층이용시설","회원이용시설","래미안트리베라1차(아)경로당","서울특별시 강북구 삼양로19길 25 (삼성래미안트리베라1차아파트 119동)","서울특별시 강북구 미아동 813","156.16","40","","127.0208000","37.6142690","201836.44280405","557186.82765486"
"2026","1130557500","공공시설","공공청사","삼각산동주민센터","서울특별시 강북구 삼양로19길 34","서울특별시 강북구 미아동 813-3","515.66","30","","127.0207409","37.6151481","201831.20327663","557284.39710640"
"2026","1130559500","공공시설","공공청사","강북구스마트팜","서울특별시 강북구 한천로 973 (강북구스마트팜 센터)","서울특별시 강북구 번동 410-5","26.40","10","","127.0321720","37.6362590","202839.64596311","559627.76788770"
"2026","1130559500","특정계층이용시설","회원이용시설","두산위브아파트경로당","서울특별시 강북구 덕릉로41길 12 (수유역 두산위브 아파트 1)","서울특별시 강북구 번동 410","91.08","25","","127.0326250","37.6357780","202879.64835209","559574.39569397"
"2026","1130559500","특정계층이용시설","회원이용시설","쌍용아파트경로당","서울특별시 강북구 한천로124나길 10 (쌍용아파트)","서울특별시 강북구 번동 459-110","42.12","25","","127.0323300","37.6379760","202853.52609178","559818.34186843"
"2026","1130559500","특정계층이용시설","회원이용시설","번동삼성아파트경로당","서울특별시 강북구 도봉로98길 33 (삼성아파트)","서울특별시 강북구 번동 470-1","31.00","30","","127.0315600","37.6419570","202785.41534462","560260.16864165"
"2026","1130559500","특정계층이용시설","회원이용시설","번남경로당","서울특별시 강북구 오패산로77길 29-7 (번동)","서울특별시 강북구 번동 447-30","74.18","25","","127.0257443","37.6361570","202272.31123791","559616.27185037"
"2026","1130559500","야외시설","공원","번창교하부","서울특별시 강북구 도봉로102길 21 (번동)","서울특별시 강북구 번동 655-2","115.00","50","2025. 7. 12. ~ 8. 22. (42일간 운영)","127.0317438","37.6422486","202801.62617288","560292.53871681"
"2026","1130559500","공공시설","공공청사","번1동주민센터","서울특별시 강북구 덕릉로41길 74","서울특별시 강북구 번동 417-11","243.00","30","","127.0288350","37.6378620","202545.05259340","559805.58849987"
"2026","1130559500","특정계층이용시설","회원이용시설","번1동경로당","서울특별시 강북구 덕릉로41길 92","서울특별시 강북구 번동 417-15","99.18","25","","127.0280370","37.6382240","202474.60701643","559845.74540354"
"2026","1130559500","특정계층이용시설","회원이용시설","샛강경로당","서울특별시 강북구 도봉로96나길 9-1 (번동)","서울특별시 강북구 번동 471-116","99.82","30","","127.0323882","37.6390372","202858.62230953","559936.12585863"
"2026","1130560300","공공시설","복지?문화?체육시설","강북문화정보도서관","서울특별시 강북구 오현로 145 (강북문화정보도서관)","서울특별시 강북구 번동 147","260.73","25","휴관일 미운영","127.0363000","37.6252200","203204.47583974","558402.68767125"
"2026","1130563500","공공시설","공공청사","강북구청","서울특별시 강북구 덕릉로 138 (창강빌딩)","서울특별시 강북구 번동 437-11","200.50","20","[평시] (매일) 09:00~18:00 [폭염특보시] (평일) 09:00~22:00","127.0292360","37.6347640","202580.55304351","559461.75364222"
"2026","1130564500","특정계층이용시설","회원이용시설","대우아파트경로당","서울특별시 강북구 삼양로149길 45 (대우아파트)","서울특별시 강북구 우이동 342","56.00","16","","127.0115430","37.6548500","201018.58337966","561690.75474046"
"2026","1130564500","공공시설","공공청사","우이동주민센터","서울특별시 강북구 삼양로139길 49","서울특별시 강북구 수유동 568-100","255.80","30","폭염 특보시 연장운영","127.0118430","37.6478660","201045.15400847","560915.60464705"
"2026","1130564500","특정계층이용시설","회원이용시설","우이경로당","서울특별시 강북구 삼양로170길 23","서울특별시 강북구 우이동 1","208.00","63","","127.0138630","37.6618650","201223.19092710","562469.37747693"
"2026","1130564500","특정계층이용시설","회원이용시설","삼각산경로당","서울특별시 강북구 삼양로 515-21","서울특별시 강북구 수유동 279-155","82.00","24","","127.0133150","37.6488240","201175.04406679","561021.95032789"
"2026","1130564500","특정계층이용시설","회원이용시설","소귓골경로당","서울특별시 강북구 삼양로173가길 55","서울특별시 강북구 우이동 154-20","66.92","20","","127.0096570","37.6614710","200852.08231972","562425.60084296"
"2026","1130566000","공공시설","복지?문화?체육시설","강북문화예술회관","서울특별시 강북구 삼각산로 85 (강북문화예술회관)","서울특별시 강북구 수유동 360-10","74.82","20","매월 둘째, 넷째 일요일 휴관","127.0131780","37.6407870","201163.07917258","560129.92386432"
"2026","1130566000","특정계층이용시설","회원이용시설","가오경로당","서울특별시 강북구 삼양로111길 56","서울특별시 강북구 수유동 356-44","94.00","20","","127.0134060","37.6419410","201183.18395822","560258.00883139"
"2026","1130566000","특정계층이용시설","회원이용시설","극동(아)경로당","서울특별시 강북구 인수봉로72길 4 (극동아파트)","서울특별시 강북구 수유동 553-61","171.00","30","","127.0125730","37.6416250","201109.66991760","560222.92590390"
"2026","1130566000","특정계층이용시설","회원이용시설","제일경로당","서울특별시 강북구 삼양로87길 33-8 (청소년 청년 공간)","서울특별시 강북구 수유동 447-11","163.92","20","","127.0156270","37.6357810","201379.31839103","559574.34288732"
"2026","1130566000","특정계층이용시설","회원이용시설","시립강북노인종합복지관","서울특별시 강북구 삼양로92길 40","서울특별시 강북구 수유동 122","48.22","40","폭염 특보 시 연장운영","127.0187350","37.6356610","201653.64891854","559561.07436781"
"2026","1130566000","공공시설","공공청사","인수동주민센터","서울특별시 강북구 인수봉로 255","서울특별시 강북구 수유동 527-19","70.00","30","","127.0105800","37.6414580","200933.77348304","560204.36891818"
"2026","1130566000","특정계층이용시설","회원이용시설","무너미경로당","서울특별시 강북구 인수봉로55가길 21 (수유동)","서울특별시 강북구 수유동 510-18","182.94","20","","127.0099542","37.6358172","200878.60782243","559578.29245488"
"2026","1130566000","특정계층이용시설","회원이용시설","삼산경로당","서울특별시 강북구 인수봉로79길 62-4","서울특별시 강북구 수유동 540-48","71.60","25","","127.0082890","37.6432770","200731.55573451","560406.23888584"
"2026","1130566000","특정계층이용시설","회원이용시설","인수경로당","서울특별시 강북구 인수봉로72길 15-12","서울특별시 강북구 수유동 554-41","88.90","25","","127.0121030","37.6427500","201068.17247110","560347.78388064"
"2026","1130566000","특정계층이용시설","회원이용시설","한신경로당","서울특별시 강북구 인수봉로48길 5-6","서울특별시 강북구 수유동 455-37","114.38","20","","127.0139600","37.6343140","201232.20472779","559411.49797080"
"2026","1132051100","야외시설","공원","초안산생태공원입구야외무더위쉼터","","서울특별시 도봉구 창동 368","100.00","10","우천시 미운영","127.0450040","37.6487180","203971.59291112","561011.05474917"
"2026","1132051100","공공시설","복지?문화?체육시설","도봉문화정보도서관","서울특별시 도봉구 덕릉로 315 (도봉문화정보도서관)","서울특별시 도봉구 창동 418","",""," * 폭염특보 발령 시 주말 9~20시 추가 운영","127.0439680","37.6445430","203880.38333155","560547.62893727"
"2026","1132051100","특정계층이용시설","회원이용시설","대우그린아파트경로당","서울특별시 도봉구 덕릉로 371 (대우그린아파트)","서울특별시 도봉구 창동 814","72.00","18","","127.0501130","37.6461620","204422.61259925","560727.59334754"
"2026","1132051100","특정계층이용시설","회원이용시설","주공3단지아파트경로당","서울특별시 도봉구 해등로 50 (주공3단지아파트 관리동)","서울특별시 도봉구 창동 347","286.00","71","","127.0442490","37.6494080","203904.92820020","561087.60605022"
"2026","1132051100","특정계층이용시설","회원이용시설","삼성아파트제2경로당","서울특별시 도봉구 노해로66길 21 (삼성아파트)","서울특별시 도봉구 창동 45","123.00","31","","127.0490140","37.6472940","204325.55711744","560853.18257045"
"2026","1132051100","특정계층이용시설","회원이용시설","현대타운아파트경로당","서울특별시 도봉구 도봉로114길 22-8 (현대타운아파트 101동)","서울특별시 도봉구 창동 812","47.00","11","","127.0351510","37.6470080","203102.13895911","560820.89062971"
"2026","1132051100","특정계층이용시설","회원이용시설","삼성아파트제1경로당","서울특별시 도봉구 노해로66길 21 (삼성아파트)","서울특별시 도봉구 창동 45","191.00","47","","127.0483090","37.6506770","204263.14645612","561228.62897467"
"2026","1132051100","특정계층이용시설","회원이용시설","주공4단지아파트경로당","서울특별시 도봉구 덕릉로 355-8 (주공4단지아파트)","서울특별시 도봉구 창동 373","148.00","37","","127.0484860","37.6457790","204279.04725521","560685.00879369"
"2026","1132051100","공공시설","복지?문화?체육시설","모두가시원한모두온","서울특별시 도봉구 도봉로112길 43 (창동)","서울특별시 도봉구 창동 657-37","255.00","20","","127.0371743","37.6471236","203280.69374409","560833.78988851"
"2026","1132051100","특정계층이용시설","회원이용시설","창일경로당","서울특별시 도봉구 도봉로116길 41 (창동)","서울특별시 도봉구 창동 664-17","246.00","61","","127.0377290","37.6484448","203329.58796221","560980.44919443"
"2026","1132051100","공공시설","공공청사","창1동주민센터","서울특별시 도봉구 해등로 46 (창동)","서울특별시 도봉구 창동 347-5","218.00","48","","127.0438153","37.6483916","203866.70731912","560974.77799843"
"2026","1132051100","공공시설","복지?문화?체육시설","창동종합사회복지관","서울특별시 도봉구 덕릉로 329","서울특별시 도봉구 창동 374","355.00","80"," * 폭염특보 발효 시에만 평일 연장 운영: 09~20시/ 주말 운영: 09~18시","127.0455373","37.6448276","204018.86613067","560579.28269769"
"2026","1132051200","야외시설","공원","우이천우이3교하부야외무더위쉼터","","서울특별시 도봉구 창동 737-7","100.00","10","우천시 미운영","127.0367070","37.6369630","203239.89498140","559706.05150058"
"2026","1132051200","특정계층이용시설","회원이용시설","창2동한신아파트경로당","서울특별시 도봉구 도봉로110다길 5 (창동 한신아파트)","서울특별시 도봉구 창동 621-69","80.00","40","","127.0342700","37.6454740","203024.45132211","560650.60350960"
"2026","1132051200","특정계층이용시설","회원이용시설","태영데시앙아파트경로당","서울특별시 도봉구 도봉로110다길 51 (태영창동데시앙 103동)","서울특별시 도봉구 창동 819","142.00","50","","127.0332640","37.6430080","202935.76523484","560376.87080273"
"2026","1132051200","특정계층이용시설","회원이용시설","수산트리플아파트경로당","서울특별시 도봉구 우이천로20길 6 (수산트리플아파트 101동)","서울특별시 도봉구 창동 817","23.00","30","","127.0344070","37.6402290","203036.75557205","560068.46677857"
"2026","1132051200","특정계층이용시설","회원이용시설","금용아파트경로당","서울특별시 도봉구 우이천로 200 (창동금용아파트 노인정)","서울특별시 도봉구 창동 809","37.00","30","","127.0354150","37.6380410","203125.81313879","559825.65449733"
"2026","1132051200","특정계층이용시설","회원이용시설","대우아파트경로당","서울특별시 도봉구 덕릉로63가길 43 (창동대우아파트)","서울특별시 도봉구 창동 804","143.00","50","","127.0386650","37.6423970","203412.46672345","560309.23881383"
"2026","1132051200","특정계층이용시설","회원이용시설","창동건영캐스빌아파트경로당","서울특별시 도봉구 우이천로20길 7 (건영캐스빌아파트 관리사무소,노인정)","서울특별시 도봉구 창동 635-42","86.00","22","","127.0340240","37.6413420","203002.90726089","560191.98598149"
"2026","1132051200","특정계층이용시설","회원이용시설","창2동구립경로당","서울특별시 도봉구 덕릉로59나길 15-6 (창동)","서울특별시 도봉구 창동 601-118","196.90","50","","127.0391232","37.6412397","203452.95976428","560180.80718055"
"2026","1132051200","공공시설","공공청사","창2동주민센터","서울특별시 도봉구 덕릉로59길 73-3  (창동)","서울특별시 도봉구 창동 632-73","988.00","247","","127.0356792","37.6414117","203148.98979555","560199.77623246"
"2026","1132051200","특정계층이용시설","회원이용시설","장수경로당","서울특별시 도봉구 도봉로104길 101  (창동)","서울특별시 도봉구 창동 623-41","234.00","59","","127.0374763","37.6440198","203307.48337025","560489.31039364"
"2026","1132051200","특정계층이용시설","회원이용시설","초안경로당","서울특별시 도봉구 덕릉로59차길 14  (창동)","서울특별시 도봉구 창동 632-66","147.00","30","","127.0357329","37.6412673","203153.73537712","560183.75112268"
"2026","1132051300","특정계층이용시설","회원이용시설","초안산신도브래뉴아파트경로당","서울특별시 도봉구 우이천로4라길 11-14 (초안산신도브래뉴 관리,노인정)","서울특별시 도봉구 창동 821","36.00","30","","127.0421880","37.6335520","203723.83846427","559327.66938908"
"2026","1132051300","특정계층이용시설","회원이용시설","한승미메이드아파트경로당","서울특별시 도봉구 덕릉로60길 164-13 (창동한승미메이드아파트 관리동)","서울특별시 도봉구 창동 824","23.00","30","","127.0431670","37.6329490","203810.28335235","559260.78198952"
"2026","1132051300","특정계층이용시설","회원이용시설","신창아파트경로당","서울특별시 도봉구 덕릉로62길 13 (신창아파트)","서울특별시 도봉구 창동 810","83.00","40","","127.0419480","37.6414120","203702.26418334","560200.03842759"
"2026","1132051300","특정계층이용시설","회원이용시설","창3동한신아파트경로당","","서울특별시 도봉구 창동 451","65.00","16","","127.0406720","37.6390130","203589.76186396","559933.72458093"
"2026","1132051300","특정계층이용시설","회원이용시설","창동어르신복지관","서울특별시 도봉구 덕릉로60차길 8 (창동어르신복지관)","서울특별시 도봉구 창동 467-4","196.00","100","","127.0415180","37.6367050","203664.54424532","559677.59319161"
"2026","1132051300","특정계층이용시설","회원이용시설","초헌약수경로당","서울특별시 도봉구 덕릉로60바길 31  (창동)","서울특별시 도봉구 창동 451-14","169.00","40","","127.0415238","37.6393112","203664.92815826","559966.85463194"
"2026","1132051300","공공시설","공공청사","창3동주민센터","서울특별시 도봉구 덕릉로62길 89  (창동)","서울특별시 도봉구 창동 462-2","470.00","150","","127.0429158","37.6380920","203787.84924001","559831.59132648"
"2026","1132051300","특정계층이용시설","회원이용시설","창3동경로당","서울특별시 도봉구 우이천로4나길 24  (창동)","서울특별시 도봉구 창동 521-17","77.00","30","","127.0402309","37.6348231","203551.02921905","559468.67236824"
"2026","1132051400","특정계층이용시설","회원이용시설","창동현대4차아이파크아파트경로당","서울특별시 도봉구 노해로69가길 54 (현대4차아파트 404동)","서울특별시 도봉구 창동 818","57.00","30","","127.0465130","37.6595900","204104.16340403","562217.80246797"
"2026","1132051400","특정계층이용시설","회원이용시설","녹천경로당","서울특별시 도봉구 덕릉로66길 17 (주공17단지아파트)","서울특별시 도봉구 창동 38","194.00","100","","127.0524510","37.6437760","204629.09572927","560462.88452811"
"2026","1132051400","특정계층이용시설","회원이용시설","노송경로당","서울특별시 도봉구 노해로70길 126 (주공18단지아파트 관리사무소,경로당)","서울특별시 도봉구 창동 30","187.00","50","","127.0524830","37.6464130","204631.75616523","560755.56616670"
"2026","1132051400","특정계층이용시설","회원이용시설","동아아파트경로당","서울특별시 도봉구 노해로70길 12 (동아아파트)","서울특별시 도봉구 창동 26","138.00","50","","127.0495170","37.6507610","204369.74447047","561238.00771603"
"2026","1132051400","특정계층이용시설","회원이용시설","현대2차아파트경로당","서울특별시 도봉구 도봉로136길 111 (창동2, 3차 현대아파트 관리사무소)","서울특별시 도봉구 창동 815","82.00","40","","127.0462830","37.6607260","204083.80668552","562343.87714084"
"2026","1132051400","특정계층이용시설","회원이용시설","쌍용아파트경로당","서울특별시 도봉구 마들로 551 (쌍용아파트)","서울특별시 도봉구 창동 807","342.00","100","","127.0469330","37.6597670","204141.21307662","562237.46617196"
"2026","1132051400","특정계층이용시설","회원이용시설","주공19단지아파트경로당","서울특별시 도봉구 노해로70길 54 (주공19단지아파트 노인정)","서울특별시 도봉구 창동 27","473.00","100","","127.0506540","37.6498470","204470.13650752","561136.61654255"
"2026","1132051400","공공시설","공공청사","창4동주민센터","서울특별시 도봉구 노해로 390","서울특별시 도봉구 창동 33-1","330.00","82","","127.0515364","37.6522490","204547.86045516","561403.25668952"
"2026","1132051500","특정계층이용시설","회원이용시설","북한산한신휴플러스아파트경로당","","서울특별시 도봉구 창동 826","119.00","29","","127.0427870","37.6559770","203775.57561455","561816.63899506"
"2026","1132051500","특정계층이용시설","회원이용시설","북한산아이파크아파트경로당","서울특별시 도봉구 도봉로136길 28 (북한산 아이파크)","서울특별시 도봉구 창동 825","250.00","100","","127.0437960","37.6571970","203864.54774216","561952.08788948"
"2026","1132051500","특정계층이용시설","회원이용시설","금호어울림아파트경로당","서울특별시 도봉구 도봉로136가길 68 (창동금호어울림아파트 101동)","서울특별시 도봉구 창동 823","93.00","40","","127.0411980","37.6567850","203635.32096952","561906.25612746"
"2026","1132051500","특정계층이용시설","회원이용시설","창5동신도브래뉴아파트경로당","서울특별시 도봉구 도봉로136나길 40 (창동신도브래뉴1차아파트 101동)","서울특별시 도봉구 창동 820","53.00","40","","127.0445060","37.6561340","203927.25395130","561834.13501536"
"2026","1132051500","특정계층이용시설","회원이용시설","창동대림아파트경로당","서울특별시 도봉구 노해로63길 75 (창동대림아파트)","서울특별시 도봉구 창동 822","125.00","50","","127.0456870","37.6529160","204031.64056197","561477.01943914"
"2026","1132051500","특정계층이용시설","회원이용시설","창동대동아파트경로당","서울특별시 도봉구 도봉로 642-30 (대동아파트 101동)","서울특별시 도봉구 창동 811","40.00","30","","127.0441550","37.6616390","203895.99367792","562445.12054631"
"2026","1132051500","특정계층이용시설","회원이용시설","동아그린아파트경로당","서울특별시 도봉구 노해로63다길 34 (동아그린아파트)","서울특별시 도봉구 창동 805","57.00","30","","127.0465100","37.6548120","204104.16168946","561687.49207235"
"2026","1132051400","특정계층이용시설","회원이용시설","만수정경로당","서울특별시 도봉구 마들로16길 56 (성원아파트)","서울특별시 도봉구 창동 743-15","60.00","30","","127.0498290","37.6606580","204396.69403119","562336.49015411"
"2026","1132051400","특정계층이용시설","회원이용시설","동아청솔아파트경로당","서울특별시 도봉구 노해로69길 103 (동아청솔아파트)","서울특별시 도봉구 창동 808","162.00","100","","127.0486540","37.6568720","204293.23514764","561916.22742368"
"2026","1132051500","특정계층이용시설","회원이용시설","주공2단지아파트경로당","서울특별시 도봉구 해등로12길 44 (주공2단지아파트)","서울특별시 도봉구 창동 316","66.00","40","","127.0415400","37.6527970","203665.69517384","561463.64147110"
"2026","1132051500","특정계층이용시설","회원이용시설","주공1단지아파트경로당","서울특별시 도봉구 해등로 113 (주공1단지아파트)","서울특별시 도봉구 창동 305","60.00","40","","127.0392170","37.6540160","203460.64557782","561598.84995099"
"2026","1132051500","특정계층이용시설","회원이용시설","상아2차아파트경로당","서울특별시 도봉구 노해로63가길 7 (상아2차아파트)","서울특별시 도봉구 창동 300","62.00","40","","127.0441370","37.6531630","203894.84820110","561504.36845590"
"2026","1132051500","특정계층이용시설","회원이용시설","상아1차아파트경로당","서울특별시 도봉구 해등로 118 (상아1차아파트 관리사무실)","서울특별시 도봉구 창동 299","80.00","40","","127.0420840","37.6540880","203713.63613530","561606.95087965"
"2026","1132051500","특정계층이용시설","회원이용시설","창동현대1차아파트경로당","서울특별시 도봉구 해등로16길 12 (현대아파트 상가동)","서울특별시 도봉구 창동 813","59.90","21","","127.0405920","37.6562160","203581.87472218","561843.07950366"
"2026","1132051500","특정계층이용시설","회원이용시설","유만경로당","서울특별시 도봉구 노해로61길 22  (창동)","서울특별시 도봉구 창동 700-63","78.00","30","","127.0381200","37.6524191","203363.91448370","561421.57021945"
"2026","1132051500","공공시설","공공청사","창5동주민센터","서울특별시 도봉구 도봉로136나길 20  (창동)","서울특별시 도봉구 창동 224-41","365.00","200","","127.0436400","37.6563328","203850.82697426","561856.16391468"
"2026","1132051500","특정계층이용시설","회원이용시설","창5동경로당","서울특별시 도봉구 노해로63가길 34  (창동)","서울특별시 도봉구 창동 254-17","124.00","40","","127.0453486","37.6541179","204001.71401823","561610.40375511"
"2026","1132052100","공공시설","복지?문화?체육시설","김근태기념도서관","서울특별시 도봉구 도봉산길 14","서울특별시 도봉구 도봉동 279","","10","* 폭염특보 발령시 주말 9~17시 추가 운영","127.0439170","37.6877200","203873.63778495","565339.84968983"
"2026","1132052100","특정계층이용시설","회원이용시설","도봉숲아뜨리움경로당","서울특별시 도봉구 도봉로167길 38 (도봉숲 아뜨리움 105동)","서울특별시 도봉구 도봉동 593-37","71.46","15","","127.0421730","37.6780880","203720.29170696","564270.71861349"
"2026","1132052100","특정계층이용시설","회원이용시설","가든아파트경로당","서울특별시 도봉구 도봉산길 35 (서울가든아파트 노인정)","서울특별시 도봉구 도봉동 555","53.00","40","","127.0410020","37.6869860","203616.55990205","565258.26612138"
"2026","1132052100","특정계층이용시설","회원이용시설","럭키아파트경로당","서울특별시 도봉구 도봉로169길 31 (럭키아파트)","서울특별시 도봉구 도봉동 595","174.00","100","","127.0442690","37.6799420","203905.09320039","564476.58010442"
"2026","1132052100","특정계층이용시설","회원이용시설","무수경로당","서울특별시 도봉구 도봉로173길 40-5 (도봉동)","서울특별시 도봉구 도봉동 589-6","188.70","43","","127.0414000","37.6798000","203652.01757746","564460.70381087"
"2026","1132052100","특정계층이용시설","회원이용시설","도봉산경로당","서울특별시 도봉구 도봉산4길 28-3  (도봉동)","서울특별시 도봉구 도봉동 286-1","132.00","40","","127.0427871","37.6889061","203773.91642186","565471.44953347"
"2026","1132052100","특정계층이용시설","회원이용시설","약수경로당","서울특별시 도봉구  시루봉로23가길  17   (도봉동)","서울특별시 도봉구 도봉동 454-14","140.00","50","","127.0393141","37.6723315","203468.36174097","563631.69306771"
"2026","1132052100","특정계층이용시설","회원이용시설","서원경로당","서울특별시 도봉구 도봉로181길 34-7","서울특별시 도봉구 도봉동 568-44","166.00","50","","127.0441927","37.6846364","203898.11690138","564997.61064549"
"2026","1130560300","공공시설","공공청사","번2동주민센터","서울특별시 강북구 한천로 897","서울특별시 강북구 번동 232","192.00","30","","127.0387560","37.6320680","203420.97167364","559162.83024168"
"2026","1130560300","공공시설","복지?문화?체육시설","강북장애인종합복지관","서울특별시 강북구 오현로 189","서울특별시 강북구 번동 306-12","77.00","15","폭염 특보시 연장 및 추가운영","127.0390480","37.6287280","203446.90061474","558792.13599376"
"2026","1130560300","공공시설","복지?문화?체육시설","번오마을종합사회복지관","서울특별시 강북구 한천로115길 20 (번동주공5단지아파트)","서울특별시 강북구 번동 229","198.00","50","폭염 특보시 연장 및 추가운영  -평일: 18:00~21:00 -토요일: 9:30~14:00","127.0381130","37.6325850","203364.19109434","559220.18858524"
"2026","1130560300","특정계층이용시설","회원이용시설","오동경로당","서울특별시 강북구 오현로25나길 92 (번동)","서울특별시 강북구 번동 148-327","205.20","101","","127.0332760","37.6256273","202937.50842761","558447.79470502"
"2026","1130560300","특정계층이용시설","회원이용시설","장수촌경로당","서울특별시 강북구 덕릉로36길 22-4","서울특별시 강북구 번동 442-6","85.00","25","","127.0281850","37.6338290","202487.81634999","559357.95000788"
"2026","1130560300","특정계층이용시설","회원이용시설","교육촌경로당","서울특별시 강북구 오현로25다길 36","서울특별시 강북구 번동 148-200","118.72","35","","127.0354550","37.6270860","203129.80304772","558609.76541261"
"2026","1130560300","특정계층이용시설","회원이용시설","샘골경로당","서울특별시 강북구 덕릉로44길 6-4","서울특별시 강북구 번동 433-35","72.60","18","","127.0324180","37.6350350","202861.40597084","559491.92409333"
"2026","1130560300","특정계층이용시설","회원이용시설","샘마을경로당","서울특별시 강북구 오현로31길 125-14 (번동)","서울특별시 강북구 번동 510-31","172.48","44","","127.0341852","37.6326416","203017.48636284","559226.33703047"
"2026","1130560800","특정계층이용시설","회원이용시설","번동주공3단지(아)경로당","서울특별시 강북구 오현로 208 (번동주공아파트)","서울특별시 강북구 번동 237","","","","127.0427580","37.6287130","203774.39578695","558790.61389386"
"2026","1130560800","특정계층이용시설","회원이용시설","번동주공2단지(아)경로당","서울특별시 강북구 한천로105길 24 (번동2단지주공아파트)","서울특별시 강북구 번동 241","","","","127.0448800","37.6267010","203961.81883193","558567.39058001"
"2026","1130560800","특정계층이용시설","기타","100세건강플러스","서울특별시 강북구 오현로 208","서울특별시 강북구 번동 237","82.30","35","","127.0429140","37.6292140","203788.14101628","558846.22590674"
"2026","1130560800","야외시설","공원","벌리교상부","","서울특별시 강북구 번동 266","253.00","50","2025. 7. 12. ~ 8. 22. (42일간 운영)","127.0448150","37.6283750","203955.99217908","558753.18417592"
"2026","1130560800","공공시설","공공청사","번3동주민센터","서울특별시 강북구 한천로105길 21","서울특별시 강북구 번동 242-3","288.47","30","","127.0465960","37.6258250","204113.34842154","558470.23766901"
"2026","1130560800","특정계층이용시설","회원이용시설","골말경로당","서울특별시 강북구 한천로109길 57-12","서울특별시 강북구 번동 174","59.34","20","","127.0413260","37.6268810","203648.07775331","558587.22458604"
"2026","1130560800","공공시설","복지?문화?체육시설","북서울종합사회복지관","서울특별시 강북구 한천로105길 24 (번동2단지주공아파트 202동)","서울특별시 강북구 번동 241","106.80","20","폭염 특보시 연장 및 추가운영","127.0463750","37.6262860","204093.81395180","558521.39412927"
"2026","1130560800","공공시설","복지?문화?체육시설","꿈의숲종합사회복지관","서울특별시 강북구 오현로 208 (번동주공아파트 301동)","서울특별시 강북구 번동 237","118.00","20","폭염 특보시 연장 및 추가운영  ","127.0411400","37.6297440","203631.51918786","558904.98020294"
"2026","1130561500","공공시설","복지?문화?체육시설","수유문화정보도서관","서울특별시 강북구 삼양로 299 (수유1동주민센터,수유문화정보도서관)","서울특별시 강북구 수유동 605-412","105.00","15","휴관일(공휴일 등) 미운영 2026. 5. ~ 공사완료 시: 시설개선공사로 무더위쉼터 미운영","127.0176410","37.6301430","201557.20190443","558948.61535208"
"2026","1130561500","특정계층이용시설","회원이용시설","큰무네미경로당","서울특별시 강북구 도봉로71가길 30-9","서울특별시 강북구 수유동 89-2","76.00","29","","127.0226390","37.6325660","201998.31922550","559217.63763178"
"2026","1130561500","특정계층이용시설","회원이용시설","삼흥경로당","서울특별시 강북구 삼양로77길 111","서울특별시 강북구 수유동 486-2","34.00","30","","127.0125780","37.6278120","201110.31671886","558689.82694226"
"2026","1130561500","공공시설","공공청사","수유1동주민센터","서울특별시 강북구 삼양로 299","서울특별시 강북구 수유동 605-412","415.00","30","","127.0175290","37.6300010","201547.31841256","558932.85299193"
"2026","1130561500","특정계층이용시설","회원이용시설","수유경로당","서울특별시 강북구 인수봉로20길 32","서울특별시 강북구 수유동 486-758","92.34","20","","127.0123730","37.6266780","201092.23703923","558563.96251667"
"2026","1130561500","특정계층이용시설","회원이용시설","수유장수경로당","서울특별시 강북구 삼양로80나길 56","서울특별시 강북구 수유동 49-7","116.64","30","","127.0206120","37.6333160","201819.37991394","559300.83855564"
"2026","1130561500","특정계층이용시설","회원이용시설","화계경로당","서울특별시 강북구 인수봉로38가길 28","서울특별시 강북구 수유동 468-147","228.25","40","","127.0156630","37.6314360","201382.57643244","559092.09379637"
"2026","1130562500","특정계층이용시설","회원이용시설","장미원경로당","서울특별시 강북구 삼양로124길 29-8 (수유동)","서울특별시 강북구 수유동 273-48","73.78","25","","127.0167133","37.6460948","201474.99681918","560719.08492108"
"2026","1130562500","공공시설","공공청사","수유2동주민센터","서울특별시 강북구 한천로 1117","서울특별시 강북구 수유동 730-1","698.00","30","","127.0198750","37.6446170","201754.06069553","560555.11864274"
"2026","1130562500","특정계층이용시설","회원이용시설","물댐길경로당","서울특별시 강북구 한천로170가길 4","서울특별시 강북구 수유동 270-144","180.56","40","","127.0174260","37.6481470","201537.85233247","560946.86965662"
"2026","1130562500","특정계층이용시설","회원이용시설","수유2동경로당","서울특별시 강북구 노해로23길 94","서울특별시 강북구 수유동 270-106","108.53","30","","127.0188260","37.6467980","201661.43301186","560797.16826653"
"2026","1130560300","야외시설","공원","수유교하부","","서울특별시 강북구 수유동 647-2","106.90","50","2025. 7. 12. ~ 8. 22. (42일간 운영)","127.0278510","37.6444820","202457.98405464","560540.31408388"
"2026","1130563500","공공시설","공공청사","수유3동주민센터","서울특별시 강북구 노해로 36","서울특별시 강북구 수유동 223-8","191.20","30","폭염 특보시 연장운영","127.0231360","37.6386890","202042.02129076","559897.23762418"
"2026","1130563500","특정계층이용시설","회원이용시설","상산경로당","서울특별시 강북구 노해로8길 23 (수유동)","서울특별시 강북구 수유동 224-4","99.00","30","","127.0239151","37.6383065","202110.79675628","559854.80132554"
"2026","1130563500","특정계층이용시설","회원이용시설","수삼경로당","서울특별시 강북구 삼양로98길 22 (수유동)","서울특별시 강북구 수유동 165-1","127.00","30","","127.0184192","37.6386718","201625.70916034","559895.23640747"
"2026","1130563500","특정계층이용시설","회원이용시설","은모루경로당","서울특별시 강북구 도봉로95길 38-1 (수유동)","서울특별시 강북구 수유동 172-211","191.00","53","","127.0270318","37.6422337","202385.75763560","560290.75469837"
"2026","1100000000","공공시설","복지?문화?체육시설","강북청소년센터","서울특별시 강북구 4.19로 74 (시립강북청소년센터)","서울특별시 강북구 수유동 535-380","","","특보시 연장운영 (10시~21시) 토요일 9시~19시, 일요일 9시~18시","127.0062130","37.6459170","200548.31643381","560699.23769699"
"2026","1130564500","특정계층이용시설","회원이용시설","백운경로당","서울특별시 강북구 삼양로159길 9  (우이동)","서울특별시 강북구 우이동 267-6","49.00","14","","127.0129502","37.6574242","201142.71879918","561976.48136277"
"2026","1129076000","특정계층이용시설","회원이용시설","장위1동경로당","서울특별시 성북구 장위로22길 51","서울특별시 성북구 장위동 산 3-101","","","","127.0434906","37.6116710","203839.94132108","556899.16378790"
"2026","1129076000","특정계층이용시설","회원이용시설","장위1동장수경로당","서울특별시 성북구 월계로32길 15","서울특별시 성북구 장위동 218-27","","","","127.0447529","37.6189239","203951.01055550","557704.20987012"
"2026","1129076000","생활밀착민간시설","금융기관","장위신용협동조합","서울특별시 성북구 장위로 60","서울특별시 성북구 장위동 233-264","50.00","5","","127.0432130","37.6137844","203815.32304620","557133.71697998"
"2026","1129076000","생활밀착민간시설","금융기관","북서울새마을금고(장위1)","서울특별시 성북구 돌곶이로 209 (장위동)","서울특별시 성북구 장위동 215-1","50.00","5","","127.0464860","37.6183305","204104.04994470","557638.42319340"
"2026","1129077000","공공시설","복지?문화?체육시설","성북문화예술교육센터(2층커뮤니티라운지)","서울특별시 성북구 장월로8길 38 (성북문화예술교육센터)","서울특별시 성북구 장위동 68-130","","","점심시간(12시 ~ 13시) 미운영 매주 월요일, 일요일, 법정공휴일 휴관","127.0498140","37.6102490","204398.34080217","556741.61467872"
"2026","1129077000","특정계층이용시설","회원이용시설","장위우방(아)경로당","서울특별시 성북구 화랑로 235 (우방아파트 관리사무소)","서울특별시 성북구 장위동 312","","","","127.0549250","37.6101980","204849.62129548","556736.20596228"
"2026","1129077000","특정계층이용시설","회원이용시설","장위2동경로당","서울특별시 성북구 장위로40다길 13","서울특별시 성북구 장위동 68-961","","","","127.0532620","37.6116250","204702.69628715","556894.50286095"
"2026","1129077000","특정계층이용시설","회원이용시설","장월경로당","서울특별시 성북구 장월로18길 27-4","서울특별시 성북구 장위동 75-539","","","","127.0498319","37.6154474","204399.61502447","557318.58164089"
"2026","1129077000","공공시설","복지?문화?체육시설","장위종합사회복지관","서울특별시 성북구 화랑로 237 (태라)","서울특별시 성북구 장위동 65-24","115.83","290","","127.0556650","37.6104330","204914.94438418","556762.32689042"
"2026","1129078000","특정계층이용시설","회원이용시설","포레카운티(아)경로당","서울특별시 성북구 장월로 160 (래미안장위포레카운티 106동)","서울특별시 성북구 장위동 322","","","","127.0528870","37.6175820","204669.21367921","557555.64685871"
"2026","1129078000","특정계층이용시설","회원이용시설","퍼스트하이경로당","서울특별시 성북구 한천로 713 (래미안장위퍼스트하이 506동)","서울특별시 성북구 장위동 320","","","","127.0510750","37.6200090","204509.09176655","557824.92926878"
"2026","1129078000","특정계층이용시설","회원이용시설","꿈의숲루첸(아)경로당","서울특별시 성북구 월계로36길 27 (꿈의숲대명루첸아파트 101동)","서울특별시 성북구 장위동 317","","","","127.0462350","37.6213970","204081.72257890","557978.76095257"
"2026","1129078000","특정계층이용시설","회원이용시설","참누리(아)경로당","서울특별시 성북구 한천로101길 18 (참누리아파트 207동)","서울특별시 성북구 장위동 316-5","","","","127.0496560","37.6233230","204383.62254441","558192.68072216"
"2026","1129078000","특정계층이용시설","회원이용시설","장월sh-ville1단지(아)경로당","서울특별시 성북구 한천로101길 54","서울특별시 성북구 장위동 316-2","","","","127.0481300","37.6223130","204248.96502177","558080.51128875"
"2026","1129078000","공공시설","공공청사","장위3동주민센터","","서울특별시 성북구 장위동 100-3","522.18","100","","127.0554770","37.6152480","204898.02910124","557296.72995067"
"2026","1129078000","특정계층이용시설","회원이용시설","장위3동제1경로당","서울특별시 성북구 장월로32길 9-3 (장위동)","서울특별시 성북구 장위동 202-7","","","","127.0513272","37.6176797","204531.49829374","557566.41406575"
"2026","1129078000","특정계층이용시설","회원이용시설","장위실버복지센터","서울특별시 성북구 한천로 708 (장위동)","서울특별시 성북구 장위동 320-1","264.00","30","","127.0535320","37.6201187","204725.99797539","557837.22566788"
"2026","1129078000","공공시설","공공청사","시립성북청소년센터","서울특별시 성북구 한천로95길 7","서울특별시 성북구 장위동 135-2","100.00","10","토요일 9시~18시, 일요일/공휴일 12시~18시","127.0558020","37.6175187","204926.57332978","557548.77023353"
"2026","1129078000","생활밀착민간시설","금융기관","새마을금고장위3동(본점)","서울특별시 성북구 장위로 179-1","서울특별시 성북구 장위동 86-1","50.00","10","","127.0553994","37.6161377","204891.11956932","557395.47302285"
"2026","1129081000","공공시설","복지?문화?체육시설","석관동미리내도서관","","서울특별시 성북구 석관동 134-2","6,667.00","250","매주 월요일 및 공휴일 휴관","127.0654920","37.6134720","205782.38470259","557100.18283624"
"2026","1129081000","특정계층이용시설","회원이용시설","석관래미안아트리치경로당","서울특별시 성북구 돌곶이로8길 22 (래미안아트리치 102동)","서울특별시 성북구 석관동 410","","","","127.0634370","37.6060230","205601.50435459","556273.30026946"
"2026","1129081000","특정계층이용시설","회원이용시설","중앙하이츠(아)경로당","서울특별시 성북구 한천로76길 73 (중앙하이츠아파트 경로당)","서울특별시 성북구 석관동 386-3","","","","127.0666490","37.6114860","205884.69443088","556879.83022878"
"2026","1129081000","특정계층이용시설","회원이용시설","석관1동코오롱(아)경로당","서울특별시 성북구 한천로 509 (코오롱아파트)","서울특별시 성북구 석관동 405","","","","127.0658090","37.6061840","205810.94009854","556291.31366372"
"2026","1129081000","특정계층이용시설","회원이용시설","석관1동삼성(아)경로당","서울특별시 성북구 한천로68길 51 (석관동삼성아파트 상가동)","서울특별시 성북구 석관동 404","","","","127.0655830","37.6103390","205790.66214516","556752.45939329"
"2026","1129081000","특정계층이용시설","회원이용시설","석관동두산(아)경로당","서울특별시 성북구 화랑로48길 16 (두산아파트)","서울특별시 성북구 석관동 10","","","","127.0688130","37.6125870","206075.67269734","557002.16715106"
"2026","1129081000","특정계층이용시설","회원이용시설","래미안석관(아)경로당","서울특별시 성북구 화랑로 214 (래미안석관)","서울특별시 성북구 석관동 407","","","","127.0548220","37.6086450","204840.62752437","556563.83455592"
"2026","1129081000","특정계층이용시설","회원이용시설","돌곶이경로당","서울특별시 성북구 돌곶이로7길 20  (석관동)","서울특별시 성북구 석관동 332-145","","","","127.0605513","37.6059490","205346.70153134","556264.91883793"
"2026","1129081000","공공시설","복지?문화?체육시설","돌곶이생활예술문화센터","서울특별시 성북구 화랑로32길 100-1 (석관동)","서울특별시 성북구 석관동 261-125","99.00","10","매주 월요일 및 공휴일 휴관","127.0587623","37.6062826","205188.70900182","556301.84441596"
"2026","1129081000","공공시설","공공청사","석관동주민센터","서울특별시 성북구 화랑로 296","서울특별시 성북구 석관동 384-3","160.00","50","","127.0613740","37.6129713","205418.83673937","557044.36487385"
"2026","1129081000","특정계층이용시설","회원이용시설","석관동제1경로당","서울특별시 성북구 한천로74길 1 (석관동)","서울특별시 성북구 석관동 124-54","","","","127.0632094","37.6108224","205581.04858394","556805.96778954"
"2026","1129081000","특정계층이용시설","회원이용시설","석관동제2경로당","서울특별시 성북구 화랑로32라길 7-2","서울특별시 성북구 석관동 340-660","","","","127.0571100","37.6076830","205042.71641610","556457.18347871"
"2026","1129081000","특정계층이용시설","회원이용시설","석관실버복지센터","서울특별시 성북구 화랑로32길 88","서울특별시 성북구 석관동 261-394","478.00","200","","127.0582638","37.6066924","205144.66324116","556347.30030046"
"2026","1129081000","생활밀착민간시설","금융기관","SC제일은행석관동지점","서울특별시 성북구 돌곶이로 48","서울특별시 성북구 석관동 301-30","50.00","5","공휴일 미운영","127.0597678","37.6084552","205277.34112358","556543.03532383"
"2026","1129081000","공공시설","복지?문화?체육시설","한천마을공동체","서울특별시 성북구 한천로74길 7 (석관동)","서울특별시 성북구 석관동 122-40","50.00","5","","127.0634958","37.6106123","205606.35193087","556782.66603537"
"2026","1129081000","생활밀착민간시설","금융기관","새마을금고석관동(본점)","서울특별시 성북구 돌곶이로 39","서울특별시 성북구 석관동 304-42","50.00","5","공휴일 미운영","127.0600629","37.6076035","205303.45816089","556448.52254568"
"2026","1129081000","생활밀착민간시설","금융기관","강북신용협동조합","서울특별시 성북구 돌곶이로 59","서울특별시 성북구 석관동 252-4","50.00","5","공휴일 미운영","127.0587156","37.6089416","205184.40083306","556596.96179923"
"2026","1129081000","공공시설","공공청사","석관지구대","서울특별시 성북구 화랑로32가길 20","서울특별시 성북구 석관동 407-3","50.00","5","","127.0552463","37.6089607","204878.07139871","556598.89577572"
"2026","1130553400","공공시설","복지?문화?체육시설","삼양동종합복지센터","서울특별시 강북구 삼양로47길 9 (삼양동 종합복지센터)","서울특별시 강북구 미아동 749-25","55.00","16","","127.0184820","37.6229650","201631.59533886","558151.94755939"
"2026","1130553400","공공시설","공공청사","삼양동주민센터","서울특별시 강북구 솔매로 69 (미아동)","서울특별시 강북구 미아동 762-20","167.01","30","폭염 특보시 연장운영","127.0199065","37.6249773","201757.30316630","558375.31719628"
"2026","1130553400","특정계층이용시설","회원이용시설","미동경로당","서울특별시 강북구 삼양로74길 74 (미아동)","서울특별시 강북구 미아동 791-1","168.00","30","","127.0220201","37.6301478","201943.75259499","558949.22978779"
"2026","1130553400","특정계층이용시설","회원이용시설","미송경로당","서울특별시 강북구 인수봉로 42 (미아동)","서울특별시 강북구 미아동 837-723","141.00","20","","127.0129864","37.6237940","201146.42973514","558243.87640942"
"2026","1130553400","특정계층이용시설","회원이용시설","은혜경로당","서울특별시 강북구 삼양로63가길 7-26 (미아동, 스카이팰리스 11A)","서울특별시 강북구 미아동 791-1231","63.45","20","","127.0160684","37.6272716","201418.44032111","558629.89527364"
"2026","1130553400","특정계층이용시설","회원이용시설","청암경로당","서울특별시 강북구 솔매로22길 11","서울특별시 강북구 미아동 776-14","95.16","20","","127.0169980","37.6247350","201500.55188691","558348.37398598"
"2026","1130553400","특정계층이용시설","회원이용시설","미양할머니경로당","서울특별시 강북구 삼양로35가길 7-4 (미아동)","서울특별시 강북구 미아동 791-2308","91.82","35","","127.0193915","37.6206923","201711.93832980","557899.71829882"
"2026","1130553400","특정계층이용시설","회원이용시설","실개울경로당","서울특별시 강북구 삼양로47길 37 (미아동)","서울특별시 강북구 미아동 760-22","157.00","25","","127.0169319","37.6226723","201494.75800317","558119.43515899"
"2026","1130553400","특정계층이용시설","회원이용시설","삼일경로당","서울특별시 강북구 삼양로41길 61 (미아동)","서울특별시 강북구 미아동 839-460","52.33","15","","127.0167817","37.6215081","201481.52136273","557990.21898915"
"2026","1130553400","특정계층이용시설","회원이용시설","팔팔경로당","서울특별시 강북구 인수봉로 36","서울특별시 강북구 미아동 837-1798","171.76","35","","127.0132726","37.6232290","201171.70412647","558181.17095249"
"2026","1130553400","공공시설","복지?문화?체육시설","구세군강북종합사회복지관","서울특별시 강북구 인수봉로20가길 24","서울특별시 강북구 미아동 791-1509","60.45","20","폭염 특보시 연장 및 추가운영","127.0133722","37.6257196","201180.45742121","558457.60235897"
"2026","1130553500","공공시설","복지?문화?체육시설","미아문화정보도서관","서울특별시 강북구 솔매로49길 14 (미아동복합청사, 미아문화정보도서관)","서울특별시 강북구 미아동 197-1","94.00","10","휴관일 미운영","127.0269670","37.6270630","202380.52247105","558606.96346616"
"2026","1130553500","공공시설","공공청사","한전강북성북지사","서울특별시 강북구 도봉로 242 (한국전력강북성북지사)","서울특별시 강북구 미아동 190-1","25.20","15","","127.0249450","37.6305690","202201.92619140","558996.04317148"
"2026","1130553500","특정계층이용시설","회원이용시설","요한경로당","서울특별시 강북구 도봉로49길 62","서울특별시 강북구 미아동 301-10","129.00","30","","127.0229680","37.6247120","202027.57303594","558345.93344275"
"2026","1130553500","공공시설","공공청사","미아동주민센터","서울특별시 강북구 솔매로49길 14","서울특별시 강북구 미아동 197-1","367.00","30","","127.0269370","37.6270430","202377.87484642","558604.74291692"
"2026","1130553500","특정계층이용시설","회원이용시설","미아경로당","서울특별시 강북구 솔매로 147-11 (미아동)","서울특별시 강북구 미아동 198-30","132.00","30","","127.0285432","37.6274542","202519.64893963","558650.42368466"
"2026","1130553500","특정계층이용시설","회원이용시설","운산경로당","서울특별시 강북구 도봉로72길 14-4 (미아동)","서울특별시 강북구 미아동 187-14","161.19","40","","127.0250429","37.6319109","202210.52819935","559144.98230064"
"2026","1130553500","특정계층이용시설","회원이용시설","율곡경로당","서울특별시 강북구 오패산로52아길 11 (미아동)","서울특별시 강북구 미아동 258-78","167.01","40","","127.0311905","37.6270400","202753.35444249","558604.52623115"
"2026","1130553500","특정계층이용시설","회원이용시설","한빛경로당","서울특별시 강북구 솔매로43길 25 (미아동)","서울특별시 강북구 미아동 223-18","127.88","40","","127.0237313","37.6269019","202094.89430509","558589.00591644"
"2026","1130554500","특정계층이용시설","회원이용시설","꿈의숲해링턴플레이스(아)경로당","서울특별시 강북구 오현로 45 (꿈의숲 해링턴 플레이스)","서울특별시 강북구 미아동 1369","66.11","15","","127.0338730","37.6187210","202990.48648785","557681.28785024"
"2026","1130554500","특정계층이용시설","회원이용시설","꿈의숲롯데캐슬(아)경로당","서울특별시 강북구 오현로 56 (꿈의숲 롯데캐슬 105동)","서울특별시 강북구 미아동 4","49.58","10","","127.0368180","37.6171910","203250.55318360","557511.57217824"
"2026","1130554500","특정계층이용시설","회원이용시설","한일유앤아이(아)경로당","서울특별시 강북구 월계로21가길 41 (미아한일유앤아이)","서울특별시 강북구 미아동 1355","42.97","8","","127.0370750","37.6155750","203273.31379974","557332.22250341"
"2026","1130554500","특정계층이용시설","회원이용시설","경남아너스빌(아)경로당","서울특별시 강북구 오패산로30길 30 (경남아너스빌)","서울특별시 강북구 미아동 1356","49.58","10","","127.0352480","37.6152290","203112.02425411","557293.75809661"
"2026","1130554500","특정계층이용시설","회원이용시설","오패산경로당","서울특별시 강북구 오패산로52다길 55 (미아동, 범신주택)","서울특별시 강북구 미아동 258-568","19.80","5","","127.0332572","37.6224067","202935.97548157","558090.34172323"
"2026","1130554500","특정계층이용시설","회원이용시설","벽오산경로당","서울특별시 강북구 월계로21나길 30 (미아동)","서울특별시 강북구 미아동 8-189","132.70","40","","127.0381214","37.6155997","203365.69827481","557335.00094003"
"2026","1130554500","특정계층이용시설","회원이용시설","송중경로당","서울특별시 강북구 도봉로34길 25-3 (미아동)","서울특별시 강북구 미아동 130-84","196.00","50","","127.0294927","37.6223791","202603.64299553","558087.16732387"
"2026","1130554500","특정계층이용시설","회원이용시설","원송경로당","서울특별시 강북구 오패산로 156-3 (미아동)","서울특별시 강북구 미아동 87-179","186.83","30","","127.0338298","37.6157505","202986.79138481","557351.59290426"
"2026","1130554500","공공시설","공공청사","송중동주민센터","서울특별시 강북구 오패산로 162","서울특별시 강북구 미아동 87-141","266.00","30","","127.0337510","37.6160970","202979.82040232","557390.04816688"
"2026","1130554500","특정계층이용시설","회원이용시설","구봉경로당","서울특별시 강북구 오현로9길 97 (미아동, 월드아트빌)","서울특별시 강북구 미아동 3-714","67.78","20","","127.0329300","37.6209111","202907.14820968","557924.33589000"
"2026","1130554500","특정계층이용시설","회원이용시설","방천경로당","서울특별시 강북구 월계로7길 39-9 (미아동)","서울특별시 강북구 미아동 52-20","92.26","27","","127.0331566","37.6124190","202927.48598300","556981.81120602"
"2026","1130555500","공공시설","공공청사","송천동주민센터","서울특별시 강북구 솔샘로 284","서울특별시 강북구 미아동 860-56","87.00","30","폭염 특보시 연장운영","127.0238340","37.6182680","202104.20354997","557630.73726919"
"2026","1130555500","특정계층이용시설","회원이용시설","솔샘길경로당","서울특별시 강북구 솔샘로 277-1 (미아동)","서울특별시 강북구 미아동 860-202","165.96","40","2026. 5. 현재 신축공사 중으로 무더위쉼터 미운영","127.0234497","37.6188673","202070.25870276","557697.24459549"
"2026","1130555500","특정계층이용시설","회원이용시설","송암경로당","서울특별시 강북구 삼양로24길 4-6 (미아동)","서울특별시 강북구 미아동 1264-194","35.94","10","","127.0224841","37.6163306","201985.07806451","557415.67729328"
"2026","1130555500","특정계층이용시설","회원이용시설","송천경로당","서울특별시 강북구 솔샘로60길 18-12 (미아동)","서울특별시 강북구 미아동 403-86","183.84","45","","127.0243348","37.6180387","202148.42367278","557605.29877488"
"2026","1129070500","특정계층이용시설","회원이용시설","종암1동현대아이파크경로당","서울특별시 성북구 종암로21길 127 (아이파크 종암동 102동)","서울특별시 성북구 종암동 130","","","","127.0294090","37.6028240","202596.93379779","555916.76083268"
"2026","1129070500","특정계층이용시설","회원이용시설","래미안세레니티경로당","서울특별시 성북구 종암로23길 35 (래미안세레니티 210동)","서울특별시 성북구 종암동 133","","","","127.0303920","37.5996860","202683.84940433","555568.50515192"
"2026","1129070500","특정계층이용시설","회원이용시설","북바위경로당","서울특별시 성북구 종암로19다길 23 (종암동, 덕신빌리지)","서울특별시 성북구 종암동 125-27","","","","127.0282334","37.5990745","202493.24867746","555500.57592925"
"2026","1129070500","특정계층이용시설","회원이용시설","종일사랑방경로당","서울특별시 성북구 종암로13가길 31 (종암동)","서울특별시 성북구 종암동 46-7","","","","127.0333859","37.5975593","202948.31792688","555332.55483900"
"2026","1129070500","특정계층이용시설","회원이용시설","종암동제2경로당","서울특별시 성북구 월곡로5나길 37 (종암동)","서울특별시 성북구 종암동 3-968","","","","127.0369640","37.5988046","203264.24652042","555470.88766153"
"2026","1129070500","특정계층이용시설","회원이용시설","성북노인종합복지관","서울특별시 성북구 종암로15길 10","서울특별시 성북구 종암동 66-14","2,595.00","648","","127.0343942","37.5977879","203037.35188496","555357.95903117"
"2026","1129070500","공공시설","공공청사","종암동주민센터","서울특별시 성북구 종암로 98-8 (종암동)","서울특별시 성북구 종암동 16-8","974.00","200","","127.0351991","37.5990299","203108.38093947","555495.83357846"
"2026","1129070500","특정계층이용시설","회원이용시설","중앙경로당","서울특별시 성북구 종암로22길 29 (종암동)","서울특별시 성북구 종암동 3-186","","","","127.0357248","37.6001243","203154.75852807","555617.31738208"
"2026","1129070500","특정계층이용시설","회원이용시설","종암동제1경로당","서울특별시 성북구 종암로27길 25-9","서울특별시 성북구 종암동 81-65","","","","127.0309610","37.6022140","202734.00400967","555849.10161491"
"2026","1129070500","생활밀착민간시설","금융기관","근해안강망수협종암동지점","서울특별시 성북구 종암로19길 13","서울특별시 성북구 종암동 69","5.00","5","","127.0340788","37.5982224","203009.48140909","555406.17354899"
"2026","1129070500","생활밀착민간시설","금융기관","IBK기업은행종암동지점","서울특별시 성북구 종암로 108","서울특별시 성북구 종암동 3-395","50.00","5","","127.0344323","37.5998060","203040.63436895","555581.94697064"
"2026","1129070500","생활밀착민간시설","금융기관","새마을금고새종암(제1지점)","서울특별시 성북구 종암로 122","서울특별시 성북구 종암동 3-686","50.00","5","","127.0338594","37.6011878","202989.98763421","555735.29308579"
"2026","1129070500","생활밀착민간시설","금융기관","한국양봉농협종암중앙지점","서울특별시 성북구 종암로 90","서울특별시 성북구 종암동 3-91","50.00","5","","127.0355001","37.5986603","203134.97731670","555454.82208507"
"2026","1129070500","생활밀착민간시설","금융기관","서울경기양돈농협종암동지점","서울특별시 성북구 정릉로52길 5","서울특별시 성북구 종암동 124-8","50.00","5","","127.0302494","37.6038313","202671.10850664","556028.58361493"
"2026","1129070500","생활밀착민간시설","금융기관","새마을금고종암(본점)","서울특별시 성북구 종암로21길 25","서울특별시 성북구 종암동 84-43","50.00","5","","127.0335965","37.5997458","202966.82925070","555575.23870305"
"2026","1129070500","생활밀착민간시설","종교시설","천주교종암동교회","서울특별시 성북구 종암로 82","서울특별시 성북구 종암동 10-28","50.00","5","월요일: 05시~08시","127.0354065","37.5976310","203126.75466888","555340.57809827"
"2026","1129070500","생활밀착민간시설","금융기관","새마을금고새종암(본점)","서울특별시 성북구 종암로 98-7","서울특별시 성북구 종암동 88-10","50.00","5","","127.0349666","37.5991301","203087.84506355","555506.94699669"
"2026","1129071500","공공시설","복지?문화?체육시설","오동숲속도서관","서울특별시 성북구 화랑로13가길 110-10 (오동숲속도서관)","서울특별시 성북구 하월곡동 산 2-41","42,519.00","124","매주 월요일 및 공휴일 휴관","127.0408650","37.6098630","203608.20500052","556698.39128632"
"2026","1129071500","특정계층이용시설","회원이용시설","월곡두산위브(아)경로당","서울특별시 성북구 오패산로 46 (월곡두산위브아파트 301동)","서울특별시 성북구 하월곡동 222-1","","","","127.0393330","37.6051640","203473.15442464","556176.79587335"
"2026","1129071500","특정계층이용시설","회원이용시설","월곡두산(아)제2경로당","서울특별시 성북구 오패산로 46 (월곡두산위브아파트 101동)","서울특별시 성북구 하월곡동 222","","","","127.0384030","37.6068380","203390.95823438","556362.55753347"
"2026","1129071500","특정계층이용시설","회원이용시설","월곡3에스에이치(아)경로당","서울특별시 성북구 오패산로 90 (월곡3에스에이치빌 관리동)","서울특별시 성북구 하월곡동 225-1","","","","127.0380810","37.6119820","203362.29428125","556933.47390858"
"2026","1129071500","특정계층이용시설","회원이용시설","아남(아)경로당","서울특별시 성북구 종암로36길 52 (아남아파트 상가동)","서울특별시 성북구 하월곡동 218","","","","127.0348860","37.6055700","203080.46185648","556221.70222253"
"2026","1129071500","특정계층이용시설","회원이용시설","래미안월곡(아)경로당","서울특별시 성북구 오패산로 90 (월곡3에스에이치빌 관리동)","서울특별시 성북구 하월곡동 225","","","","127.0368650","37.6103200","203255.00215100","556748.96710667"
"2026","1129071500","특정계층이용시설","회원이용시설","동신(아)경로당","서울특별시 성북구 오패산로3길 17 (동신아파트)","서울특별시 성북구 하월곡동 219","","","","127.0353390","37.6044650","203120.50828112","556099.07431264"
"2026","1129071500","특정계층이용시설","회원이용시설","꿈의숲푸르지오(아)경로당","서울특별시 성북구 오패산로16가길 40 (꿈의숲 푸르지오 101동)","서울특별시 성북구 하월곡동 228","","","","127.0392610","37.6107640","203466.53682452","556798.33204963"
"2026","1129071500","공공시설","복지?문화?체육시설","생명의전화종합사회복지관","서울특별시 성북구 오패산로 21 (생명의전화(종합복지관))","서울특별시 성북구 하월곡동 96-113","1,649.00","500","","127.0370580","37.6041180","203272.31481434","556060.61964518"
"2026","1129071500","공공시설","복지?문화?체육시설","월곡종합사회복지관","서울특별시 성북구 오패산로16길 23","서울특별시 성북구 하월곡동 222-5","2,015.00","700","","127.0374810","37.6089290","203309.45362407","556594.60279200"
"2026","1129068500","공공시설","공공청사","월곡1동주민센터","서울특별시 성북구 오패산로 96","서울특별시 성북구 하월곡동 225-7","1,247.00","50","주말 및 공휴일 미운영","127.0357877","37.6106159","203159.86922132","556781.77198343"
"2026","1129071500","특정계층이용시설","회원이용시설","월곡1동모랫말경로당","서울특별시 성북구 종암로38길 26-4","서울특별시 성북구 하월곡동 90-1556","","","","127.0328975","37.6063522","202904.84528418","556308.45446866"
"2026","1129071500","특정계층이용시설","회원이용시설","월곡1동밤골경로당","서울특별시 성북구 화랑로13가길 17-8","서울특별시 성북구 하월곡동 산 2-140","","","","127.0399570","37.6075750","203528.14054951","556444.41373356"
"2026","1129071500","특정계층이용시설","회원이용시설","월곡1동경로당","서울특별시 성북구 오패산로3길 99","서울특별시 성북구 하월곡동 96-178","","","","127.0338354","37.6074821","202987.61655067","556433.89043434"
"2026","1129071500","생활밀착민간시설","금융기관","새서울신용협동조합(지점)","서울특별시 성북구 오패산로 98","서울특별시 성북구 하월곡동 77-221","50.00","7","","127.0356513","37.6108845","203147.81448400","556811.57908143"
"2026","1129072500","공공시설","복지?문화?체육시설","월곡꿈그림도서관","서울특별시 성북구 화랑로13길 17 (진각종)","서울특별시 성북구 하월곡동 22","42,519.00","124","매주 월요일 및 공휴일 휴관","127.0412970","37.6046390","203646.60378315","556118.60109964"
"2026","1129072500","특정계층이용시설","회원이용시설","월곡래미안루나밸리경로당","서울특별시 성북구 월곡로14길 26 (월곡래미안루나밸리 노인정)","서울특별시 성북구 하월곡동 226","","","토요일 : 09시 ~17시","127.0420270","37.5991860","203711.33505460","555513.40687531"
"2026","1129072500","특정계층이용시설","회원이용시설","월곡2에스에이치빌(아)경로당","서울특별시 성북구 회기로5길 142 (월곡2에스에이치빌)","서울특별시 성북구 하월곡동 226-1","","","","127.0415860","37.5975040","203672.47373999","555326.70621215"
"2026","1129072500","특정계층이용시설","회원이용시설","샹그레빌(아)경로당","서울특별시 성북구 회기로5길 100 (샹그레빌아파트)","서울특별시 성북구 하월곡동 224","","","","127.0413710","37.5965580","203653.53327020","555221.70235251"
"2026","1129072500","특정계층이용시설","회원이용시설","상월곡동우남(아)경로당","서울특별시 성북구 화랑로15길 4 (우남아파트)","서울특별시 성북구 상월곡동 55-56","","","","127.0465450","37.6058440","204109.94590868","556252.55964676"
"2026","1153051000","특정계층이용시설","회원이용시설","대림4차(아)경로당","서울특별시 구로구 경인로65길 16-15 (신도림4차 e-편한세상 상가동)","서울특별시 구로구 신도림동 646","","","","126.8869560","37.5104660","190005.42772933","545671.71841845"
"2026","1153051000","특정계층이용시설","회원이용시설","대림3차(아)경로당","서울특별시 구로구 신도림로 11 (신도림3차대림아파트)","서울특별시 구로구 신도림동 691","","","","126.8779550","37.5068750","189209.10405540","545274.15726594"
"2026","1153051000","특정계층이용시설","회원이용시설","대림2차(아)경로당","서울특별시 구로구 신도림로 16 (신도림 대림아파트 202동)","서울특별시 구로구 신도림동 642","","","","126.8808080","37.5059040","189461.22236361","545166.06534516"
"2026","1153051000","특정계층이용시설","회원이용시설","대림1차(아)경로당","서울특별시 구로구 신도림로 16 (신도림 대림아파트 202동)","서울특별시 구로구 신도림동 642","","","","126.8804220","37.5058450","189427.08448969","545159.56039734"
"2026","1153051000","특정계층이용시설","회원이용시설","우성5차(아)경로당","서울특별시 구로구 신도림로21길 21 (신도림우성아파트)","서울특별시 구로구 신도림동 638","","","","126.8839520","37.5126700","189740.13632634","545916.65777317"
"2026","1153051000","특정계층이용시설","회원이용시설","우성3차(아)경로당","서울특별시 구로구 신도림로21길 25 (신도림우성3차아파트 302동)","서울특별시 구로구 신도림동 637","","","","126.8842420","37.5129430","189765.81266219","545946.92573367"
"2026","1153051000","특정계층이용시설","회원이용시설","우성2차(아)경로당","서울특별시 구로구 신도림로 105 (신도림우성2차아파트 202동)","서울특별시 구로구 신도림동 639","","","","126.8852820","37.5121260","189857.64874271","545856.13647235"
"2026","1153051000","특정계층이용시설","회원이용시설","동아3차(아)경로당","서울특별시 구로구 신도림로 78 (신도림3차동아아파트 노인정)","서울특별시 구로구 신도림동 645","","","","126.8841770","37.5093850","189759.57991562","545552.03997003"
"2026","1153051000","특정계층이용시설","회원이용시설","동아1차(아)경로당","서울특별시 구로구 신도림로 87 (신도림1차동아아파트 상가동)","서울특별시 구로구 신도림동 643","","","","126.8831040","37.5108410","189664.91199086","545713.75477273"
"2026","1153051000","특정계층이용시설","회원이용시설","신도림현대(아)경로당","서울특별시 구로구 신도림로19길 16 (현대아파트 상가)","서울특별시 구로구 신도림동 641","","","","126.8841770","37.5120920","189759.94973315","545852.48258636"
"2026","1153051000","특정계층이용시설","회원이용시설","신성은하수(아)경로당","서울특별시 구로구 경인로66길 5 (신성은하수아파트 101동)","서울특별시 구로구 신도림동 640","","","","126.8873530","37.5076660","190040.15572892","545360.91198656"
"2026","1153051000","특정계층이용시설","회원이용시설","미성(아)경로당","서울특별시 구로구 신도림로11가길 36 (미성아파트)","서울특별시 구로구 신도림동 290","","","","126.8765600","37.5075130","189085.85468234","545345.12800398"
"2026","1153051000","공공시설","복지?문화?체육시설","구로기적의도서관","서울특별시 구로구 구로중앙로40길 24 (구로기적의도서관)","서울특별시 구로구 신도림동 400-6","","","","126.8774010","37.5068390","189160.11561650","545270.22539708"
"2026","1153051000","특정계층이용시설","회원이용시설","디큐브시티(아)경로당","서울특별시 구로구 경인로 662","서울특별시 구로구 신도림동 692","","","","126.8886200","37.5088700","190152.33753409","545494.40728601"
"2026","1153051000","특정계층이용시설","회원이용시설","동아2차(아)경로당","서울특별시 구로구 경인로 643","서울특별시 구로구 신도림동 644","","","","126.8858040","37.5088210","189903.35421513","545489.26733460"
"2026","1153051000","공공시설","공공청사","신도림동주민센터","서울특별시 구로구 신도림로 40 (신도림동)","서울특별시 구로구 신도림동 390-44","1,983.00","600","","126.8806040","37.5077837","189443.44967713","545374.71090401"
"2026","1153051000","생활밀착민간시설","금융기관","영등포농협(신도림지점)","서울특별시 구로구 경인로 619-3","서울특별시 구로구 신도림동 435-10","221.00","66","","126.8841144","37.5066504","189753.67140600","545248.54105859"
"2026","1153055000","특정계층이용시설","회원이용시설","극동(아)경로당","서울특별시 구로구 구로중앙로7길 28 (극동아파트 1동)","서울특별시 구로구 구로동 314","","","","126.8900890","37.4909060","190279.89089905","543500.48251705"
"2026","1153055000","특정계층이용시설","회원이용시설","구로두산(아)경로당","서울특별시 구로구 도림로 59 (구로두산아파트 105동)","서울특별시 구로구 구로동 1265","","","","126.8887590","37.4894590","190162.08096726","543340.02262175"
"2026","1153055000","특정계층이용시설","회원이용시설","은빛경로당","서울특별시 구로구 구로동로22길 51","서울특별시 구로구 구로동 742-66","61.00","18","","126.8872130","37.4891848","190025.31948732","543309.75269862"
"2026","1153055000","특정계층이용시설","회원이용시설","한중다문화경로당","서울특별시 구로구 구로동로28길 78-4 (구로동)","서울특별시 구로구 구로동 317-221","124.62","37","","126.8883964","37.4910320","190130.22034866","543514.64298243"
"2026","1153055000","생활밀착민간시설","금융기관","동구로새마을금고","서울특별시 구로구 구로중앙로 26","서울특별시 구로구 구로동 136-83","33.00","10","","126.8914611","37.4923805","190401.42290947","543663.99195716"
"2026","1153055000","특정계층이용시설","회원이용시설","구로리경로당","서울특별시 구로구 구로동로28길 102-13 (구로동)","서울특별시 구로구 구로동 317-120","33.00","10","","126.8892376","37.4914950","190204.67322616","543565.94206691"
"2026","1153055000","공공시설","공공청사","구로4동주민센터","서울특별시 구로구 구로동로28길 94","서울특별시 구로구 구로동 317-87","857.00","259","","126.8891320","37.4915630","190195.34332419","543573.50017163"
"2026","1153055000","특정계층이용시설","회원이용시설","구로4동구경로당","서울특별시 구로구 구로동로8길 27 (구로동)","서울특별시 구로구 구로동 745-74","92.00","27","","126.8862513","37.4869822","189939.97306424","543065.39535004"
"2026","1153055000","특정계층이용시설","회원이용시설","구로4동복지관경로당","서울특별시 구로구 구로동로20길 57 (구로동)","서울특별시 구로구 구로동 751-14","150.00","45","","126.8876370","37.4880271","190062.66394447","543181.21834987"
"2026","1153055000","특정계층이용시설","회원이용시설","마을공원경로당","서울특별시 구로구 구로동로22길 57 (구로동, )","서울특별시 구로구 구로동 742-57","61.44","18","","126.8875059","37.4890868","190051.21005101","543298.84498996"
"2026","1153056000","공공시설","복지?문화?체육시설","구로아트벨리","서울특별시 구로구 가마산로25길 9-24 (구로구의회)","서울특별시 구로구 구로동 101","682.25","20","","126.8889640","37.4965580","190181.14011068","544127.89764488"
"2026","1153056000","공공시설","복지?문화?체육시설","구로구민회관","서울특별시 구로구 가마산로25길 21 (구로구민회관)","서울특별시 구로구 구로동 102","1,270.40","30","","126.8895560","37.4969470","190233.54106100","544171.01000873"
"2026","1153056000","공공시설","복지?문화?체육시설","구로미래도서관","서울특별시 구로구 새말로 111","서울특별시 구로구 구로동 1-4","","","","126.8917390","37.5073090","190427.90467856","545320.83436486"
"2026","1153056000","특정계층이용시설","회원이용시설","신도림현대(아)경로당(구로5동)","서울특별시 구로구 새말로9길 45 (신도림현대아파트)","서울특별시 구로구 구로동 560","","","","126.8856610","37.5044540","189890.12195818","545004.60150015"
"2026","1153056000","특정계층이용시설","회원이용시설","우성(아)경로당(구로5동)","서울특별시 구로구 공원로6가길 67 (구로우성아파트 1동)","서울특별시 구로구 구로동 23","","","","126.8892720","37.5039560","190209.34239917","544948.94809461"
"2026","1153056000","특정계층이용시설","회원이용시설","금호어울림(아)경로당","서울특별시 구로구 공원로 26 (금호아파트)","서울특별시 구로구 구로동 49","","","","126.8921600","37.4998870","190464.18426131","544497.04495312"
"2026","1153056000","특정계층이용시설","회원이용시설","태영타운(아)경로당","서울특별시 구로구 새말로 93 (신도림태영타운 109동)","서울특별시 구로구 구로동 1267","","","","126.8879220","37.5060410","190090.24988516","545180.49768055"
"2026","1153072000","특정계층이용시설","회원이용시설","한효(아)경로당","서울특별시 구로구 중앙로5길 24 (한효아파트 2동)","서울특별시 구로구 고척동 52-332","","","","126.8611850","37.5015890","187725.47894646","544689.53405846"
"2026","1153072000","특정계층이용시설","회원이용시설","고척경로당","서울특별시 구로구 안양천로537다길 30 (고척동)","서울특별시 구로구 고척동 62-7","90.00","27","","126.8684760","37.5019492","188370.23153495","544728.58570500"
"2026","1153072000","특정계층이용시설","회원이용시설","양지경로당","서울특별시 구로구 경인로47나길 10-5","서울특별시 구로구 고척동 52-171","196.02","59","","126.8660701","37.5022613","188157.54343340","544763.52481440"
"2026","1153072000","특정계층이용시설","회원이용시설","소산경로당","서울특별시 구로구 경서로5길 11-3","서울특별시 구로구 고척동 134-45","44.00","13","","126.8577787","37.5014989","187424.26639072","544679.98381773"
"2026","1153072000","생활밀착민간시설","금융기관","고척1동새마을금고회관(양지지점)","서울특별시 구로구 경서로 47","서울특별시 구로구 고척동 134-33","50.00","15","","126.8585012","37.5014392","187488.14258640","544673.26158896"
"2026","1153072000","특정계층이용시설","회원이용시설","구립국화경로당","서울특별시 구로구 경인로47다길 43 (고척동, 산업인아파트)","서울특별시 구로구 고척동 57-130","116.00","35","","126.8671964","37.5038005","188257.37514253","544934.21514100"
"2026","1153072000","생활밀착민간시설","금융기관","고척1동새마을금고","서울특별시 구로구 경인로47길 102","서울특별시 구로구 고척동 46-9","50.00","15","","126.8640248","37.5032305","187976.84761239","544871.35290821"
"2026","1153072000","공공시설","공공청사","고척1동주민센터","서울특별시 구로구 중앙로3길 18-8","서울특별시 구로구 고척동 82-9","120.00","36","","126.8627750","37.5003680","187865.87494374","544553.81258151"
"2026","1153072000","특정계층이용시설","회원이용시설","송암경로당","서울특별시 구로구 고척로52길 115","서울특별시 구로구 고척동 97-21","46.00","13","","126.8556625","37.4998835","187236.86909677","544500.98006069"
"2026","1153072000","특정계층이용시설","회원이용시설","오금경로당","서울특별시 구로구 중앙로14나길 30 (고척동, 일지빌라)","서울특별시 구로구 고척동 47-1","66.00","20","","126.8657935","37.5054895","188133.59661624","545121.84849991"
"2026","1153073000","특정계층이용시설","회원이용시설","고척리가(아)경로당","서울특별시 구로구 중앙로12길 17-8 (고척LIG리가 2단지 201동)","서울특별시 구로구 고척동 340-1","","","","126.8620010","37.5061170","187798.36955197","545191.97796011"
"2026","1153073000","특정계층이용시설","회원이용시설","고척벽산베스트블루밍(아)경로당","서울특별시 구로구 고척로60길 30 (벽산베스트블루밍아파트 103동)","서울특별시 구로구 고척동 342","","","","126.8590180","37.5045340","187534.35456083","545016.67613731"
"2026","1153073000","특정계층이용시설","회원이용시설","한일유엔아이(아)경로당","서울특별시 구로구 중앙로15길 151 (한일유앤아이아파트 상가동)","서울특별시 구로구 고척동 337","","","","126.8509720","37.5083130","186823.59007485","545437.19316390"
"2026","1153073000","특정계층이용시설","회원이용시설","삼익1차(아)경로당","서울특별시 구로구 중앙로15길 132-17 (삼익1단지아파트 노인정)","서울특별시 구로구 고척동 330","","","","126.8529670","37.5086450","187000.03700624","545473.76346516"
"2026","1153073000","특정계층이용시설","회원이용시설","경남2차(아)경로당","서울특별시 구로구 고척로52길 21 (경남2차아파트 관리사무소)","서울특별시 구로구 고척동 306","","","","126.8564860","37.5044410","187310.45895370","545006.69272738"
"2026","1153073000","특정계층이용시설","회원이용시설","고척대우(아)경로당","서울특별시 구로구 고척로52길 48 (고척대우아파트 101동)","서울특별시 구로구 고척동 296","","","","126.8554130","37.5030700","187215.35021612","544854.67449947"
"2026","1153073000","특정계층이용시설","회원이용시설","그랜드(아)경로당","서울특별시 구로구 고척로27바길 47 (그랜드아파트)","서울특별시 구로구 고척동 323","","","","126.8475380","37.5076410","186519.84965216","545363.09609041"
"2026","1153073000","특정계층이용시설","회원이용시설","고척파크푸르지오(아)경로당","서울특별시 구로구 중앙로 121 (고척파크푸르지오 101동)","서울특별시 구로구 고척동 339","","","","126.8580740","37.5075050","187451.38322718","545346.54468567"
"2026","1153073000","특정계층이용시설","회원이용시설","삼익2차(아)경로당","서울특별시 구로구 중앙로15길 125 (삼익아파트 202동)","서울특별시 구로구 고척동 331","","","","126.8526990","37.5075130","186976.14503257","545348.16291698"
"2026","1153073000","특정계층이용시설","회원이용시설","덕의경로당","서울특별시 구로구 고척로51길 39 (고척동)","서울특별시 구로구 고척동 167-53","191.00","57","","126.8542476","37.5064580","187112.88571371","545230.85815415"
"2026","1153073000","특정계층이용시설","회원이용시설","삼덕경로당","서울특별시 구로구 고척로33다길 21 (고척동, 신성빌라)","서울특별시 구로구 고척동 241-298","61.00","18","","126.8486354","37.5063832","186616.65338947","545223.33966492"
"2026","1153073000","특정계층이용시설","회원이용시설","세곡경로당","서울특별시 구로구 고척로52가길 58","서울특별시 구로구 고척동 164-129","171.00","51","","126.8524755","37.5034306","186955.67362463","544895.09958106"
"2026","1153073000","공공시설","공공청사","고척2동주민센터","서울특별시 구로구 중앙로15길 22","서울특별시 구로구 고척동 339-2","1,930.00","584","","126.8585850","37.5066710","187496.42504150","545253.91329243"
"2026","1153073000","생활밀착민간시설","금융기관","고척2동새마을금고1","서울특별시 구로구 고척로 229","서울특별시 구로구 고척동 194-3","180.00","54","","126.8584372","37.5062366","187483.28438598","545205.72008081"
"2026","1153073000","생활밀착민간시설","금융기관","고척2동새마을금고2","서울특별시 구로구 경인로33길 88 (고척동)","서울특별시 구로구 고척동 256-7","85.00","25","","126.8506926","37.5017488","186797.73084686","544708.68994844"
"2026","1153074000","공공시설","복지?문화?체육시설","글마루한옥어린이도서관","서울특별시 구로구 고척로27바길 7 (개봉한옥어린이도서관)","서울특별시 구로구 개봉동 105-24","","50","","126.8455640","37.5070110","186345.20069811","545293.45871100"
"2026","1153074000","특정계층이용시설","회원이용시설","개봉푸르지오(아)경로당","서울특별시 구로구 남부순환로 775 (개봉푸르지오 상가105동)","서울특별시 구로구 개봉동 492","","","","126.8479570","37.5006530","186555.64314948","544587.45747864"
"2026","1153074000","특정계층이용시설","회원이용시설","개봉역센트레빌레우스","서울특별시 구로구 경인로 302","서울특별시 구로구 개봉동 497","","","","126.8543280","37.4961490","187118.22357388","544086.68056508"
"2026","1153074000","특정계층이용시설","회원이용시설","한마을(아)벽산경로당","서울특별시 구로구 경인로 382","서울특별시 구로구 개봉동 476","","","","126.8616640","37.4953830","187766.82152098","544000.68579668"
"2026","1153074000","특정계층이용시설","회원이용시설","한마을(아)경로당","서울특별시 구로구 경인로 382","서울특별시 구로구 개봉동 476","","","","126.8631520","37.4947620","187898.30657952","543931.57050839"
"2026","1153074000","특정계층이용시설","회원이용시설","영화(아)경로당","서울특별시 구로구 경인로40길 11 (영화아파트 상가동)","서울특별시 구로구 개봉동 475","","","","126.8601130","37.4959880","187629.76489756","544068.03565951"
"2026","1153074000","특정계층이용시설","회원이용시설","청실(아)경로당","서울특별시 구로구 경인로40길 25 (청실아파트)","서울특별시 구로구 개봉동 175-8","","","","126.8599620","37.4954440","187616.32210512","544007.67856348"
"2026","1153074000","특정계층이용시설","회원이용시설","거성2차푸르뫼(아)경로당","서울특별시 구로구 고척로 82 (거성푸르뫼2차아파트 상가B동)","서울특별시 구로구 개봉동 60-82","","","","126.8437400","37.5001850","186182.66970841","544536.12623247"
"2026","1153074000","특정계층이용시설","회원이용시설","거성1차푸르뫼(아)경로당","서울특별시 구로구 고척로 85 (거성푸르뫼1차아파트 103동)","서울특별시 구로구 개봉동 60-101","","","","126.8433860","37.5009080","186151.50067597","544616.42197501"
"2026","1153074000","특정계층이용시설","회원이용시설","개봉건영(아)경로당","서울특별시 구로구 고척로21나길 85-6 (건영아파트 101동)","서울특별시 구로구 개봉동 47-1","","","","126.8404250","37.5011720","185889.72552527","544646.16239463"
"2026","1153074000","특정계층이용시설","회원이용시설","양송이경로당","서울특별시 구로구 고척로21가길 48-11 (개봉동)","서울특별시 구로구 개봉동 38-59","79.60","57","","126.8431154","37.5020829","186127.79038450","544746.86065648"
"2026","1153074000","공공시설","복지?문화?체육시설","에덴장애인종합복지관","서울특별시 구로구 고척로21가길 84-35 (개봉동)","서울특별시 구로구 개봉동 50-8","48.60","14","","126.8412435","37.5012352","185962.11252511","544653.05438524"
"2026","1153074000","생활밀착민간시설","금융기관","새마을금고개봉1동지점","서울특별시 구로구 고척로19길 30","서울특별시 구로구 개봉동 33-26","75.00","22","","126.8450846","37.5025751","186302.00302101","544801.20011493"
"2026","1153074000","특정계층이용시설","회원이용시설","안나경로당","서울특별시 구로구 고척로 134-5 (개봉동)","서울특별시 구로구 개봉동 126-42","46.00","13","","126.8490360","37.5021830","186651.32584124","544757.11425443"
"2026","1153074000","특정계층이용시설","회원이용시설","천수경로당","서울특별시 구로구 고척로27가길 3-6","서울특별시 구로구 개봉동 118-18","59.77","18","","126.8470863","37.5037998","186479.21917529","544936.83667634"
"2026","1153074000","특정계층이용시설","회원이용시설","백곡경로당","서울특별시 구로구 고척로21길 85","서울특별시 구로구 개봉동 444-6","125.00","37","","126.8444440","37.5051409","186245.83027464","545086.06454585"
"2026","1153074000","공공시설","공공청사","개봉1동주민센터","서울특별시 구로구 경인로33길 51","서울특별시 구로구 개봉동 134-8","632.00","191","","126.8511170","37.5002100","186834.98759457","544537.84346751"
"2026","1153074000","특정계층이용시설","회원이용시설","개봉1동경로당","서울특별시 구로구 경인로35길 40-1 (경로당)","서울특별시 구로구 개봉동 154-33","107.00","60","","126.8540110","37.4991080","187090.70062211","544415.13478400"
"2026","1153074000","생활밀착민간시설","금융기관","신한은행개봉지점","서울특별시 구로구 경인로 323","서울특별시 구로구 개봉동 157-13","150.00","45","","126.8561529","37.4976105","187279.84748302","544248.63998323"
"2026","1153075000","특정계층이용시설","회원이용시설","상우(아)경로당","서울특별시 구로구 남부순환로97길 50 (상우아파트)","서울특별시 구로구 개봉동 473","","","","126.8608310","37.4936390","187692.87235908","543807.23302050"
"2026","1153075000","특정계층이용시설","회원이용시설","삼호(아)경로당","서울특별시 구로구 남부순환로95길 16 (삼호아파트 101동)","서울특별시 구로구 개봉동 471","","","","126.8571730","37.4942430","187369.48610619","543874.75372072"
"2026","1153075000","특정계층이용시설","회원이용시설","두산(아)경로당","서울특별시 구로구 남부순환로95길 88 (두산아파트 상가)","서울특별시 구로구 개봉동 472","","","","126.8525380","37.4950950","186959.75050179","543969.94669099"
"2026","1153075000","특정계층이용시설","회원이용시설","삼환(아)경로당","서울특별시 구로구 남부순환로95길 54 (삼환아파트 106동)","서울특별시 구로구 개봉동 470","","","","126.8541690","37.4948730","187103.94378560","543945.08286602"
"2026","1153075000","특정계층이용시설","회원이용시설","동인(아)경로당","서울특별시 구로구 서해안로34가길 22 (동인아파트 관리사무소)","서울특별시 구로구 개봉동 335-1","","","","126.8491370","37.4936220","186658.73361314","543806.93938894"
"2026","1153075000","특정계층이용시설","회원이용시설","현대홈타운2단지(아)경로당","서울특별시 구로구 개봉로20길 158","서울특별시 구로구 개봉동 480","","","","126.8612350","37.4918190","187728.30152899","543605.18396418"
"2026","1153075000","특정계층이용시설","회원이용시설","현대(아)서부경로당","서울특별시 구로구 개봉로20길 6","서울특별시 구로구 개봉동 481","","","","126.8574390","37.4926700","187392.74469858","543700.13550554"
"2026","1153075000","특정계층이용시설","회원이용시설","현대(아)중부경로당","서울특별시 구로구 개봉로20길 6","서울특별시 구로구 개봉동 481","","","","126.8587940","37.4915740","187512.39051626","543578.31316819"
"2026","1153075000","특정계층이용시설","회원이용시설","개봉현대(아)경로당","서울특별시 구로구 개봉로20길 6","서울특별시 구로구 개봉동 481","","","","126.8581630","37.4923610","187456.71935535","543665.74380906"
"2026","1153075000","특정계층이용시설","회원이용시설","중앙경로당","서울특별시 구로구 개봉로15길 58-2 (개봉동)","서울특별시 구로구 개봉동 340-8","146.00","44","","126.8529993","37.4901202","186999.68163960","543417.74479083"
"2026","1153075000","공공시설","공공청사","개봉2동주민센터","서울특별시 구로구 개봉로16가길 17 (개봉동)","서울특별시 구로구 개봉동 261-6","2,053.00","622","","126.8565840","37.4908316","187316.82264055","543496.21190795"
"2026","1153076000","특정계층이용시설","회원이용시설","영화아이닉스(아)경로당","서울특별시 구로구 개봉로1길 188 (영화아이닉스아파트102동)","서울특별시 구로구 개봉동 488","","","","126.8492470","37.4828040","186666.53862670","542606.26735405"
"2026","1153076000","공공시설","복지?문화?체육시설","개봉도서관","서울특별시 구로구 개봉로16길 30-11 (개봉초등학교)","서울특별시 구로구 개봉동 266","","","","126.8584500","37.4894290","187481.61075649","543340.29185660"
"2026","1153076000","특정계층이용시설","회원이용시설","한진(아)경로당","서울특별시 구로구 개봉로3길 87","서울특별시 구로구 개봉동 478","","","","126.8515250","37.4853810","186868.46918472","542891.96027346"
"2026","1153076000","특정계층이용시설","회원이용시설","개봉대상(아)경로당","서울특별시 구로구 개봉로1길 170","서울특별시 구로구 개봉동 477","","","","126.8497950","37.4823160","186714.92052104","542552.02832953"
"2026","1153076000","공공시설","공공청사","개봉3동주민센터","서울특별시 구로구 개봉로3길 47-5","서울특별시 구로구 개봉동 360-7","572.00","173","","126.8538272","37.4859537","187072.18078431","542955.20383890"
"2026","1153076000","특정계층이용시설","회원이용시설","개명경로당","서울특별시 구로구 개봉로1길 148 (개봉동)","서울특별시 구로구 개봉동 314-98","161.00","48","","126.8508643","37.4819015","186809.42336087","542505.87396455"
"2026","1153076000","특정계층이용시설","회원이용시설","개봉3동경로당","서울특별시 구로구 개봉로11길 7-46","서울특별시 구로구 개봉동 349-16","192.00","58","","126.8553809","37.4870609","187209.78200613","543077.87629753"
"2026","1153077000","특정계층이용시설","회원이용시설","오류동금호어울림(아)경로당","서울특별시 구로구 고척로 41 (금호어울림아파트 101동)","서울특별시 구로구 오류동 347","","","","126.8391050","37.4985590","185772.50987545","544356.35169424"
"2026","1153077000","특정계층이용시설","회원이용시설","새마을경로당","서울특별시 구로구 고척로4길 15-1","서울특별시 구로구 오류동 11-11","","","","126.8413070","37.4958690","185966.72328099","544057.46582803"
"2026","1153075000","특정계층이용시설","회원이용시설","개봉2동경로당","서울특별시 구로구 개봉로17나길 62","서울특별시 구로구 개봉동 305-16","","","","126.8519470","37.4935490","186907.21772211","543798.44278655"
"2026","1153075000","특정계층이용시설","회원이용시설","개봉동아이파크(아)경로당","서울특별시 구로구 개봉로2길 133-15","서울특별시 구로구 개봉동 489","","","","126.8594640","37.4900100","187571.38312957","543404.64090966"
"2026","1153077000","특정계층이용시설","회원이용시설","동부골든임대(아)경로당","서울특별시 구로구 고척로 49 (동부골든아파트)","서울특별시 구로구 오류동 338","","","","126.8395320","37.4992910","185810.40681643","544437.52981351"
"2026","1153077000","특정계층이용시설","회원이용시설","오류1동동산경로당","서울특별시 구로구 고척로3길 85 (구립동산경로당)","서울특별시 구로구 오류동 1-129","","","","126.8368850","37.4977330","185576.04253752","544265.01422631"
"2026","1153077000","특정계층이용시설","회원이용시설","동선(아)경로당","서울특별시 구로구 경인로 158","서울특별시 구로구 오류동 345","","","","126.8393750","37.4936060","185795.44714670","543806.59192230"
"2026","1153077000","특정계층이용시설","회원이용시설","동부돌타운(아)경로당","서울특별시 구로구 경인로 248-13","서울특별시 구로구 오류동 339","","","","126.8485080","37.4972770","186603.76210256","544212.68639959"
"2026","1153077000","특정계층이용시설","회원이용시설","오류동부덕고개(아)경로당","서울특별시 구로구 경인로 248-14","서울특별시 구로구 오류동 336","","","","126.8478640","37.4969050","186546.74726286","544171.49105647"
"2026","1153077000","특정계층이용시설","회원이용시설","한신플러스(아)경로당","서울특별시 구로구 고척로 52 (한신플러스타운 상가동)","서울특별시 구로구 오류동 341","","","","126.8412080","37.4983890","185958.44051548","544337.16806971"
"2026","1153077000","특정계층이용시설","회원이용시설","동부골든(아)서부경로당","서울특별시 구로구 고척로 49 (동부골든아파트)","서울특별시 구로구 오류동 338","","","","126.8380300","37.4990220","185677.53902810","544407.90177643"
"2026","1153077000","특정계층이용시설","회원이용시설","동부골든(아)동부경로당","서울특별시 구로구 고척로 49 (동부골든아파트 208동)","서울특별시 구로구 오류동 338","","","","126.8403430","37.4990640","185882.07786587","544412.21377594"
"2026","1153077000","특정계층이용시설","회원이용시설","오류라인(아)경로당","서울특별시 구로구 경인로 230-13","서울특별시 구로구 오류동 334","","","","126.8469650","37.4965320","186467.18212610","544130.22174964"
"2026","1153077000","특정계층이용시설","회원이용시설","행복주택경로당","서울특별시 구로구 경인로20가길 38","서울특별시 구로구 오류동 357-1","152.67","46","","126.8458860","37.4954620","186371.57213036","544011.62126744"
"2026","1153077000","특정계층이용시설","회원이용시설","희망경로당","서울특별시 구로구 경인로11길 4-9 (오류동)","서울특별시 구로구 오류동 81-36","167.78","50","","126.8383632","37.4942737","185706.09781188","543880.85112958"
"2026","1153077000","특정계층이용시설","회원이용시설","오류골경로당","서울특별시 구로구 경인로27길 7 (오류동)","서울특별시 구로구 오류동 359","94.94","28","","126.8451110","37.4970320","186303.32493416","544185.98346206"
"2026","1153077000","생활밀착민간시설","금융기관","오류동하나은행","서울특별시 구로구 경인로 218","서울특별시 구로구 오류동 55-30","50.00","15","","126.8451460","37.4962050","186306.26894474","544094.19205515"
"2026","1153077000","생활밀착민간시설","금융기관","오류동신협","서울특별시 구로구 경인로25길 12","서울특별시 구로구 오류동 34-15","30.00","9","","126.8444305","37.4969909","186243.14144065","544181.52113415"
"2026","1153077000","생활밀착민간시설","금융기관","오류1동새마을금고","서울특별시 구로구 경인로 205","서울특별시 구로구 오류동 37-12","88.00","26","","126.8436855","37.4961700","186177.11047230","544090.52098648"
"2026","1153077000","특정계층이용시설","회원이용시설","장미경로당","서울특별시 구로구 경인로15나길 3 (오류동)","서울특별시 구로구 오류동 81-114","99.00","30","","126.8383473","37.4955342","185704.93199406","544020.75272867"
"2026","1153077000","생활밀착민간시설","금융기관","오류동신한은행","서울특별시 구로구 경인로 212","서울특별시 구로구 오류동 55-52","50.00","15","","126.8445155","37.4960231","186250.48047852","544074.09542036"
"2026","1153056000","특정계층이용시설","회원이용시설","세아(아)경로당","서울특별시 구로구 공원로 3 (선경오피스텔)","서울특별시 구로구 구로동 106-4","","","","126.8923420","37.4977080","190480.00110035","544255.18571363"
"2026","1153056000","특정계층이용시설","회원이용시설","대성스타이렉스(아)경로당","서울특별시 구로구 공원로 27 (대림역대성스카이렉스)","서울특별시 구로구 구로동 107-1","","","","126.8908830","37.4994190","190351.20452722","544445.23314607"
"2026","1153056000","특정계층이용시설","회원이용시설","덕영드림(아)경로당","서울특별시 구로구 구로중앙로34길 17 (덕영드림아파트)","서울특별시 구로구 구로동 1282","","","","126.8839370","37.5010370","189737.21777130","544625.54501662"
"2026","1153056000","특정계층이용시설","회원이용시설","LG신도림자이(아)경로당","서울특별시 구로구 새말로18길 64 (LG신도림자이아파트 103동)","서울특별시 구로구 구로동 42","","","","126.8921270","37.5035640","190461.73397369","544905.14793980"
"2026","1153056000","특정계층이용시설","회원이용시설","롯데(아)경로당","서울특별시 구로구 새말로 31 (신도림롯데아파트 경비실)","서울특별시 구로구 구로동 1263","","","","126.8835500","37.5026560","189703.21991142","544805.27545272"
"2026","1153056000","특정계층이용시설","회원이용시설","두산타워(아)경로당","서울특별시 구로구 공원로 47 (도림두산베어스타워)","서울특별시 구로구 구로동 110-4","","","","126.8896490","37.5009510","190242.28598969","544615.39259449"
"2026","1153056000","특정계층이용시설","회원이용시설","일신건영(아)경로당","","서울특별시 구로구 구로동 1261","","","","126.8858140","37.5035560","189903.52932660","544904.91859628"
"2026","1153056000","특정계층이용시설","회원이용시설","새솔(아)경로당","서울특별시 구로구 공원로 35 (새솔금호아파트)","서울특별시 구로구 구로동 108-2","","","","126.8903360","37.4999810","190302.90808811","544507.66410434"
"2026","1153056000","특정계층이용시설","회원이용시설","다솜(아)경로당","서울특별시 구로구 새말로16길 70 (다솜금호아파트)","서울특별시 구로구 구로동 43-4","","","","126.8920500","37.5023970","190454.77696855","544775.63374916"
"2026","1153056000","특정계층이용시설","회원이용시설","새말경로당","서울특별시 구로구 구로중앙로30길 16","서울특별시 구로구 구로동 527-12","","","","126.8862270","37.4991290","189939.45335866","544413.53439175"
"2026","1153056000","특정계층이용시설","회원이용시설","밤동산경로당","서울특별시 구로구 구로중앙로32가길 59","서울특별시 구로구 구로동 571-68","","","","126.8848750","37.5017590","189820.25775581","544705.57584878"
"2026","1153056000","공공시설","복지?문화?체육시설","대한노인회구로구지회","서울특별시 구로구 새말로18길 39 (구로동)","서울특별시 구로구 구로동 18-2","60.00","18","","126.8928357","37.5047039","190524.54220018","545031.59061779"
"2026","1153056000","생활밀착민간시설","금융기관","구로5동새마을금고","서울특별시 구로구 구로중앙로32가길 22","서울특별시 구로구 구로동 519-5","60.00","18","","126.8850510","37.5001124","189835.59707402","544522.80544673"
"2026","1153056000","특정계층이용시설","회원이용시설","미리내경로당","서울특별시 구로구 구로중앙로22길 49 (구로동)","서울특별시 구로구 구로동 62-17","115.80","35","","126.8891555","37.4979903","190198.26157425","544286.84442254"
"2026","1153056000","공공시설","공공청사","구로5동주민센터","서울특별시 구로구 구로중앙로28길 66","서울특별시 구로구 구로동 109-4","547.00","165","","126.8892890","37.5000430","190210.33467418","544514.65369205"
"2026","1153056000","특정계층이용시설","회원이용시설","푸른솔경로당","서울특별시 구로구 구로중앙로32나길 12","서울특별시 구로구 구로동 551-13","101.00","60","","126.8855260","37.5015990","189877.79980041","544687.74769344"
"2026","1153056000","공공시설","복지?문화?체육시설","구로노인종합복지관","서울특별시 구로구 새말로16길 7 (구로동)","서울특별시 구로구 구로동 25-1","2,799.00","300","","126.8905986","37.5052872","190326.81321616","545096.55703917"
"2026","1153059500","특정계층이용시설","회원이용시설","호국보훈경로당","서울특별시 구로구 우마1가길 13-9 (가리봉1동복지관)","서울특별시 구로구 가리봉동 111-1","","","","126.8896690","37.4828890","190241.70494984","542610.74443922"
"2026","1153059500","공공시설","공공청사","가리봉동주민센터","서울특별시 구로구 우마2길 35","서울특별시 구로구 가리봉동 118-11","511.00","154","","126.8897691","37.4824503","190250.50135772","542562.04417606"
"2026","1153059500","특정계층이용시설","회원이용시설","골말경로당","서울특별시 구로구 구로동로7길 74 (가리봉동)","서울특별시 구로구 가리봉동 2-10","122.00","36","","126.8825385","37.4863903","189611.52795243","543000.10544208"
"2026","1153059500","특정계층이용시설","회원이용시설","정수경로당","서울특별시 구로구 남부순환로105가길 10-2 (가리봉동, 리오파크빌)","서울특별시 구로구 가리봉동 136-74","137.00","41","","126.8928633","37.4793195","190523.77615048","542214.25103347"
"2026","1153072000","특정계층이용시설","회원이용시설","마젤란(아)경로당","서울특별시 구로구 경인로47길 128 (고척마젤란아파트 102동)","서울특별시 구로구 고척동 338","","","","126.8642110","37.5044750","187993.51102752","545009.45269555"
"2026","1153072000","특정계층이용시설","회원이용시설","동아한신(아)경로당","서울특별시 구로구 중앙로6길 17 (고척동 동아한신아파트 상가동)","서울특별시 구로구 고척동 327","","","","126.8648980","37.5011810","188053.73090527","544643.77352901"
"2026","1153072000","특정계층이용시설","회원이용시설","우성현대(아)경로당","서울특별시 구로구 중앙로1길 18-19 (우성현대아파트 상가동)","서울특별시 구로구 고척동 76-55","","","","126.8623010","37.4991720","187823.76725363","544421.13320656"
"2026","1153072000","특정계층이용시설","회원이용시설","서울가든(아)경로당","서울특별시 구로구 중앙로5길 62 (서울가든아파트 4동)","서울특별시 구로구 고척동 141-1","","","","126.8607670","37.5026960","187688.69963012","544812.45144549"
"2026","1153072000","특정계층이용시설","회원이용시설","고척아이파크MD","서울특별시 구로구 경인로43길 49 (고척아이파크)","서울특별시 구로구 고척동 351","","","","126.8595210","37.4983270","187577.80163909","544327.71238305"
"2026","1153072000","공공시설","복지?문화?체육시설","고척열린도서관","서울특별시 구로구 경인로43길 49 (고척아이파크)","서울특별시 구로구 고척동 351","","","","126.8595210","37.4983270","187577.80163909","544327.71238305"
"2026","1153072000","특정계층이용시설","회원이용시설","경남1차(아)경로당","서울특별시 구로구 경인로47길 150 (경남1차아파트 관리사무실)","서울특별시 구로구 고척동 325","","","","126.8626340","37.5053340","187854.21148240","545104.99307451"
"2026","1153072000","특정계층이용시설","회원이용시설","고척동삼환로즈빌(아)경로당","서울특별시 구로구 경인로 343","서울특별시 구로구 고척동 336","","","","126.8582040","37.4978520","187461.26321733","544275.16814767"
"2026","1153072000","특정계층이용시설","회원이용시설","고척벽산블루밍(아)경로당","서울특별시 구로구 경인로 390","서울특별시 구로구 고척동 334","","","","126.8641980","37.4957770","187990.96864920","544044.08837887"
"2026","1153072000","특정계층이용시설","회원이용시설","우성꿈동산(아)경로당","서울특별시 구로구 경인로47다길 34-7 (우성꿈동산아파트 103동)","서울특별시 구로구 고척동 321","","","","126.8664000","37.5030960","188186.84563927","544856.12434121"
"2026","1153072000","특정계층이용시설","회원이용시설","센추리(아)경로당","서울특별시 구로구 중앙로12길 12 (센츄리아파트 103동)","서울특별시 구로구 고척동 320","","","","126.8624840","37.5043130","187840.78301287","544991.69450205"
"2026","1153072000","특정계층이용시설","회원이용시설","청구(아)경로당","서울특별시 구로구 중앙로6길 5-15 (청구아파트 노인정)","서울특별시 구로구 고척동 326","","","","126.8639320","37.5017590","187968.40595528","544708.04715375"
"2026","1153051000","특정계층이용시설","회원이용시설","신도림경로당","서울특별시 구로구 경인로 619-3 (신도림동, 신도림3차푸르지오아파트)","서울특별시 구로구 신도림동 435-10","43.00","13","","126.8839968","37.5069120","189743.30928144","545277.58812748"
"2026","1153051000","특정계층이용시설","회원이용시설","송학경로당(신도림분회)","서울특별시 구로구 구로중앙로42길 110-43","서울특별시 구로구 신도림동 293-9","70.00","21","","126.8794860","37.5109055","189345.04398146","545721.31699196"
"2026","1153051000","생활밀착민간시설","금융기관","신도림동새마을금고","서울특별시 구로구 신도림로13길 3","서울특별시 구로구 신도림동 416-13","159.00","48","","126.8803328","37.5083572","189419.55211689","545438.39255141"
"2026","1153052000","특정계층이용시설","회원이용시설","우성(아)경로당","서울특별시 구로구 구일로8길 31 (구로우성아파트 101동)","서울특별시 구로구 구로동 1058","","","","126.8723860","37.4948140","188714.89255733","543936.19472426"
"2026","1153052000","특정계층이용시설","회원이용시설","우방(아)경로당","서울특별시 구로구 구일로 154-17 (우방아파트 1동)","서울특별시 구로구 구로동 642-46","","","","126.8742750","37.4979550","188882.40552068","544284.58021792"
"2026","1153052000","특정계층이용시설","회원이용시설","한신(아)경로당","서울특별시 구로구 구일로8길 63 (구로한신아파트)","서울특별시 구로구 구로동 642-9","","","","126.8735880","37.4964570","188821.43225502","544118.40297861"
"2026","1153052000","특정계층이용시설","회원이용시설","구로주공(아)경로당","서울특별시 구로구 구일로4길 65 (구로주공아파트 104동)","서울특별시 구로구 구로동 685-222","","","","126.8750900","37.4930690","188953.75464726","543742.20167809"
"2026","1153052000","특정계층이용시설","회원이용시설","구로한일유엔아이(아)경로당","서울특별시 구로구 가마산로 87","서울특별시 구로구 구로동 1281","","","","126.8761210","37.4862960","189043.94058588","542990.36684897"
"2026","1153052000","특정계층이용시설","회원이용시설","한국현대(아)경로당","서울특별시 구로구 구일로8길 107 (한국현대아파트)","서울특별시 구로구 구로동 642-39","","","","126.8754440","37.4978700","188985.76526417","544275.00887933"
"2026","1153052000","특정계층이용시설","회원이용시설","영화참마음(아)경로당","서울특별시 구로구 구일로8길 79 (영화참마음아파트)","서울특별시 구로구 구로동 1268","","","","126.8744780","37.4971550","188900.23797805","544195.76661104"
"2026","1153052000","특정계층이용시설","회원이용시설","구일우성(아)경로당","서울특별시 구로구 구일로2길 60 (구일우성아파트 202동)","서울특별시 구로구 구로동 1259","","","","126.8771610","37.4900300","189136.46064992","543404.67134347"
"2026","1153052000","특정계층이용시설","회원이용시설","현대의보(아)경로당","서울특별시 구로구 구일로8길 121 (현대의보아파트 관리사무실)","서울특별시 구로구 구로동 642-33","","","","126.8759380","37.4983040","189029.51219152","544323.11957412"
"2026","1153052000","특정계층이용시설","회원이용시설","중앙하이츠(아)경로당","서울특별시 구로구 구일로8길 92 (중앙구로하이츠아파트 6동)","서울특별시 구로구 구로동 685-124","","","","126.8763880","37.4965670","189069.05138378","544130.28270278"
"2026","1153052000","특정계층이용시설","회원이용시설","현대로얄(아)경로당","서울특별시 구로구 가마산로 97","서울특별시 구로구 구로동 701-76","","","","126.8772740","37.4864020","189145.92915023","543001.99790348"
"2026","1153052000","특정계층이용시설","회원이용시설","현대연예인(아)경로당","서울특별시 구로구 구일로4길 46 (현대연예인아파트 바니유치원)","서울특별시 구로구 구로동 685-244","","","","126.8767530","37.4922000","189100.69356619","543645.56015650"
"2026","1153052000","특정계층이용시설","회원이용시설","현대상선(아)경로당","서울특별시 구로구 구일로10길 53 (현대아파트 102동)","서울특별시 구로구 구로동 685-147","","","","126.8750360","37.4959120","188949.39812349","544057.74406303"
"2026","1153052000","공공시설","공공청사","구로1동우체국","서울특별시 구로구 구일로 64 (구로1동우체국)","서울특별시 구로구 구로동 685-220","165.00","50","","126.8741560","37.4918840","188870.98177530","543610.79213619"
"2026","1153052000","생활밀착민간시설","금융기관","영등포농협구일지점","서울특별시 구로구 구일로10길 27","서울특별시 구로구 구로동 650-4","130.00","39","","126.8722410","37.4958270","188702.22257206","544048.64197014"
"2026","1153052000","공공시설","공공청사","구로1동주민센터","서울특별시 구로구 구일로4길 57","서울특별시 구로구 구로동 685-213","712.00","215","","126.8757550","37.4930130","189012.55483533","543735.90857959"
"2026","1153053000","특정계층이용시설","회원이용시설","살구마을경로당","서울특별시 구로구 구로중앙로19나길 8","서울특별시 구로구 구로동 85-24","","","","126.8884570","37.4940720","190135.97937082","543852.03696321"
"2026","1153053000","공공시설","복지?문화?체육시설","하늘도서관","서울특별시 구로구 구로동로13길 68 (구로구립하늘도서관)","서울특별시 구로구 구로동 390-42","","100","","126.8810520","37.4874420","189480.20707777","543116.99537722"
"2026","1153053000","공공시설","복지?문화?체육시설","구로구립온누리도서관","서울특별시 구로구 구로중앙로27나길 9 (구로초등학교)","서울특별시 구로구 구로동 443-125","","68","","126.8862540","37.4963240","189941.46465284","544102.21282763"
"2026","1153053000","공공시설","공공청사","구로구청무더위쉼터","서울특별시 구로구 가마산로 245 (구로구청)","서울특별시 구로구 구로동 435","100.00","40","","126.8876730","37.4955070","190066.83836391","544011.38574443"
"2026","1153053000","특정계층이용시설","회원이용시설","중앙하이츠(아)","서울특별시 구로구 구로동로47길 24 (구로중앙하이츠아파트 102동)","서울특별시 구로구 구로동 1269","","","","126.8806580","37.4987120","189446.94739026","544367.86262044"
"2026","1153053000","특정계층이용시설","회원이용시설","뉴홍현","서울특별시 구로구 구로동로42길 77 (뉴홍현솔레디움)","서울특별시 구로구 구로동 1270","","","","126.8834260","37.4988740","189691.73562850","544385.53577202"
"2026","1153053000","특정계층이용시설","회원이용시설","우리유앤미(아)경로당","서울특별시 구로구 구로동로43길 10 (우리유앤미아파트 101동)","서울특별시 구로구 구로동 1277","","","","126.8815270","37.4966180","189523.49793434","544135.35864839"
"2026","1153053000","특정계층이용시설","회원이용시설","월드진영(아)경로당","서울특별시 구로구 구로중앙로 229 (월드아파트 관리사무소)","서울특별시 구로구 구로동 1262","","","","126.8760450","37.5056320","189040.04512453","545136.42088250"
"2026","1153053000","특정계층이용시설","회원이용시설","보광(아)경로당","서울특별시 구로구 가마산로 231","서울특별시 구로구 구로동 440","","","","126.8855220","37.4953730","189876.60565258","543996.74264968"
"2026","1153053000","공공시설","복지?문화?체육시설","구로삶터지역자활센터","서울특별시 구로구 구로동로42길 43 (구로동)","서울특별시 구로구 구로동 486-18","377.58","120","","126.8835792","37.4976334","189705.11230633","544247.82845302"
"2026","1153053000","특정계층이용시설","회원이용시설","아홉길경로당","서울특별시 구로구 구로중앙로27길 28-29 (구로동)","서울특별시 구로구 구로동 506-7","124.43","43","","126.8848854","37.4984739","189820.73141800","544340.97100989"
"2026","1153053000","생활밀착민간시설","금융기관","우리은행구로본동지점","서울특별시 구로구 가마산로 203 (구로동)","서울특별시 구로구 구로동 426-6","200.00","60","","126.8836320","37.4934688","189709.20989342","543785.60616557"
"2026","1153053000","특정계층이용시설","회원이용시설","늘봄경로당","서울특별시 구로구 구로동로21가길 5-2 (구로동)","서울특별시 구로구 구로동 724-14","79.37","24","","126.8831742","37.4891528","189668.13070568","543306.63670691"
"2026","1153053000","생활밀착민간시설","금융기관","구로2동새마을금고","서울특별시 구로구 구로동로28길 17","서울특별시 구로구 구로동 339-59","75.00","22","","126.8850870","37.4909020","189837.53242737","543500.56679769"
"2026","1153053000","특정계층이용시설","회원이용시설","화원경로당","서울특별시 구로구 벚꽃로 490 (구로동)","서울특별시 구로구 구로동 478-1","129.00","39","","126.8804061","37.4979185","189424.56072389","544279.82265511"
"2026","1153053000","특정계층이용시설","회원이용시설","무지개경로당","서울특별시 구로구 구로동로35가길 19-16","서울특별시 구로구 구로동 466-262","61.24","18","","126.8813314","37.4937347","189505.79769115","543815.37159661"
"2026","1153053000","특정계층이용시설","회원이용시설","문화경로당","서울특별시 구로구 경인로58길 7","서울특별시 구로구 구로동 596-2","34.00","10","","126.8795652","37.5021323","189350.80010567","544747.59491656"
"2026","1153053000","특정계층이용시설","회원이용시설","늘푸른경로당","서울특별시 구로구 구로동로50길 14-2 (구로동)","서울특별시 구로구 구로동 494-18","43.00","13","","126.8828544","37.4991826","189641.23348762","544419.84914065"
"2026","1153053000","특정계층이용시설","회원이용시설","상수경로당","서울특별시 구로구 구로동로41길 33 (구로동, )","서울특별시 구로구 구로동 466-4","57.39","17","","126.8817337","37.4946159","189541.49711758","543913.12855722"
"2026","1153053000","특정계층이용시설","회원이용시설","장수경로당","서울특별시 구로구 구로동로17길 5-8","서울특별시 구로구 구로동 720-11","132.00","40","","126.8840947","37.4879870","189749.37884560","543177.14757599"
"2026","1153053000","공공시설","복지?문화?체육시설","화원종합사회복지관","서울특별시 구로구 벚꽃로 484","서울특별시 구로구 구로동 476-134","3,490.00","300","","126.8801240","37.4973080","189399.52890321","544212.09679134"
"2026","1153053000","특정계층이용시설","회원이용시설","구로2동경로당","서울특별시 구로구 구로동로28길 25-13 (구로동)","서울특별시 구로구 구로동 339-66","146.00","44","","126.8855613","37.4914214","189879.54780401","543558.16231180"
"2026","1153053000","특정계층이용시설","회원이용시설","가마산경로당","서울특별시 구로구 가마산로21길 21-8 (구로동)","서울특별시 구로구 구로동 446-27","138.96","42","","126.8852019","37.4947371","189848.21283265","543926.20048968"
"2026","1153053000","공공시설","공공청사","구로2동주민센터","서울특별시 구로구 구로동로 141 (구로동)","서울특별시 구로구 구로동 704-57","2,460.00","745","","126.8835711","37.4913193","189703.52924531","543547.04636856"
"2026","1153053000","특정계층이용시설","회원이용시설","한우리경로당","서울특별시 구로구 가마산로 161-14","서울특별시 구로구 구로동 394-31","61.60","18","","126.8804970","37.4904470","189431.54607181","543450.57314724"
"2026","1153054000","특정계층이용시설","회원이용시설","한신휴플러스(아)경로당","서울특별시 구로구 디지털로31길 120 (한신휴플러스아파트 103동)","서울특별시 구로구 구로동 1280","","","","126.8908610","37.4884970","190347.85368821","543233.03565371"
"2026","1153054000","특정계층이용시설","회원이용시설","두산위브(아)경로당","서울특별시 구로구 디지털로31길 85 (구로두산위브 102동)","서울특별시 구로구 구로동 1278","","","","126.8905820","37.4860280","190322.86071468","542959.03776283"
"2026","1153054000","특정계층이용시설","회원이용시설","삼성래미안(아)경로당","서울특별시 구로구 디지털로31길 90 (삼성래미안아파트 105동)","서울특별시 구로구 구로동 256-1","","","","126.8913330","37.4874930","190389.46829899","543121.55655556"
"2026","1153054000","특정계층이용시설","회원이용시설","이화우성(아)경로당","서울특별시 구로구 도림로22길 8 (이화우성아파트 상가동)","서울특별시 구로구 구로동 1260","","","","126.8940480","37.4901570","190629.91628561","543416.95190290"
"2026","1153054000","특정계층이용시설","회원이용시설","영서(아)경로당","서울특별시 구로구 디지털로 319 (현대아파트)","서울특별시 구로구 구로동 1256","","","","126.8963760","37.4878590","190835.51709187","543161.67488953"
"2026","1153054000","공공시설","복지?문화?체육시설","꿈마을도서관","서울특별시 구로구 디지털로27다길 65 (구로꿈마을도서관)","서울특별시 구로구 구로동 777-1","","113","","126.8900950","37.4872150","190279.94327168","543090.82930804"
"2026","1153054000","특정계층이용시설","회원이용시설","우민늘푸른(아)경로당","서울특별시 구로구 도림로20길 50 (우민늘푸른아파트 노인정)","서울특별시 구로구 구로동 1279","","","","126.8940160","37.4880630","190626.82465760","543184.54855889"
"2026","1153054000","특정계층이용시설","회원이용시설","신성미소지움(아)경로당","서울특별시 구로구 시흥대로161길 50 (신성미소지움 104동)","서울특별시 구로구 구로동 1274","","","","126.8968800","37.4792770","190879.04755508","542209.13744936"
"2026","1153054000","특정계층이용시설","회원이용시설","문성골경로당","서울특별시 구로구 디지털로32가길 50 (구로동)","서울특별시 구로구 구로동 1129-6","119.00","43","","126.8977869","37.4813694","190959.51486921","542441.27858722"
"2026","1153054000","생활밀착민간시설","금융기관","구로3동새마을금고","서울특별시 구로구 도림로 36 (구로동, 영화주택)","서울특별시 구로구 구로동 780-27","42.90","13","","126.8885766","37.4873157","190145.66835051","543102.16353365"
"2026","1153054000","특정계층이용시설","회원이용시설","베타니아경로당","서울특별시 구로구 디지털로27다길 15","서울특별시 구로구 구로동 796-1","33.00","10","","126.8893165","37.4849759","190210.80013830","542842.39935961"
"2026","1153054000","공공시설","공공청사","구로3동주민센터","서울특별시 구로구 디지털로31길 109 (구로동)","서울특별시 구로구 구로동 777-22","471.00","142","","126.8903054","37.4874416","190298.58046898","543115.95722667"
"2026","1153054000","공공시설","복지?문화?체육시설","구로종합사회복지관","서울특별시 구로구 디지털로31길 93","서울특별시 구로구 구로동 256-7","42.30","50","","126.8908080","37.4867940","190342.94719871","543044.03047172"
"2026","1153054000","특정계층이용시설","회원이용시설","구로3동경로당","서울특별시 구로구 디지털로27다길 65","서울특별시 구로구 구로동 777-1","238.00","72","","126.8902592","37.4871738","190294.45988168","543086.23970976"
"2026","1153054000","특정계층이용시설","회원이용시설","대원경로당","서울특별시 구로구 도림로 110","서울특별시 구로구 구로동 125-91","207.00","62","","126.8949512","37.4914373","190709.95123007","543558.95893075"
"2026","1153055000","특정계층이용시설","회원이용시설","경남아너스빌(아)경로당","서울특별시 구로구 구로중앙로8길 41-23 (경남아너스빌 관리동)","서울특별시 구로구 구로동 1285","","","","126.8931680","37.4933840","190552.49810471","543775.19468691"
"2026","1153055000","특정계층이용시설","회원이용시설","럭키(아)경로당","서울특별시 구로구 도림로 107 (럭키아파트 관리사무소)","서울특별시 구로구 구로동 1257","","","","126.8941020","37.4920050","190634.92261543","543622.05035461"
"2026","1153055000","특정계층이용시설","회원이용시설","두산임대(아)경로당","서울특별시 구로구 도림로 59 (구로두산아파트 105동)","서울특별시 구로구 구로동 1265","","","","126.8886830","37.4898000","190155.40443737","543377.87709824"
"2026","1100000000","특정계층이용시설","특수근로자 쉼터","휴서울이동노동자구로쉼터","서울특별시 구로구 구로동 120-5","서울특별시 구로구 구로동 120-5","","10","","126.8943720","37.4928160","190658.90104140","543712.03393882"
"2026","1153055000","공공시설","복지?문화?체육시설","구로꿈나무어린이도서관","서울특별시 구로구 구로동로26길 54 (구로구시설관리공단)","서울특별시 구로구 구로동 741-27","","40","","126.8865540","37.4897200","189967.11026735","543369.22291253"
"2026","1153055000","특정계층이용시설","회원이용시설","우성(아)경로당(구로4동)","서울특별시 구로구 도림천로 344 (대림2차우성아파트)","서울특별시 구로구 구로동 120","","","","126.8938650","37.4938940","190614.19992545","543831.72831465"
"2026","1153055000","특정계층이용시설","회원이용시설","신구로현대(아)경로당","서울특별시 구로구 구로중앙로18길 68 (신구로현대아파트 상가동)","서울특별시 구로구 구로동 74-30","","","","126.8929320","37.4965590","190532.02867063","544127.60210086"
"2026","1150062000","공공시설","공공청사","공항동주민센터","서울특별시 강서구 송정로 45","서울특별시 강서구 공항동 60-28","1,045.00","209","","126.8100389","37.5588443","183215.78779825","551052.07120757"
"2026","1150062000","특정계층이용시설","회원이용시설","복종어르신사랑방","서울특별시 강서구  양천로7길  11   (방화동)","서울특별시 강서구 방화동 494-3","96.00","19","","126.8077332","37.5734111","183015.37274958","552669.23191088"
"2026","1150063000","공공시설","복지?문화?체육시설","강서구립마곡어르신복지관","서울특별시 강서구 마곡중앙5로 43","서울특별시 강서구 마곡동 743-2","10.00","10","","126.8229420","37.5667890","184357.51688426","551931.61456239"
"2026","1150063000","특정계층이용시설","회원이용시설","대한항공정우회","서울특별시 강서구 양천로24길 108","서울특별시 강서구 방화동 246-36","14.00","34","","126.8151908","37.5685206","183673.10159936","552125.12063148"
"2026","1150063000","특정계층이용시설","회원이용시설","방화동부어르신사랑방","서울특별시 강서구 양천로28길 12-9 (마곡동)","서울특별시 강서구 마곡동 1237","99.00","20","","126.8199036","37.5725250","184090.30428973","552568.75463782"
"2026","1150063000","특정계층이용시설","회원이용시설","방화구립어르신사랑방","서울특별시 강서구  방화대로37길  47-5  (방화동)","서울특별시 강서구 방화동 262-7","116.00","23","","126.8139000","37.5698000","183559.34747667","552267.34435763"
"2026","1150063000","특정계층이용시설","회원이용시설","방화일심어르신사랑방","서울특별시 강서구  방화대로  297-9  (방화동)","서울특별시 강서구 방화동 217-159","199.00","40","","126.8160011","37.5668749","183744.32967517","551942.32644692"
"2026","1150063000","공공시설","공공청사","방화1동주민센터","서울특별시 강서구 방화대로 330","서울특별시 강서구 마곡동 733-2","622.00","124","","126.8170195","37.5703452","183835.05187903","552327.31408235"
"2026","1150000000","특정계층이용시설","회원이용시설","방화어르신사랑방","서울특별시 강서구  개화동로23길  26 , 방화2동경로당 (방화동)","서울특별시 강서구 방화동 648-23","180.00","36","","126.8070831","37.5666716","182956.40795635","551921.34249592"
"2026","1150064000","특정계층이용시설","회원이용시설","방화3차우림필유(아)경로당","서울특별시 강서구 양천로14길 118 (방화3차우림필유아파트 상가)","서울특별시 강서구 방화동 546-1","53.00","10","","126.8080850","37.5682230","183045.27435101","552093.34877221"
"2026","1150064000","특정계층이용시설","회원이용시설","마곡서광2차(아)어르신사랑방","서울특별시 강서구 양천로14길 17 (마곡서광2차아파트 관리노인정)","서울특별시 강서구 방화동 871","96.00","29","","126.8107060","37.5720220","183277.67612733","552514.52448251"
"2026","1150064000","특정계층이용시설","회원이용시설","내촌어르신사랑방","서울특별시 강서구  개화동로13길  12-8  (개화동)","서울특별시 강서구 개화동 551-34","127.00","25","","126.8015800","37.5774711","182472.75722098","553120.97581311"
"2026","1150064000","특정계층이용시설","회원이용시설","방화11종합사회복지관경로당","서울특별시 강서구 개화동로21길 4","서울특별시 강서구 방화동 851","123.00","25","","126.8060000","37.5694000","182861.34458691","552224.36045867"
"2026","1150064000","공공시설","공공청사","방화2동주민센터","서울특별시 강서구 개화동로21길 52","서울특별시 강서구 방화동 850","180.00","36","","126.8054000","37.5715000","182808.82106579","552457.54597165"
"2026","1150064000","특정계층이용시설","회원이용시설","개화어르신사랑방","서울특별시 강서구 개화동 개화동로5길  3-66,  개화어르신사랑방 (개화동)","서울특별시 강서구 개화동 373-64","114.00","22","","126.7987829","37.5831062","182227.01734499","553746.93387507"
"2026","1150064000","공공시설","복지?문화?체육시설","방화11종합사회복지관","서울특별시 강서구 개화동로21길 4","서울특별시 강서구 방화동 851","346.43","104","총 3곳 운영  B1층 강당,1층 휴게공간(웃음이 꽃피어 나는방) 및 꿈자랑작은도서관 B1층 강당(에어컨 3대), 1층 휴게공간(에어컨 1대), 1층 꿈자랑작은도서관(에어컨 3대) ","126.8059000","37.5694000","182852.51021969","552224.37870182"
"2026","1150064100","공공시설","복지?문화?체육시설","길꽃어린이도서관","서울특별시 강서구 금낭화로24길 5 (방화3동주민센터,어린이도서관)","서울특별시 강서구 방화동 828","","","정기휴관일: 매주 월요일, 법적공휴일 ","126.8138640","37.5786550","183558.11407526","553250.15459482"
"2026","1150064100","특정계층이용시설","회원이용시설","방화진로(아)어르신사랑방","서울특별시 강서구 금낭화로 258 (방화10단지진로아파트)","서울특별시 강서구 방화동 804","60.00","18","","126.8084730","37.5769760","183081.53242695","553064.76175103"
"2026","1150064100","특정계층이용시설","회원이용시설","방화5단지(아)어르신사랑방","서울특별시 강서구 금낭화로 287-19 (방화5단지아파트 관리실, 노인정)","서울특별시 강서구 방화동 814","156.00","47","","126.8101480","37.5771750","183229.53771146","553086.54818957"
"2026","1150064100","특정계층이용시설","회원이용시설","개화(아)어르신사랑방","서울특별시 강서구 금낭화로 167 (방화8단지개화아파트 관리실)","서울특별시 강서구 방화동 819","165.00","50","","126.8124950","37.5806380","183437.62583206","553470.48563449"
"2026","1150064100","특정계층이용시설","회원이용시설","장미(아)어르신사랑방","서울특별시 강서구 양천로 125 (장미아파트 관리실)","서울특별시 강서구 방화동 841","185.38","56","","126.8174310","37.5742420","183872.24516970","552759.74353472"
"2026","1150064100","특정계층이용시설","회원이용시설","청솔(아)어르신사랑방","서울특별시 강서구 방화대로47길 55 (방화3단지아파트 상가동)","서울특별시 강서구 방화동 832","205.00","62","","126.8128890","37.5756780","183471.33163623","552919.91247991"
"2026","1150064100","특정계층이용시설","회원이용시설","능말어르신사랑방","서울특별시 강서구  금낭화로19길  7-3  (방화동)","서울특별시 강서구 방화동 811-15","151.00","30","","126.8114118","37.5754732","183340.79570610","552897.44290349"
"2026","1150064100","특정계층이용시설","회원이용시설","방화2종합사회복지관우정경로당","서울특별시 강서구 방화대로48길 40 (방화2단지아파트)","서울특별시 강서구 방화동 839","88.00","18","","126.8195110","37.5748360","184056.11471929","552825.31576446"
"2026","1150064100","특정계층이용시설","회원이용시설","치현어르신사랑방","서울특별시 강서구  금낭화로24가길  40   (방화동)","서울특별시 강서구 방화동 823-1","318.00","64","","126.8152577","37.5798305","183681.47995075","553380.37879393"
"2026","1150064100","공공시설","공공청사","방화3동주민센터","서울특별시 강서구 금낭화로24길 5","서울특별시 강서구 방화동 828","1,305.00","261","","126.8135230","37.5787451","183528.01246316","553260.21440600"
"2026","1150064100","공공시설","복지?문화?체육시설","방화6종합사회복지관","서울특별시 강서구 금낭화로23길 25","서울특별시 강서구 방화동 816","1,742.00","572","복지관 내 경로당","126.8109000","37.5779000","183296.12719871","553166.88099938"
"2026","1150064100","공공시설","복지?문화?체육시설","방화2종합사회복지관","서울특별시 강서구 방화대로48길 40","서울특별시 강서구 방화동 839","210.00","94","","126.8195804","37.5750928","184062.30005293","552853.80586053"
"2026","1150064100","특정계층이용시설","회원이용시설","방화9단지(아)어르신사랑방","서울특별시 강서구 양천로11길 57 (방화동, 방화9단지아파트)","서울특별시 강서구 방화동 807","19.00","12","","126.8075627","37.5749910","183000.67009470","552844.61362879"
"2026","1150064100","특정계층이용시설","회원이용시설","방화6단지(아)어르신사랑방","서울특별시 강서구 금낭화로23길 25","서울특별시 강서구 방화동 816","90.00","27","","126.8109073","37.5779087","183296.77397759","553167.84530288"
"2026","1153051000","특정계층이용시설","회원이용시설","신도림7차(아)경로당","서울특별시 구로구 신도림로 56-13 (신도림7차e-편한세상 801동)","서울특별시 구로구 신도림동 649","","","","126.8825360","37.5085170","189614.37158897","545455.88287274"
"2026","1153051000","특정계층이용시설","회원이용시설","대림5차(아)경로당","서울특별시 구로구 신도림로 32 (신도림5차 e-편한세상 701동)","서울특별시 구로구 신도림동 647","","","","126.8806260","37.5074360","189445.34588210","545336.11817183"
"2026","1174068500","특정계층이용시설","회원이용시설","길동우성아파트경로당","서울특별시 강동구 천호대로187길 74 (길동우성아파트 상가동)","서울특별시 강동구 길동 400","144.32","44","특정계층 이용시설이나 관리주체(회원) 동의로 일반인 이용 가능","127.1441670","37.5371460","212741.71679840","548636.62782147"
"2026","1174068500","특정계층이용시설","회원이용시설","길동삼익파크아파트(여)경로당","서울특별시 강동구 명일로 293 (삼익파크)","서울특별시 강동구 길동 54","44.00","13","특정계층 이용시설이나 관리주체(회원) 동의로 일반인 이용 가능","127.1473900","37.5447940","213025.24048602","549485.90489086"
"2026","1174068500","특정계층이용시설","회원이용시설","길동삼익파크아파트(남)경로당","서울특별시 강동구 명일로 293 (삼익파크)","서울특별시 강동구 길동 54","119.00","36","특정계층 이용시설(회원만 이용)","127.1473920","37.5447410","213025.42645268","549480.02280522"
"2026","1174068500","특정계층이용시설","회원이용시설","길동라인아파트경로당","서울특별시 강동구 천중로50길 48-12","서울특별시 강동구 길동 365-2","20.80","6","특정계층 이용시설(회원만 이용)","127.1417040","37.5392950","212523.67327178","548874.80982941"
"2026","1174068500","특정계층이용시설","회원이용시설","GS강동자이경로당","서울특별시 강동구 천호대로 1239 (GS강동자이아파트 관리노인정)","서울특별시 강동구 길동 474","64.60","20","특정계층 이용시설(회원만 이용)","127.1491120","37.5375700","213178.68967297","548684.36817417"
"2026","1174068500","공공시설","공공청사","길동주민센터","서울특별시 강동구 천호대로 1183 (길동)","서울특별시 강동구 길동 228-6","198.00","60","폭염특보 발령시 주말, 휴일 운영","127.1426082","37.5346600","212604.36582245","548360.50207793"
"2026","1174068500","생활밀착민간시설","금융기관","우리은행길동지점","서울특별시 강동구 양재대로 1554","서울특별시 강동구 길동 320-5","50.00","15","시설 운영시간 내 쉼터 탄력적 운영(공휴일 등 미운영)","127.1427760","37.5441518","212617.59722814","549413.99923340"
"2026","1174068500","생활밀착민간시설","금융기관","국민은행길동지점","서울특별시 강동구 양재대로 1443","서울특별시 강동구 길동 458-5","322.28","98","시설 운영시간 내 쉼터 탄력적 운영(공휴일 등 미운영)","127.1385360","37.5349306","212244.40170966","548389.99738241"
"2026","1174068500","생활밀착민간시설","금융기관","신한은행길동지점","서울특별시 강동구 양재대로 1463","서울특별시 강동구 길동 412-15","50.00","15","시설 운영시간 내 쉼터 탄력적 운영(공휴일 등 미운영)","127.1392840","37.5366030","212310.23825636","548575.71102412"
"2026","1174068500","생활밀착민간시설","금융기관","강동농협길일지점","서울특별시 강동구 천중로 200 (길동, 다성이즈빌)","서울특별시 강동구 길동 349-1","15.00","5","시설 운영시간 내 쉼터 탄력적 운영(공휴일 등 미운영)","127.1425000","37.5407000","212593.78676758","549030.85411074"
"2026","1174068500","생활밀착민간시설","금융기관","동서울신용협동조합길동지점","서울특별시 강동구 양재대로 1477 (길동)","서울특별시 강동구 길동 389-5","50.00","15","시설 운영시간 내 쉼터 탄력적 운영(공휴일 등 미운영)","127.1397000","37.5378000","212346.80794637","548708.61798620"
"2026","1174068500","특정계층이용시설","회원이용시설","무궁화경로당","서울특별시 강동구 양재대로124길 62","서울특별시 강동구 길동 340-17","101.20","31","특정계층 이용시설(회원만 이용)","127.1454023","37.5423718","212849.99786153","549216.79637108"
"2026","1174068500","특정계층이용시설","회원이용시설","기리울경로당","서울특별시 강동구 명일로 224-1","서울특별시 강동구 길동 106-2","171.34","52","특정계층 이용시설이나 관리주체(회원) 동의로 일반인 이용 가능","127.1466939","37.5386041","212964.79605700","548798.80457869"
"2026","1174068500","생활밀착민간시설","금융기관","SH수협길동사거리지점","서울특별시 강동구 천호대로 1133","서울특별시 강동구 길동 459-1","50.00","15","시설 운영시간 내 쉼터 탄력적 운영(공휴일 등 미운영)","127.1374740","37.5346260","212150.58699853","548356.05276467"
"2026","1174068500","생활밀착민간시설","금융기관","서울시산림조합길동지점","서울특별시 강동구 명일로 243","서울특별시 강동구 길동 96","50.00","15","시설 운영시간 내 쉼터 탄력적 운영(공휴일 등 미운영)","127.1466750","37.5403970","212962.81528877","548997.79213509"
"2026","1174068500","생활밀착민간시설","금융기관","기업은행길동지점","서울특별시 강동구 천호대로 1139","서울특별시 강동구 길동 459-3","200.00","61","시설 운영시간 내 쉼터 탄력적 운영(공휴일 등 미운영)","127.1380970","37.5345320","212205.66596318","548345.70058847"
"2026","1174066000","생활밀착민간시설","종교시설","오륜교회","서울특별시 강동구 강동대로 235","서울특별시 강동구 성내동 449-7","50.00","15","시설 운영시간 내 쉼터 탄력적 운영(공휴일 등 미운영)","127.1323720","37.5226820","211701.51410774","547029.76927927"
"2026","1174068500","특정계층이용시설","회원이용시설","한빛(아)경로당","서울특별시 강동구 성안로 176 (한빛아파트)","서울특별시 강동구 길동 384-1","41.12","12","2025년 경로당 휴지(미운영)로 무더위쉼터 미운영","127.1363050","37.5385170","212046.63938615","548787.75593004"
"2026","1174068500","생활밀착민간시설","금융기관","농협길동지점","서울특별시 강동구 양재대로 1458","서울특별시 강동구 길동 411-4","200.00","61","시설 운영시간 내 쉼터 탄력적 운영(공휴일 등 미운영)","127.1395640","37.5358310","212335.11246855","548490.06512887"
"2026","1174068500","생활밀착민간시설","의료시설","강동성심병원","서울특별시 강동구 성안로 150","서울특별시 강동구 길동 445","100.00","30","","127.1353505","37.5361000","211962.66671578","548519.37651902"
"2026","1174068500","특정계층이용시설","회원이용시설","성심경로당","서울특별시 강동구 천중로40길 66","서울특별시 강동구 길동 386-1","111.21","34","특정계층 이용시설이나 관리주체(회원) 동의로 일반인 이용 가능","127.1373927","37.5383161","212142.80296566","548765.59836986"
"2026","1174069000","공공시설","복지?문화?체육시설","중앙도서관","서울특별시 강동구 양재대로84길 63","서울특별시 강동구 둔촌동 172-1","12,056.00","800","","127.1362630","37.5243300","212045.20870519","547213.16790223"
"2026","1174069000","공공시설","공공청사","둔촌1동주민센터","서울특별시 강동구 양재대로84길 31 (둔촌제1동주민센터 둔촌제1동주민센터)","서울특별시 강동구 둔촌동 172-5","603.21","183","폭염특보 발령시 주말, 휴일 운영","127.1366950","37.5234210","212083.54273359","547112.33560751"
"2026","1174066000","생활밀착민간시설","금융기관","국민은행둔촌역지점","서울특별시 강동구 양재대로 1360 (포레온스테이션5)","서울특별시 강동구 둔촌동 170-1","221.09","67","시설 운영시간 내 쉼터 탄력적 운영(공휴일 등 미운영)","127.1389500","37.5268480","212282.31811344","547492.98215189"
"2026","1174070000","공공시설","복지?문화?체육시설","둔촌도서관","서울특별시 강동구 동남로49길 21-8 (강동구립둔촌도서관)","서울특별시 강동구 둔촌동 29-11","996.00","214","","127.1482360","37.5317740","213102.28171241","548040.96055904"
"2026","1174070000","특정계층이용시설","회원이용시설","더샵둔촌포레경로당","서울특별시 강동구 동남로49길 57 (더샵 둔촌포레 관리사무소)","서울특별시 강동구 둔촌동 30-4","155.61","55","특정계층 이용시설이나 관리주체(회원) 동의로 일반인 이용 가능 ","127.1459620","37.5320440","212901.24080770","548070.61288257"
"2026","1174070000","생활밀착민간시설","금융기관","한국양토양록농협둔촌남지점","서울특별시 강동구 천호대로 1210 (은선빌딩)","서울특별시 강동구 둔촌동 609-6","340.35","20","","127.1457470","37.5349000","212881.74621394","548387.56445659"
"2026","1174070000","생활밀착민간시설","금융기관","서울경기양돈농협둔촌동지점","서울특별시 강동구 진황도로 195 (욱성빌딩)","서울특별시 강동구 둔촌동 94-3","176.45","20","","127.1436510","37.5289450","212697.50212366","547726.34749312"
"2026","1174070000","생활밀착민간시설","금융기관","신강동새마을금고본점","서울특별시 강동구 천호대로 1176","서울특별시 강동구 둔촌동 64","150.77","20","","127.1419680","37.5335640","212547.96561204","548238.77387333"
"2026","1174070000","특정계층이용시설","회원이용시설","둔촌신동아(아)경로당","서울특별시 강동구 양재대로96길 79 (둔촌신동아아파트 관리동)","서울특별시 강동구 둔촌동 555","106.35","32","특정계층 이용시설(회원만 이용)","127.1418410","37.5291530","212537.47892718","547749.19012069"
"2026","1174070000","특정계층이용시설","회원이용시설","한솔솔파크경로당","서울특별시 강동구 천호대로198길 36 (둔촌동)","서울특별시 강동구 둔촌동 611","47.52","14","특정계층 이용시설(회원만 이용)","127.1480600","37.5339040","213086.35324699","548277.33996628"
"2026","1174070000","특정계층이용시설","회원이용시설","신성둔촌미소지움2차(아)경로당","서울특별시 강동구 명일로 102 (둔촌동)","서울특별시 강동구 둔촌동 546","35.90","19","특정계층 이용시설(회원만 이용)","127.1427770","37.5278660","212620.42985038","547606.47417626"
"2026","1174070000","특정계층이용시설","회원이용시설","신성둔촌미소지움1차(아)경로당","서울특별시 강동구 진황도로 212 (신성둔촌미소지움)","서울특별시 강동구 둔촌동 134-10","123.20","23","특정계층 이용시설(회원만 이용)","127.1436150","37.5273860","212694.58422895","547553.31287470"
"2026","1174070000","특정계층이용시설","회원이용시설","둔촌현대4차아파트경로당","서울특별시 강동구 진황도로61길 7 (둔촌동현대아파트 101동)","서울특별시 강동구 둔촌동 89","37.24","11","특정계층 이용시설(회원만 이용)","127.1434040","37.5297800","212675.52815609","547818.98889026"
"2026","1174070000","특정계층이용시설","회원이용시설","둔촌현대3차아파트경로당","서울특별시 강동구 진황도로 211 (현대아파트 경로당)","서울특별시 강동구 둔촌동 135-1","40.00","12","특정계층 이용시설(회원만 이용)","127.1448040","37.5273940","212799.68239194","547554.36191107"
"2026","1174070000","특정계층이용시설","회원이용시설","둔촌하이츠아파트경로당","서울특별시 강동구 명일로 113 (둔촌하이츠아파트 노인정)","서울특별시 강동구 둔촌동 545","108.00","33","특정계층 이용시설(회원만 이용)","127.1423780","37.5294840","212584.88935062","547785.99875874"
"2026","1174070000","특정계층이용시설","회원이용시설","둔촌프라자아파트경로당","서울특별시 강동구 천호대로 1238 (프라자상가)","서울특별시 강동구 둔촌동 603","114.00","35","특정계층 이용시설(회원만 이용)","127.1482500","37.5354660","213102.87320986","548450.72934459"
"2026","1174070000","특정계층이용시설","회원이용시설","둔촌푸르지오아파트경로당","서울특별시 강동구 명일로 172 (둔촌푸르지오아파트 관리실,노인정)","서울특별시 강동구 둔촌동 630","140.42","43","특정계층 이용시설(회원만 이용)","127.1471850","37.5344240","213008.92558868","548334.93221432"
"2026","1174070000","특정계층이용시설","회원이용시설","둔촌동아아파트경로당","서울특별시 강동구 동남로49길 60-5 (동아아파트 102동)","서울특별시 강동구 둔촌동 621","43.20","13","특정계층 이용시설(회원만 이용)","127.1459260","37.5332040","212897.85908770","548199.35372916"
"2026","1174070000","특정계층이용시설","회원이용시설","약수경로당","서울특별시 강동구 진황도로 150-8","서울특별시 강동구 둔촌동 426-6","199.28","60","특정계층 이용시설(회원만 이용)","127.1408627","37.5327943","212450.40060674","548153.19970461"
"2026","1174069000","특정계층이용시설","회원이용시설","선린경로당","서울특별시 강동구  명일로10나길  5 , 선린경로당 (둔촌동)","서울특별시 강동구 둔촌동 39-8","91.64","18","특정계층 이용시설(회원만 이용)","127.1446029","37.5315248","212781.20165968","548012.80248848"
"2026","1174070000","공공시설","공공청사","둔촌2동주민센터","서울특별시 강동구  천호대로186길  7 , 둔촌제2동주민센터 (둔촌동)","서울특별시 강동구 둔촌동 65","239.00","72","폭염특보 발령시 주말, 휴일 운영","127.1419499","37.5333444","212546.40261421","548214.39854739"
"2026","1174070000","생활밀착민간시설","금융기관","우리은행둔촌동지점","서울특별시 강동구 천호대로 1190 (둔촌동)","서울특별시 강동구 둔촌동 53-1","45.40","14","시설 운영시간 내 쉼터 탄력적 운영(공휴일 등 미운영)","127.1435000","37.5342000","212683.26513571","548309.56759902"
"2026","1174070000","특정계층이용시설","회원이용시설","둔촌2동경로당","서울특별시 강동구 천호대로188길 39 (둔촌동)","서울특별시 강동구 둔촌동 49-5","98.30","29","특정계층 이용시설(회원만 이용)","127.1432200","37.5322800","212658.84180192","548096.43338792"
"2026","1174070000","생활밀착민간시설","의료시설","중앙보훈병원","서울특별시 강동구 진황도로61길 53","서울특별시 강동구 둔촌동 6-2","50.00","15","","127.1476066","37.5287780","213047.17213234","547708.35390441"
"2026","1174064000","특정계층이용시설","회원이용시설","성안마을청구아파트경로당","서울특별시 강동구 풍성로 114-1 (성안마을청구아파트 102동)","서울특별시 강동구 성내동 295","28.00","21","","127.1246640","37.5316830","211018.81252174","548027.83792664"
"2026","1174064000","특정계층이용시설","회원이용시설","성내1동경로당","서울특별시 강동구  성내로3가길  71 , 구립성내1동경로당 (성내동)","서울특별시 강동구 성내동 533","185.19","56","특정계층 이용시설이나 관리주체(회원) 동의로 일반인 이용 가능","127.1265382","37.5294516","211184.80274151","547780.40123924"
"2026","1174064000","특정계층이용시설","회원이용시설","성내천경로당","서울특별시 강동구 성안로3길 112-9","서울특별시 강동구 성내동 558-8","45.96","14","특정계층 이용시설이나 관리주체(회원) 동의로 일반인 이용 가능","127.1240386","37.5285136","210963.99849643","547676.00051364"
"2026","1174064000","공공시설","공공청사","성내1동주민센터","서울특별시 강동구  성내로  13   (성내동)","서울특별시 강동구 성내동 539-1","338.00","102","폭염특보 발령시 주말, 휴일 운영","127.1224580","37.5304794","210824.00225370","547893.99698061"
"2026","1174064000","생활밀착민간시설","금융기관","우리은행강동구청지점","서울특별시 강동구 성내로 25 (강동구청)","서울특별시 강동구 성내동 540","35.00","11","시설 운영시간 내 쉼터 탄력적 운영(공휴일 등 미운영)","127.1236400","37.5304840","210928.47802191","547894.64420946"
"2026","1174064000","생활밀착민간시설","금융기관","국민은행강동구청역지점","서울특별시 강동구 성내로 12","서울특별시 강동구 성내동 552-8","358.91","109","시설 운영시간 내 쉼터 탄력적 운영(공휴일 등 미운영)","127.1218601","37.5301485","210771.20173025","547857.20251894"
"2026","1174064000","생활밀착민간시설","금융기관","기업은행강동구청역지점","서울특별시 강동구  성내로6길  11   (성내동)","서울특별시 강동구 성내동 551-1","50.00","15","시설 운영시간 내 쉼터 탄력적 운영(공휴일 등 미운영)","127.1234241","37.5290548","210909.60287571","547735.99557467"
"2026","1174064000","생활밀착민간시설","금융기관","농협서울영업본부점","서울특별시 강동구 올림픽로 528","서울특별시 강동구 성내동 451","200.00","61","시설 운영시간 내 쉼터 탄력적 운영(공휴일 등 미운영)","127.1204327","37.5289822","210645.19968937","547727.59510328"
"2026","1174064000","생활밀착민간시설","의료시설","인애가한방병원","서울특별시 강동구 성내로6길 15","서울특별시 강동구 성내동 551-3","50.00","15","시설 운영시간 내 쉼터 탄력적 운영(공휴일 등 미운영)","127.1229744","37.5288283","210869.88621000","547710.80480653"
"2026","1174064000","공공시설","공공청사","강동구청","서울특별시 강동구 성내로 25 (강동구청)","서울특별시 강동구 성내동 540","200.00","61","","127.1238140","37.5301690","210943.90382499","547859.70332376"
"2026","1174065000","특정계층이용시설","회원이용시설","웃말경로당","서울특별시 강동구 천호대로162길 70 (성내2동거점시설 및 웃말경로당)","서울특별시 강동구 성내동 143-10","242.40","40","특정계층 이용시설이나 관리주체(회원) 동의로 일반인 이용 가능","127.1274300","37.5338310","211262.97105512","548266.56721546"
"2026","1174065000","공공시설","기타","강동구청년해냄센터","서울특별시 강동구 올림픽로 610 (천호역효성해링턴타워)","서울특별시 강동구 성내동 609","","","시설 운영시간 내 쉼터 운영(공휴일 등 미운영)","127.1231850","37.5359610","210887.46457041","548502.47123207"
"2026","1174065000","특정계층이용시설","회원이용시설","성내분토골경로당","서울특별시 강동구 천호대로168길 18-11","서울특별시 강동구 성내동 176-3","247.96","72","특정계층 이용시설이나 관리주체(회원) 동의로 일반인 이용 가능","127.1315150","37.5349830","211623.84740269","548394.92217787"
"2026","1174065000","공공시설","복지?문화?체육시설","더숲작은도서관","서울특별시 강동구 풍성로35길 19 (성내동)","서울특별시 강동구 성내동 128-1","100.00","30","시설 운영시간 내 쉼터 운영(공휴일 등 미운영)","127.1248654","37.5330137","211036.41780606","548175.55289341"
"2026","1174065000","특정계층이용시설","회원이용시설","성내2동경로당","서울특별시 강동구 올림픽로62길 35","서울특별시 강동구 성내동 43-17","163.96","62","특정계층 이용시설(회원만 이용)","127.1248032","37.5365389","211030.40094045","548566.79964916"
"2026","1174065000","특정계층이용시설","회원이용시설","안말경로당","서울특별시 강동구 풍성로45길 11","서울특별시 강동구 성내동 512","180.72","55","특정계층 이용시설(회원만 이용)","127.1299270","37.5314585","211484.03365024","548003.55080646"
"2026","1174065000","공공시설","공공청사","성내2동주민센터","서울특별시 강동구 천호대로 1050 (그란츠리버파크)","서울특별시 강동구 성내동 611","221.00","67","폭염특보 발령시 주말, 휴일 운영","127.1283210","37.5367130","211341.28616144","548586.54105853"
"2026","1174065000","생활밀착민간시설","금융기관","강동농협성내지점","서울특별시 강동구  풍성로37길  44 , 공빌딩 (성내동)","서울특별시 강동구 성내동 139-2","1,500.00","478","시설 운영시간 내 쉼터 탄력적 운영(공휴일 등 미운영)","127.1267310","37.5337582","211201.20041507","548258.40382493"
"2026","1174065000","생활밀착민간시설","금융기관","SC제일은행강동역지점","서울특별시 강동구 천호대로 1102 (성내동)","서울특별시 강동구 성내동 199","50.00","15","시설 운영시간 내 쉼터 탄력적 운영(공휴일 등 미운영)","127.1336308","37.5351620","211810.82254029","548415.05260763"
"2026","1174065000","생활밀착민간시설","금융기관","서울강동새마을금고성내지점","서울특별시 강동구 풍성로 161","서울특별시 강동구 성내동 516-13","200.00","61","시설 운영시간 내 쉼터 탄력적 운영(공휴일 등 미운영)","127.1299843","37.5307813","211489.20218117","547928.39693591"
"2026","1174065000","공공시설","복지?문화?체육시설","성내종합사회복지관","서울특별시 강동구 성안로13길 56","서울특별시 강동구 성내동 508-1","450.00","136","시설 운영시간 내 쉼터 운영(공휴일 등 미운영)","127.1293210","37.5321790","211430.36032848","548083.44362879"
"2026","1174066000","공공시설","복지?문화?체육시설","성내도서관","서울특별시 강동구 성안로 106-1 (성내구립도서관)","서울특별시 강동구 성내동 385","1,414.00","208","","127.1333520","37.5328620","211786.54303628","548159.74579165"
"2026","1174066000","공공시설","기타","강동구사회적경제지원센터","서울특별시 강동구 성안로 108 (사회적경제지원센터)","서울특별시 강동구 성내동 382-15","","","시설 운영시간 내 쉼터 운영(공휴일 등 미운영)","127.1334360","37.5330760","211793.93382381","548183.50769778"
"2026","1174066000","특정계층이용시설","회원이용시설","힐데스하임올림픽파크아파트경로당","서울특별시 강동구 강동대로55길 39 (힐데스하임 올림픽파크아파트 경로당)","서울특별시 강동구 성내동 608","276.59","84","특정계층 이용시설(회원만 이용)","127.1329290","37.5240960","211750.53044408","547186.77511430"
"2026","1174066000","특정계층이용시설","회원이용시설","둔촌역청구(아)경로당","서울특별시 강동구 풍성로 196 (둔촌역청구아파트101동)","서울특별시 강동구 성내동 419-1","42.80","13","특정계층 이용시설(회원만 이용)","127.1331550","37.5294110","211769.67311150","547776.70256355"
"2026","1174066000","특정계층이용시설","회원이용시설","성내3동제1경로당","서울특별시 강동구  양재대로97길  41   (성내동)","서울특별시 강동구 성내동 405-18","101.20","31","특정계층 이용시설(회원만 이용)","127.1347868","37.5313526","211913.60041923","547992.40170784"
"2026","1174066000","특정계층이용시설","회원이용시설","성내3동제2경로당","서울특별시 강동구  양재대로85길  59 , 성내3동경로당 (성내동)","서울특별시 강동구 성내동 444-6","98.76","30","특정계층 이용시설(회원만 이용)","127.1313132","37.5247179","211607.60208349","547255.59767178"
"2026","1174066000","공공시설","공공청사","성내3동주민센터","서울특별시 강동구  강동대로53길  76 , 성내3동주민센터 (성내동)","서울특별시 강동구 성내동 430-29","281.00","85","폭염특보 발령시 주말, 휴일 운영","127.1328857","37.5260424","211746.39766931","547402.79594522"
"2026","1174066000","생활밀착민간시설","금융기관","우리은행둔촌역금융센터","서울특별시 강동구  양재대로  1377 , 우리은행 둔촌역금융센터 (성내동)","서울특별시 강동구 성내동 415-8","185.00","56","시설 운영시간 내 쉼터 탄력적 운영(공휴일 등 미운영)","127.1362627","37.5292209","212044.39581058","547755.99722878"
"2026","1174066000","생활밀착민간시설","금융기관","신한은행둔촌동지점","서울특별시 강동구  양재대로  1315   (성내동)","서울특별시 강동구 성내동 440-1","50.00","15","시설 운영시간 내 쉼터 탄력적 운영(공휴일 등 미운영)","127.1342936","37.5238388","211871.19785866","547158.40044832"
"2026","1174066000","생활밀착민간시설","금융기관","강동농협둔촌역지점","서울특별시 강동구 양재대로 1349","서울특별시 강동구 성내동 428-6","50.00","15","시설 운영시간 내 쉼터 탄력적 운영(공휴일 등 미운영)","127.1353622","37.5267208","211965.19900875","547478.40208596"
"2026","1174066000","생활밀착민간시설","금융기관","기업은행둔촌동개인스마트","서울특별시 강동구 양재대로 1317","서울특별시 강동구 성내동 440-30","200.00","61","시설 운영시간 내 쉼터 탄력적 운영(공휴일 등 미운영)","127.1343618","37.5239937","211877.20200425","547175.60103136"
"2026","1174066000","생활밀착민간시설","금융기관","KEB하나은행둔촌역지점","서울특별시 강동구 양재대로 1349","서울특별시 강동구 성내동 428-6","200.00","61","시설 운영시간 내 쉼터 탄력적 운영(공휴일 등 미운영)","127.1353360","37.5266630","211962.89231630","547471.98366903"
"2026","1174066000","특정계층이용시설","회원이용시설","선린공원경로당","서울특별시 강동구 양재대로91길 59 (성내3동파출소)","서울특별시 강동구 성내동 424","50.00","15","특정계층 이용시설(회원만 이용)","127.1328120","37.5283600","211739.51977486","547660.01166823"
"2026","1129060000","특정계층이용시설","회원이용시설","안암3가경로당","서울특별시 성북구 고려대로10길 37","서울특별시 성북구 안암동3가 41-1","","","","127.0221750","37.5843940","201958.62525778","553871.06173443"
"2026","1129060000","특정계층이용시설","회원이용시설","안암동경로당","서울특별시 성북구 안암로 79 (대한노인회성북구지회)","서울특별시 성북구 안암동5가 104-37","","","","127.0297980","37.5833370","202631.97027864","553753.93302160"
"2026","1129060000","특정계층이용시설","회원이용시설","안암2가경로당","서울특별시 성북구 고려대로 34-9 (안암동2가)","서울특별시 성북구 안암동2가 160-21","","","","127.0232713","37.5859678","202055.41359281","554045.75908564"
"2026","1129060000","특정계층이용시설","회원이용시설","호암경로당","서울특별시 성북구 보문로26길 73","서울특별시 성북구 안암동1가 312","","","","127.0227248","37.5877996","202007.09535715","554249.05632498"
"2026","1129060000","생활밀착민간시설","금융기관","새마을금고안암(본점)","서울특별시 성북구 고려대로 23-1","서울특별시 성북구 안암동2가 139-4","50.00","5","","127.0218018","37.5863668","201925.61123964","554090.01242274"
"2026","1129060000","생활밀착민간시설","금융기관","새마을금고안암(제1지점)","서울특별시 성북구 안암로 27","서울특별시 성북구 안암동4가 41-22","50.00","5","","127.0253923","37.5802356","202242.92070262","553409.59872658"
"2026","1129061000","특정계층이용시설","회원이용시설","보문느티나무경로당","서울특별시 성북구 보문로13길 27","서울특별시 성북구 보문동6가 182-2","2,460.00","260","","127.0205660","37.5796910","201816.62326853","553349.05009078"
"2026","1129061000","공공시설","복지?문화?체육시설","보문숲길도서관","서울특별시 성북구 보문사길 20 (보문사(보문종))","서울특별시 성북구 보문동3가 168","2,018.00","150","매주 월요일 및 공휴일 휴관 ","127.0161160","37.5846590","201423.45400970","553900.36464978"
"2026","1129061000","특정계층이용시설","회원이용시설","보문파크뷰자이경로당","서울특별시 성북구 보문사길 111 (보문동6가)","서울특별시 성북구 보문동6가 458","","","","127.0182610","37.5803750","201613.00466755","553424.92418370"
"2026","1129061000","특정계층이용시설","회원이용시설","보문아이파크(아)경로당","서울특별시 성북구 지봉로21길 19 (보문아이파크아파트 상가동)","서울특별시 성북구 보문동3가 2","","","","127.0167190","37.5858200","201476.69136166","554029.23177392"
"2026","1129061000","특정계층이용시설","회원이용시설","보문아남(아)경로당","서울특별시 성북구 보문사길 112 (아남아파트 103동)","서울특별시 성북구 보문동6가 441","","","","127.0172580","37.5810390","201524.39555996","553498.60383885"
"2026","1129061000","공공시설","복지?문화?체육시설","성북스마트패션산업센터","서울특별시 성북구 보문사길 45 (보문동3가)","서울특별시 성북구 보문동3가 210","108.00","32","","127.0179890","37.5836306","201588.90955936","553786.25398029"
"2026","1129061000","공공시설","공공청사","보문동주민센터","서울특별시 성북구 안암로3길 35","서울특별시 성북구 보문동7가 108-1","229.00","30","","127.0228304","37.5804183","202016.62124343","553429.81825715"
"2026","1129061000","특정계층이용시설","회원이용시설","보문제2경로당","서울특별시 성북구 보문로21길 19-5","서울특별시 성북구 보문동5가 98","","","","127.0194864","37.5827927","201721.18929793","553693.28300830"
"2026","1129061000","특정계층이용시설","회원이용시설","보문동제1경로당","서울특별시 성북구 보문로25길 22 (보문동2가)","서울특별시 성북구 보문동2가 56-14","","","","127.0175686","37.5860897","201551.72595644","554059.17911023"
"2026","1129061000","생활밀착민간시설","금융기관","서울미래새마을금고(제3지점)","서울특별시 성북구 지봉로 179-1","서울특별시 성북구 보문동2가 75-12","50.00","5","","127.0186495","37.5852604","201647.21345373","553967.15462546"
"2026","1129062000","공공시설","복지?문화?체육시설","서경로꿈마루도서관","서울특별시 성북구 서경로 94-1 (서경로꿈마루도서관)","서울특별시 성북구 정릉동 227-176","","","매주 월요일 및 공휴일 휴관","127.0138620","37.6114580","201223.92924497","556874.72402361"
"2026","1129062000","특정계층이용시설","회원이용시설","길음뉴타운라온유(아)경로당","서울특별시 성북구 정릉로 307 (길음뉴타운10단지 1001동)","서울특별시 성북구 정릉동 1034","","","","127.0183280","37.6032190","201618.42805458","555960.35275254"
"2026","1129062000","특정계층이용시설","회원이용시설","길음11롯데캐슬경로당","서울특별시 성북구 길음로15길 55","서울특별시 성북구 길음동 1280-4","","","","127.0163650","37.6088530","201444.97913237","556585.63295993"
"2026","1114067000","생활밀착민간시설","유통?판매?서비스시설","이마트청계천점","서울특별시 중구 청계천로 400 (롯데캐슬베네치아103동)","서울특별시 중구 황학동 2545","","","매월 둘째, 넷째주 수요일 휴무","127.0213160","37.5709310","201883.09238261","552376.80596754"
"2026","1114067000","생활밀착민간시설","유통?판매?서비스시설","신당지하도상가고객쉼터","서울특별시 중구 퇴계로85길 지하56 (신당지하쇼핑센터)","서울특별시 중구 황학동 1207","32.00","6","8월부터는 5시~01시 운영 예정","127.0201520","37.5683910","201780.32306039","552094.87286629"
"2026","1114067000","특정계층이용시설","회원이용시설","SH황학롯데캐슬경로당","서울특별시 중구 청계천로 400","서울특별시 중구 황학동 2545","264.46","30","","127.0212143","37.5710252","201874.10566787","552387.25903937"
"2026","1114067000","공공시설","공공청사","황학동주민센터","서울특별시 중구 난계로11길 52","서울특별시 중구 황학동 1010","330.00","30","특보 시 주말 공휴일 9시~18시 추가운영, 중대경보 시 평일 22시까지 연장운영","127.0213668","37.5674378","201887.66829779","551989.10250949"
"2026","1114067000","특정계층이용시설","회원이용시설","황중경로당","서울특별시 중구 난계로11길 37","서울특별시 중구 황학동 2525","257.04","35","","127.0217758","37.5666637","201923.82166284","551903.19475901"
"2026","1114068000","공공시설","복지?문화?체육시설","손기정문화도서관","서울특별시 중구 손기정로 101 (만리동2가)","서울특별시 중구 만리동2가 6-1","445.00","111","매주 월, 법정공휴일 휴무","126.9645590","37.5559233","196868.45247746","550711.50464840"
"2026","1114068000","공공시설","복지?문화?체육시설","손기정문화체육센터","서울특별시 중구 손기정로 101 (만리동2가)","서울특별시 중구 만리동2가 6-1","1,271.00","73","","126.9645590","37.5559233","196868.45247746","550711.50464840"
"2026","1114068000","공공시설","복지?문화?체육시설","손기정어린이도서관","서울특별시 중구 손기정로 101 (만리동2가)","서울특별시 중구 만리동2가 6-1","445.00","111","월요일, 공휴일 휴관","126.9647557","37.5551649","196885.80122331","550627.32474714"
"2026","1114068000","특정계층이용시설","회원이용시설","중림경로당","서울특별시 중구 손기정로 101-5 (만리동1가)","서울특별시 중구 만리동1가 57-36","119.81","30","","126.9660121","37.5568741","196996.88576543","550816.98472093"
"2026","1114068000","특정계층이용시설","회원이용시설","충정경로당(임대)","서울특별시 중구 중림로4길 41","서울특별시 중구 중림동 201","69.00","30","","126.9646435","37.5571804","196875.97133236","550851.02498685"
"2026","1114068000","공공시설","복지?문화?체육시설","중림종합사회복지관","서울특별시 중구 서소문로6길 16","서울특별시 중구 중림동 155-1","30.00","30","","126.9660708","37.5594606","197002.17602402","551104.05366532"
"2026","1114068000","특정계층이용시설","회원이용시설","삼성사이버경로당","서울특별시 중구 중림로 10","서울특별시 중구 중림동 200","227.00","70","","126.9652972","37.5582144","196933.77331078","550965.76518704"
"2026","1114068000","공공시설","공공청사","중림동주민센터","서울특별시 중구 만리재로 175 (서울역센트럴자이)","서울특별시 중구 만리동2가 273","49.54","30","특보 시 주말 공휴일 9시~18시 추가운영, 중대경보 시 평일 22시까지 연장운영","126.9643950","37.5547540","196853.91236916","550581.73175696"
"2026","1117051000","특정계층이용시설","회원이용시설","두텁바위경로당","서울특별시 용산구 두텁바위로31길 28 (오케이 어린이집)","서울특별시 용산구 후암동 275-1","","25","6월 개소 예정으로 현재 미운영 상태","126.9803810","37.5475840","198266.28266887","549785.53286122"
"2026","1117051000","특정계층이용시설","회원이용시설","후암미주아파트경로당","서울특별시 용산구 후암로 71-1 (라이프미주아파트 4동)","서울특별시 용산구 후암동 423-1","","30","","126.9755130","37.5514650","197836.21309549","550216.37808743"
"2026","1117051000","공공시설","공공청사","후암동주민센터","서울특별시 용산구 후암로 32-6","서울특별시 용산구 후암동 244-109","658.00","80","","126.9781637","37.5486911","198070.36995292","549908.45081459"
"2026","1117051000","특정계층이용시설","회원이용시설","양짓말경로당","서울특별시 용산구 후암로13가길 25","서울특별시 용산구 후암동 239-1","340.00","30","","126.9763850","37.5481297","197913.17414729","549846.18017312"
"2026","1120065000","특정계층이용시설","회원이용시설","성수금호3차(아)경로당","서울특별시 성동구 뚝섬로5길 17 (성수3차금호베스트빌 303동)","서울특별시 성동구 성수동1가 714","54.00","16","","127.0503460","37.5419400","204449.37641625","549160.12754134"
"2026","1120065000","공공시설","복지?문화?체육시설","성수도서관","서울특별시 성동구 뚝섬로1길 43 (성수문화복지회관)","서울특별시 성동구 성수동1가 656-323","28.39","10","화~일 09:00~18:00 ","127.0470730","37.5453770","204159.93088232","549541.44300542"
"2026","1120065000","공공시설","복지?문화?체육시설","성수아트홀(책마루)","서울특별시 성동구 뚝섬로1길 43","서울특별시 성동구 성수동1가 656-323","400.00","40","","127.0469510","37.5454026","204149.14808994","549544.27890487"
"2026","1120065000","공공시설","복지?문화?체육시설","성수종합사회복지관","서울특별시 성동구 뚝섬로1길 43","서울특별시 성동구 성수동1가 656-323","1,761.20","15","","127.0469510","37.5454026","204149.14808994","549544.27890487"
"2026","1120065000","공공시설","공공청사","성수1가1동주민센터","서울특별시 성동구 뚝섬로3길 18","서울특별시 성동구 성수동1가 27-23","1,973.00","12","","127.0496310","37.5419777","204386.18538740","549164.27818983"
"2026","1120065000","특정계층이용시설","회원이용시설","새촌할머니경로당","서울특별시 성동구  성수일로3길  5-16  (성수동1가)","서울특별시 성동구 성수동1가 656-133","31.00","9","","127.0479330","37.5418343","204236.13117579","549148.28468202"
"2026","1120065000","특정계층이용시설","회원이용시설","구립새촌경로당","서울특별시 성동구 성수일로3길 3-10","서울특별시 성동구 성수동1가 656-106","63.00","19","","127.0482050","37.5418702","204260.16743137","549152.28143402"
"2026","1120065000","특정계층이용시설","회원이용시설","서울숲실버문화센터경로당","서울특별시 성동구 뚝섬로1길 2","서울특별시 성동구 성수동1가 656-235","51.30","15","","127.0459980","37.5414476","204065.14442511","549105.28027332"
"2026","1120065000","특정계층이용시설","회원이용시설","성수1가1동경로당","서울특별시 성동구 성덕정9길 8-1","서울특별시 성동구 성수동1가 271-2","99.00","30","","127.0499570","37.5387430","204415.18667412","548805.28118401"
"2026","1120066000","특정계층이용시설","회원이용시설","서울숲리버포레경로당","서울특별시 성동구 왕십리로 137 (서울숲아이파크리버포레)","서울특별시 성동구 성수동1가 721","239.10","40","","127.0430540","37.5506090","203804.49823837","550121.96172744"
"2026","1120066000","특정계층이용시설","특수근로자 쉼터","성동필수플랫폼노동자쉼터","서울특별시 성동구 성수일로 111 (성수선명스퀘어)","서울특별시 성동구 성수동1가 13-17","50.07","","","127.0515220","37.5502190","204552.80302979","550079.05279962"
"2026","1120066000","특정계층이용시설","회원이용시설","한양현대(아)경로당","서울특별시 성동구 상원1길 17 (한양현대아파트 노인정, 관리실)","서울특별시 성동구 성수동1가 707","45.00","14","","127.0479420","37.5454280","204236.72318979","549547.14219173"
"2026","1120066000","특정계층이용시설","회원이용시설","성수쌍용(아)경로당","서울특별시 성동구 상원길 63 (쌍용아파트 노인정)","서울특별시 성동구 성수동1가 706","139.00","29","","127.0471270","37.5501660","204164.43653361","550072.96667179"
"2026","1120066000","특정계층이용시설","회원이용시설","동아그린(아)경로당","서울특별시 성동구 상원길 76 (성수동동아그린아파트 101동)","서울특별시 성동구 성수동1가 708","50.00","15","","127.0479210","37.5510680","204234.54831405","550173.11331644"
"2026","1120066000","특정계층이용시설","회원이용시설","성수대우2차(아)경로당","서울특별시 성동구 상원6길 14 (성수2차대우아파트 노인정)","서울특별시 성동구 성수동1가 709","64.00","20","","127.0501630","37.5483800","204432.82227066","549874.88096461"
"2026","1123073000","공공시설","공공청사","휘경2동주민센터","서울특별시 동대문구 한천로 329 (휘경동)","서울특별시 동대문구 휘경동 367-1","","","특보시 연장 추가 운영 검토","127.0685792","37.5901209","206056.85096413","554508.66280882"
"2026","1123072000","특정계층이용시설","회원이용시설","수복경로당","서울특별시 동대문구 망우로6길 24 (휘경2동구립경로당)","서울특별시 동대문구 휘경동 312-22","182.00","40","","127.0555850","37.5866780","204909.44136849","554125.78120905"
"2026","1123072000","특정계층이용시설","회원이용시설","휘경2동경로당","서울특별시 동대문구 망우로20가길 34-6","서울특별시 동대문구 휘경동 29-7","277.20","60","","127.0648630","37.5902000","205728.63354712","554517.20887202"
"2026","1123074000","공공시설","복지?문화?체육시설","이문청소년독서실","서울특별시 동대문구 이문로9길 52  (이문동)","서울특별시 동대문구 이문동 346-140","","","","127.0565234","37.5945230","204991.79981933","554996.53747463"
"2026","1123074000","특정계층이용시설","회원이용시설","이문삼성래미안2차아파트경로당","서울특별시 동대문구 이문로12길 3-10 (래미안이문2차아파트106동)","서울특별시 동대문구 이문동 311","","","","127.0602180","37.5935270","205318.15512753","554886.19539625"
"2026","1123074000","특정계층이용시설","회원이용시설","진성경로당","서울특별시 동대문구 이문로16길 19","서울특별시 동대문구 이문동 325-18","113.50","34","","127.0596870","37.5942850","205271.20637030","554970.29498792"
"2026","1123074000","특정계층이용시설","회원이용시설","고황경로당","서울특별시 동대문구 이문로9길 52 (이문동)","서울특별시 동대문구 이문동 346-140","118.38","35","","127.0565388","37.5945033","204993.16116922","554994.35181329"
"2026","1123074000","공공시설","공공청사","이문1동주민센터","서울특별시 동대문구  외대역동로  114-1  (이문동)","서울특별시 동대문구 이문동 120-1","","","특보시 연장 추가 운영 검토","127.0654760","37.5977680","205782.18749313","555357.20987499"
"2026","1123074000","특정계층이용시설","회원이용시설","신이문경로당","서울특별시 동대문구 신이문로8길 32","서울특별시 동대문구 이문동 256-137","227.16","40","","127.0633610","37.6015110","205595.13145709","555772.51332627"
"2026","1123075000","특정계층이용시설","회원이용시설","이문쌍용아파트경로당","서울특별시 동대문구 한천로58길 47 (쌍용아파트)","서울특별시 동대문구 이문동 64","","30","","127.0680790","37.5994620","206011.92222504","555545.38855438"
"2026","1123075000","특정계층이용시설","회원이용시설","이문현대아파트경로당","서울특별시 동대문구 한천로58길 107 (현대아파트102동)","서울특별시 동대문구 이문동 54","","35","","127.0701920","37.6013510","206198.36039526","555755.18405614"
"2026","1123075000","공공시설","복지?문화?체육시설","이문체육문화센터","서울특별시 동대문구 한천로58길 81-49 (이문동)","서울특별시 동대문구 이문동 189","379.66","1070","","127.0687036","37.6022207","206066.85540808","555851.61396244"
"2026","1123074000","특정계층이용시설","회원이용시설","(이문)현대아파트제2경로당","서울특별시 동대문구 한천로58길 135","서울특별시 동대문구 이문동 54-1","56.50","17","","127.0706710","37.6022890","206240.58052436","555859.32344286"
"2026","1123075000","공공시설","공공청사","이문2동주민센터","서울특별시 동대문구 신이문로 27-5","서울특별시 동대문구 이문동 237-1","","","특보시 연장 추가 운영 검토","127.0650990","37.6033590","205748.46441877","555977.72595042"
"2026","1123075000","특정계층이용시설","회원이용시설","쌍용아파트제2경로당","서울특별시 동대문구 한천로58길 75-45 (이문동, 쌍용아파트)","서울특별시 동대문구 이문동 64-1","38.40","11","","127.0679569","37.6017202","206000.95843234","555796.01599697"
"2026","1123075000","특정계층이용시설","회원이용시설","이문e편한세상아파트제2경로당","서울특별시 동대문구 이문로54길 16","서울특별시 동대문구 이문동 225-1","67.00","22","","127.0629570","37.6046940","205559.21912332","556125.76730807"
"2026","1126052000","특정계층이용시설","회원이용시설","풍림APT경로당","서울특별시 중랑구 망우로26길 43 (풍림아파트 노인정)","서울특별시 중랑구 면목동 1514","26.80","","","127.0723610","37.5910090","206390.78011792","554607.48252653"
"2026","1126052000","특정계층이용시설","회원이용시설","신성은하수APT경로당","서울특별시 중랑구 중랑천로 37 (신성아파트 상가동)","서울특별시 중랑구 면목동 1519","95.10","","","127.0732950","37.5886200","206473.47606780","554342.39435773"
"2026","1129062000","특정계층이용시설","회원이용시설","정릉태영2단지경로당","서울특별시 성북구 서경로2길 48 (길음뉴타운 데시앙)","서울특별시 성북구 정릉동 1018","","","","127.0167640","37.6062650","201480.26089157","556298.39947566"
"2026","1129062000","특정계층이용시설","회원이용시설","태영(아)경로당","서울특별시 성북구 서경로 28 (길음뉴타운 데시앙 관리사무소)","서울특별시 성북구 정릉동 1018","","","","127.0164900","37.6066050","201456.06006888","556336.13146605"
"2026","1129062000","특정계층이용시설","회원이용시설","정릉힐스테이트1차(아)경로당","서울특별시 성북구 북악산로 825-24 (정릉1동 경로당)","서울특별시 성북구 정릉동 1030","","","","127.0174700","37.6003190","201542.72346275","555638.47033822"
"2026","1129062000","특정계층이용시설","회원이용시설","정릉현대홈타운(힐스테이트아파트)경로당","서울특별시 성북구 정릉로 292 (정릉힐스테이트 상가)","서울특별시 성북구 정릉동 1025","","","","127.0154910","37.6029160","201367.91633823","555926.67797765"
"2026","1129062000","특정계층이용시설","회원이용시설","정릉쌍용(아)경로당","서울특별시 성북구 북악산로 847 (정릉 쌍용아파트 경로당)","서울특별시 성북구 정릉동 1017","","","","127.0183880","37.5992990","201623.81146635","555525.27711852"
"2026","1129062000","특정계층이용시설","회원이용시설","정릉2차e-편한세상경로당","서울특별시 성북구 북악산로 851 (정릉2차 e-편한세상)","서울특별시 성북구 정릉동 1035","","","","127.0199970","37.6001680","201765.87884783","555621.75552789"
"2026","1129062000","특정계층이용시설","회원이용시설","우성(아)경로당","서울특별시 성북구 북악산로 813 (정릉우성아파트 관리동)","서울특별시 성북구 정릉동 1020","","","","127.0148830","37.6009420","201314.26226763","555707.57709003"
"2026","1129062000","특정계층이용시설","회원이용시설","쌍용스카이(아)경로당","서울특별시 성북구 북악산로 828 (정릉스카이쌍용아파트 상가동)","서울특별시 성북구 정릉동 1014","","","","127.0167430","37.5997240","201478.53604053","555572.42023403"
"2026","1129062000","특정계층이용시설","회원이용시설","경남(아)경로당","서울특별시 성북구 정릉로 305 (길음뉴타운 경남아너스빌)","서울특별시 성북구 정릉동 1015","","","","127.0170760","37.6044840","201507.84643560","556100.73298894"
"2026","1129062000","생활밀착민간시설","금융기관","정릉새마을금고","서울특별시 성북구 정릉로 302","서울특별시 성북구 정릉동 14-31","105.00","10","공휴일 미운영","127.0168226","37.6028061","201485.50405118","555914.50052160"
"2026","1129062000","공공시설","공공청사","정릉1동주민센터","서울특별시 성북구 정릉로38마길 33","서울특별시 성북구 정릉동 1020","965.00","50","","127.0166532","37.6014404","201470.57222375","555762.92022917"
"2026","1129062000","특정계층이용시설","회원이용시설","정릉1동경로당","서울특별시 성북구 정릉로38가길 6","서울특별시 성북구 정릉동 16-182","","","","127.0184577","37.6020627","201629.90625623","555832.01844710"
"2026","1129062000","생활밀착민간시설","금융기관","성북신협","서울특별시 성북구 정릉로36길 3","서울특별시 성북구 정릉동 16-179","100.00","10","공휴일 미운영","127.0185962","37.6022002","201642.13346946","555847.28184257"
"2026","1129062000","공공시설","공공청사","길음1동주민센터","서울특별시 성북구 길음로 92","서울특별시 성북구 길음동 1281-7","2,179.00","30","","127.0193799","37.6104983","201711.14783072","556768.29401056"
"2026","1129065000","공공시설","복지?문화?체육시설","정릉도서관","서울특별시 성북구 정릉로 242 (성북아동청소년센터)","서울특별시 성북구 정릉동 966-1","","","매주 월요일 및 법정 공휴일 휴무","127.0086790","37.6101650","200766.31552481","556731.16014586"
"2026","1129063000","특정계층이용시설","회원이용시설","정릉꿈에그린(아)경로당","서울특별시 성북구 아리랑로19가길 21 (정릉꿈에그린 201동)","서울특별시 성북구 정릉동 1037","","","","127.0110560","37.6015850","200976.30575533","555778.89630608"
"2026","1129063000","특정계층이용시설","회원이용시설","정릉푸른마을동아(아)경로당","서울특별시 성북구 서경로 31","서울특별시 성북구 정릉동 210","","","","127.0150140","37.6073830","201325.71608032","556422.45908474"
"2026","1129063000","특정계층이용시설","회원이용시설","정릉푸르지오(아)경로당","서울특별시 성북구 보국문로 19 (정릉푸르지오아파트 상가동)","서울특별시 성북구 정릉동 406-1","","","","127.0106910","37.6061520","200944.01652931","556285.77931221"
"2026","1117051000","특정계층이용시설","회원이용시설","활터골경로당","서울특별시 용산구 신흥로20길 55","서울특별시 용산구 후암동 406-43","77.00","40","","126.9839830","37.5478678","198584.59426236","549816.97091262"
"2026","1117051000","특정계층이용시설","회원이용시설","새말경로당","서울특별시 용산구 두텁바위로58길 48 (새말경로당)","서울특별시 용산구 후암동 400-39","140.00","50","","126.9829630","37.5484560","198494.46974603","549882.26986704"
"2026","1117052000","공공시설","공공청사","용산2가동주민센터","서울특별시 용산구 신흥로 90","서울특별시 용산구 용산동2가 11-13","392.00","100","","126.9854610","37.5459239","198715.17023223","549601.20026814"
"2026","1117052000","특정계층이용시설","회원이용시설","용암경로당","서울특별시 용산구 신흥로3가길 21-7","서울특별시 용산구 용산동2가 5-66","314.00","90","","126.9846480","37.5410043","198643.23524588","549055.19582935"
"2026","1117052000","특정계층이용시설","회원이용시설","용산2가경로당","서울특별시 용산구 신흥로16길 18","서울특별시 용산구 용산동2가 25","152.00","75","","126.9875550","37.5448429","198900.20377351","549481.19580170"
"2026","1117052000","특정계층이용시설","회원이용시설","신흥경로당","서울특별시 용산구 신흥로25가길 2","서울특별시 용산구 용산동2가 1-136","132.00","60","","126.9832380","37.5445110","198518.69296049","549444.41817922"
"2026","1117053000","공공시설","공공청사","남영동주민센터","서울특별시 용산구 두텁바위로 25","서울특별시 용산구 갈월동 51-19","264.00","66","","126.9748099","37.5457462","197773.91379468","549581.67658445"
"2026","1117053000","특정계층이용시설","회원이용시설","갈월경로당","서울특별시 용산구 두텁바위로1길 13","서울특별시 용산구 갈월동 23-1","167.00","41","","126.9731040","37.5456527","197623.15793000","549571.34097313"
"2026","1117053000","특정계층이용시설","회원이용시설","남영경로당","서울특별시 용산구 한강대로72길 21-15","서울특별시 용산구 남영동 108-3","136.00","40","","126.9743518","37.5413116","197733.29656462","549089.50076670"
"2026","1117052000","특정계층이용시설","회원이용시설","동자경로당","서울특별시 용산구 한강대로104길 30-4 (동자노인정)","서울특별시 용산구 동자동 24-11","198.00","40","","126.9738450","37.5501160","197688.77908443","550066.69497975"
"2026","1117053000","공공시설","복지?문화?체육시설","갈월종합사회복지관","서울특별시 용산구 두텁바위로 25","서울특별시 용산구 갈월동 51-19","115.00","17","*특보 발령 시 연장운영(주말 13:00~17:00)","126.9747859","37.5457796","197771.79387346","549585.38414888"
"2026","1117055500","특정계층이용시설","회원이용시설","은행나무집경로당","서울특별시 용산구 청파로73길 73-10","서울특별시 용산구 서계동 33-283","","","5월 개소 예정으로 현재 미운영 상태","126.9669300","37.5514860","197077.77950254","550218.94101236"
"2026","1117055500","특정계층이용시설","특수근로자 쉼터","용산구노동자종합지원센터","서울특별시 용산구 원효로97길 30","서울특별시 용산구 청파동3가 130-5","50.00","20","폭염 특보 발효 시, 추가운영","126.9689550","37.5421450","197256.37568478","549182.14180478"
"2026","1117055500","공공시설","복지?문화?체육시설","구립청파도서관","서울특별시 용산구 청파로93길 27 (청파도서관)","서울특별시 용산구 서계동 227-1","1,000.00","20","","126.9675800","37.5539440","197135.31064057","550491.72959477"
"2026","1117055500","공공시설","공공청사","청파동주민센터","서울특별시 용산구 청파로49길 6","서울특별시 용산구 청파동2가 91-1","2,136.00","50","","126.9699810","37.5453261","197347.16189971","549535.17585844"
"2026","1117055500","특정계층이용시설","회원이용시설","구립청파노인복지관","서울특별시 용산구 청파로83길 26","서울특별시 용산구 서계동 33-49","290.00","50","*특보 발령 시 연장운영(주말 13:00~17:00)","126.9676930","37.5519748","197145.22041147","550273.16851059"
"2026","1117055500","특정계층이용시설","회원이용시설","청파2동경로당","서울특별시 용산구 청파로49길 34","서울특별시 용산구 청파동2가 35-20","203.00","30","","126.9684650","37.5454608","197213.19500743","549550.16978234"
"2026","1117055500","특정계층이용시설","회원이용시설","서계제1경로당","서울특별시 용산구 효창원로104길 7","서울특별시 용산구 서계동 259-2","55.00","20","","126.9642190","37.5508025","196838.19393054","550143.16843488"
"2026","1120066000","특정계층이용시설","회원이용시설","뚝섬중앙하이츠빌경로당","서울특별시 성동구 상원길 47 (중앙하이츠빌 101동)","서울특별시 성동구 성수동1가 715","84.00","25","","127.0481140","37.5476140","204251.79898894","549789.76955662"
"2026","1120066000","특정계층이용시설","회원이용시설","성수1가2동노인복지관","서울특별시 성동구 왕십리로5길 3","서울특별시 성동구 성수동1가 685-580","321.00","15","연장쉼터 미 운영 ","127.0443268","37.5462344","203917.19906783","549636.48607819"
"2026","1120066000","공공시설","공공청사","성수1가2동주민센터","서울특별시 성동구 왕십리로5길 3","서울특별시 성동구 성수동1가 685-580","673.00","11","","127.0443720","37.5462505","203921.19258926","549638.27486780"
"2026","1120066000","특정계층이용시설","회원이용시설","서울숲경로당","서울특별시 성동구 왕십리로 101 (성수동1가)","서울특별시 성동구 성수동1가 685-739","149.00","45","","127.0443133","37.5466678","203915.98338909","549684.58768056"
"2026","1120066000","특정계층이용시설","회원이용시설","상원경로당","서울특별시 성동구 왕십리로16길 6","서울특별시 성동구 성수동1가 656-1740","100.00","30","","127.0450190","37.5500614","203978.16601568","550061.26603804"
"2026","1120066000","특정계층이용시설","회원이용시설","성원경로당","서울특별시 성동구 성수동1가 상원10길  21   (성수동1가)","서울특별시 성동구 성수동1가 13-21","83.00","25","","127.0500430","37.5501856","204422.11139387","550075.27520324"
"2026","1120067000","특정계층이용시설","회원이용시설","신성노바빌(아)경로당","서울특별시 성동구 뚝섬로13길 11 (신성 노바빌 아파트 관리사무소)","서울특별시 성동구 성수동2가 833","29.00","8","","127.0574690","37.5392600","205079.06026774","548863.04109250"
"2026","1120067000","특정계층이용시설","회원이용시설","두산위브(아)경로당","서울특별시 성동구 뚝섬로 434 (성수동 두산위브 관리실)","서울특별시 성동구 성수동2가 838","83.00","25","","127.0581020","37.5374990","205135.12502416","548667.62599971"
"2026","1120067000","특정계층이용시설","회원이용시설","강변임광(아)경로당","서울특별시 성동구 둘레19길 5 (강변임광아파트 101동)","서울특별시 성동구 성수동2가 609-2","80.00","24","","127.0569760","37.5351430","205035.76619946","548406.07800409"
"2026","1120067000","특정계층이용시설","회원이용시설","한강한신(아)경로당","서울특별시 성동구 성수이로 3 (한강한신아파트 관리사무소)","서울특별시 성동구 성수동2가 442","68.00","20","","127.0527170","37.5358660","204659.29377636","548486.10259010"
"2026","1120067000","특정계층이용시설","회원이용시설","청구강변경로당","서울특별시 성동구 둘레15길 7 (청구강변아파트 관리실)","서울특별시 성동구 성수동2가 712","41.00","12","","127.0548410","37.5352790","204847.05756387","548421.06015168"
"2026","1120067000","특정계층이용시설","회원이용시설","정안경로당","서울특별시 성동구 뚝섬로17길 12","서울특별시 성동구 성수동2가 269-11","22.00","6","","127.0601520","37.5384690","205316.23765562","548775.39805347"
"2026","1120067000","특정계층이용시설","회원이용시설","강변현대(아)경로당","서울특별시 성동구 둘레11길 1 (강변현대아파트 102동)","서울특별시 성동구 성수동2가 400","30.00","9","","127.0511180","37.5363170","204517.94192351","548536.08003470"
"2026","1120065000","특정계층이용시설","회원이용시설","중앙경로당","서울특별시 성동구 둘레9가길 23 (성수동1가, 상록연립)","서울특별시 성동구 성수동1가 374-1","53.00","16","행정구역상 성수1가1동이나 성수2가1동 관리","127.0498815","37.5373399","204408.59660774","548649.55070964"
"2026","1126052000","특정계층이용시설","회원이용시설","면목한신APT경로당","서울특별시 중랑구 중랑천로 20 (면목한신아파트 12동(노인정, 중앙공급실))","서울특별시 중랑구 면목동 193-1","155.00","","","127.0752690","37.5874560","206647.92495822","554213.34136445"
"2026","1126052000","야외시설","정자?파고라 등","중랑천변(겸재작은도서관인근)","서울특별시 중랑구 중랑천로 6 (면목동, 남양빌라)","서울특별시 중랑구 면목동 193-14","50.00","100","야외 무더위쉼터","127.0751825","37.5861398","206640.40200785","554067.25192302"
"2026","1126052000","특정계층이용시설","회원이용시설","면목2동구립서부경로당","서울특별시 중랑구 겸재로3길 50 (서부경로당)","서울특별시 중랑구 면목동 178-19","123.00","50","","127.0768180","37.5880870","206784.67881894","554283.48600143"
"2026","1126052000","공공시설","복지?문화?체육시설","중랑노인종합복지관","서울특별시 중랑구 겸재로9길 45","서울특별시 중랑구 면목동 178-8","","","폭염특보시 추가운영","127.0778558","37.5884476","206876.30568337","554323.58400377"
"2026","1126052000","공공시설","공공청사","면목2동주민센터","서울특별시 중랑구 동일로101길 20-15 (면목2동주민센터)","서울특별시 중랑구 면목동 180-8","224.00","56","","127.0790230","37.5897250","206979.27474623","554465.44711138"
"2026","1126052000","특정계층이용시설","회원이용시설","면목2동구립동부경로당","서울특별시 중랑구 겸재로27가길 18-4 (동부경로당)","서울특별시 중랑구 면목동 139-10","58.00","18","","127.0829470","37.5882410","207325.98611994","554301.03862938"
"2026","1126054000","특정계층이용시설","회원이용시설","쌍용더플래티넘용마산APT경로당","서울특별시 중랑구 용마산로 209 (쌍용 더 플래티넘 용마산 101동)","서울특별시 중랑구 면목동 1548","116.35","","","127.0854290","37.5725420","207546.78403676","552558.82533503"
"2026","1126054000","특정계층이용시설","회원이용시설","용마산하늘채APT경로당","서울특별시 중랑구 용마산로 210 (용마산 하늘채 101동)","서울특별시 중랑구 면목동 1537","143.09","","","127.0866200","37.5724990","207652.00120418","552554.14915552"
"2026","1126054000","특정계층이용시설","회원이용시설","늘푸른동아APT경로당","서울특별시 중랑구 동일로 476 (늘푸른동아아파트)","서울특별시 중랑구 면목동 715","164.00","","","127.0807190","37.5728570","207130.67329199","552593.41883158"
"2026","1126054000","특정계층이용시설","회원이용시설","삼익APT경로당","서울특별시 중랑구 동일로 501 (면목삼익아파트 101동)","서울특별시 중랑구 면목동 1516","54.51","","","127.0796140","37.5752630","207032.83190109","552860.37378372"
"2026","1126054000","생활밀착민간시설","금융기관","용마새마을금고제1지점","서울특별시 중랑구 면목로27길 6 (면목동)","서울특별시 중랑구 면목동 372-28","","","","127.0849624","37.5752333","207505.29456299","552857.49120575"
"2026","1126054000","야외시설","공원","용마폭포공원","서울특별시 중랑구 용마산로 250-12 (면목동)","서울특별시 중랑구 면목동 산 1-4","50.00","100","야외 무더위쉼터","127.0910967","37.5726640","208047.45471608","552572.83623243"
"2026","1126054000","공공시설","공공청사","면목4동주민센터","서울특별시 중랑구 면목로 246 (면목4동주민센터)","서울특별시 중랑구 면목동 378-9","272.00","68","","127.0855000","37.5747310","207552.83509081","552801.78477049"
"2026","1126054000","특정계층이용시설","회원이용시설","샘터경로당","서울특별시 중랑구 면목로21길 28 (면목4동샘터경로당)","서울특별시 중랑구 면목동 389-15","191.00","57","","127.0822780","37.5726260","207268.41699251","552567.89995482"
"2026","1126054000","특정계층이용시설","회원이용시설","대성경로당","서울특별시 중랑구 면목로31길 60 (면목4동대성경로당)","서울특별시 중랑구 면목동 347-7","72.00","20","","127.0819150","37.5761040","207236.01312757","552953.88982668"
"2026","1129063000","특정계층이용시설","회원이용시설","정릉중앙하이츠빌1단지(아)경로당","서울특별시 성북구 아리랑로19길 60 (정릉중앙하이츠빌1단지아파트 104동)","서울특별시 성북구 정릉동 494","","","","127.0097450","37.6026440","200860.52502905","555896.42079382"
"2026","1129063000","특정계층이용시설","회원이용시설","정릉우정에쉐르(아)경로당","서울특별시 성북구 북악산로 742-12 (정릉 우정에쉐르 상가동)","서울특별시 성북구 정릉동 1033","","","","127.0103170","37.5999220","200911.06825965","555594.31427908"
"2026","1129063000","특정계층이용시설","회원이용시설","정릉2동우방(아)경로당","서울특별시 성북구 북악산로 746 (정릉우방아파트)","서울특별시 성북구 정릉동 1016","","","","127.0101270","37.6002810","200894.28554160","555634.15747623"
"2026","1129063000","특정계층이용시설","회원이용시설","정릉2동경로당","서울특별시 성북구 보국문로8나길 39","서울특별시 성북구 정릉동 223-12","","","","127.0124186","37.6093735","201096.51651542","556643.34936866"
"2026","1129063000","공공시설","공공청사","정릉2동주민센터(임시청사)","서울특별시 성북구 정릉로 242 (성북아동청소년센터)","서울특별시 성북구 정릉동 966-1","120.00","10","","127.0086790","37.6101650","200766.31552481","556731.16014586"
"2026","1129063000","특정계층이용시설","회원이용시설","정릉2동508번지경로당","서울특별시 성북구 북악산로1가길 36","서울특별시 성북구 정릉동 508-34","","","","127.0046897","37.5995631","200414.13757259","555554.44065039"
"2026","1129063000","특정계층이용시설","회원이용시설","한울경로당","서울특별시 성북구 정릉로27길 42-23","서울특별시 성북구 정릉동 170-70","","","","127.0144951","37.6060730","201279.92035196","556277.05623038"
"2026","1129063000","특정계층이용시설","회원이용시설","정릉2동장수경로당","서울특별시 성북구 북악산로3길 48","서울특별시 성북구 정릉동 607-39","","","","127.0109858","37.5990977","200970.13900463","555502.83281753"
"2026","1129063000","생활밀착민간시설","금융기관","새마을금고한양(본점)","서울특별시 성북구 보국문로 8","서울특별시 성북구 정릉동 414-6","50.00","5","","127.0116365","37.6054035","201027.51458415","556202.71394940"
"2026","1129064000","특정계층이용시설","회원이용시설","신우노인회경로당","서울특별시 성북구 정릉로 175 (정릉동천주교회)","서울특별시 성북구 정릉동 677-1","","","","127.0047860","37.6079310","200422.59428493","556483.18586503"
"2026","1129064000","특정계층이용시설","회원이용시설","정릉3동성원(아)경로당","서울특별시 성북구 정릉로21길 21 (정릉성원아파트)","서울특별시 성북구 정릉동 1019","","","","127.0085170","37.6065150","200752.04842427","556326.04869847"
"2026","1129064000","생활밀착민간시설","금융기관","정릉신용협동조합(정3)","서울특별시 성북구 보국문로11길 28 (정릉동)","서울특별시 성북구 정릉동 395-2","18.00","5","공휴일 휴무","127.0084977","37.6087729","200750.32155881","556576.65075532"
"2026","1129064000","공공시설","복지?문화?체육시설","삼덕마을주민공동이용시설","서울특별시 성북구 솔샘로15다길 6-6 (정릉동)","서울특별시 성북구 정릉동 716-172","55.68","17","","127.0035115","37.6120536","200310.04135467","556940.74459567"
"2026","1129064000","공공시설","복지?문화?체육시설","정든마을주민공동이용시설","서울특별시 성북구 솔샘로6길 18-8 (정릉동)","서울특별시 성북구 정릉동 685-157","56.02","19","","127.0061481","37.6092021","200542.85576866","556624.27109155"
"2026","1129064000","특정계층이용시설","회원이용시설","정릉실버복지센터","서울특별시 성북구 솔샘로 8","서울특별시 성북구 정릉동 674-4","813.98","203","","127.0045422","37.6082110","200401.06572615","556514.26173620"
"2026","1129064000","공공시설","복지?문화?체육시설","정릉종합사회복지관","서울특별시 성북구 솔샘로5길 92","서울특별시 성북구 정릉동 산 1-293","1,599.00","402","","127.0011384","37.6112518","200100.51398758","556851.74831348"
"2026","1129062000","공공시설","공공청사","정릉3동주민센터","서울특별시 성북구 정릉로 169","서울특별시 성북구 정릉동 675-1","3,580.00","50","","127.0038830","37.6080900","200342.86045031","556500.82944652"
"2026","1129064000","특정계층이용시설","회원이용시설","산일경로당(산1경로당)","서울특별시 성북구 보국문로29가길 15","서울특별시 성북구 정릉동 768-3","","","","127.0031518","37.6156160","200278.26903804","557336.13133083"
"2026","1129064000","특정계층이용시설","회원이용시설","북악경로당","서울특별시 성북구 정릉로8가길 17-3","서울특별시 성북구 정릉동 880-3","","","","126.9978560","37.6081005","199810.68949214","556501.98990334"
"2026","1117055500","특정계층이용시설","회원이용시설","서계경로당","서울특별시 용산구 만리재로28길 5-22","서울특별시 용산구 서계동 238-49","299.00","50","","126.9653096","37.5531567","196934.66177124","550404.42031392"
"2026","1117055500","특정계층이용시설","회원이용시설","청파1동경로당","서울특별시 용산구 청파로71길 100 (청파동1가)","서울특별시 용산구 청파동1가 3-59","38.00","15","","126.9645712","37.5493430","196869.25521607","549981.16968274"
"2026","1117056000","공공시설","복지?문화?체육시설","용산꿈나무종합타운","서울특별시 용산구 백범로 329","서울특별시 용산구 원효로1가 25","30.00","10","","126.9653870","37.5388260","196940.91550056","548813.88337298"
"2026","1117056000","특정계층이용시설","회원이용시설","원효1동경로당","서울특별시 용산구 백범로77길 40","서울특별시 용산구 원효로1가 27-29","100.00","25","","126.9655220","37.5398360","196952.88785332","548925.97665060"
"2026","1117056000","특정계층이용시설","회원이용시설","효원경로당","서울특별시 용산구 원효로83길 13-4","서울특별시 용산구 원효로1가 50-3","75.00","20","","126.9674890","37.5401570","197126.74058419","548961.54181118"
"2026","1117056000","특정계층이용시설","회원이용시설","원일경로당","서울특별시 용산구 원효로67길 13","서울특별시 용산구 원효로2가 8-4","114.00","30","","126.9638640","37.5375578","196806.25921497","548673.17932817"
"2026","1117056000","공공시설","공공청사","원효로1동주민센터","서울특별시 용산구 백범로 350","서울특별시 용산구 문배동 19-2","400.00","80","","126.9676862","37.5372513","197144.05791936","548639.03863913"
"2026","1117057000","특정계층이용시설","회원이용시설","산천아파트경로당","서울특별시 용산구 새창로8길 157 (한강타운 어린이집,경로당)","서울특별시 용산구 산천동 204","","27","","126.9499650","37.5359120","195577.75252663","548491.07852617"
"2026","1117057000","특정계층이용시설","회원이용시설","리버힐삼성아파트경로당","서울특별시 용산구 효창원로 17 (리버힐삼성아파트106동)","서울특별시 용산구 산천동 193","","","","126.9505930","37.5350020","195633.20404381","548390.05035919"
"2026","1117057000","특정계층이용시설","회원이용시설","세방리버하이빌아파트","서울특별시 용산구 효창원로15길 16 (세방리버하이빌)","서울특별시 용산구 신창동 102","","","","126.9540310","37.5361810","195937.13275014","548520.75079227"
"2026","1117057000","특정계층이용시설","회원이용시설","리버힐삼성임대아파트경로당","서울특별시 용산구 효창원로13길 7 (산천동, 리버힐삼성아파트)","서울특별시 용산구 산천동 194","129.00","20","","126.9520895","37.5356934","195765.51003408","548466.71882815"
"2026","1117057000","특정계층이용시설","회원이용시설","청심경로당","서울특별시 용산구 효창원로 6","서울특별시 용산구 원효로4가 136-1","132.00","20","","126.9506170","37.5338227","195635.25653453","548259.16145544"
"2026","1117057000","특정계층이용시설","회원이용시설","원효로경로당","서울특별시 용산구 원효로41가길 14-19","서울특별시 용산구 원효로3가 1-139","75.00","20","","126.9568840","37.5347983","196189.21842841","548367.16864743"
"2026","1117057000","공공시설","공공청사","원효2동주민센터","서울특별시 용산구 효창원로8길 3","서울특별시 용산구 산천동 81-1","998.00","20","","126.9514952","37.5343838","195712.90884567","548321.39625266"
"2026","1117058000","특정계층이용시설","회원이용시설","효창파크푸르지오아파트경로당","서울특별시 용산구 백범로 260 (효창파크 푸르지오 106동)","서울특별시 용산구 효창동 274","","","","126.9578770","37.5405700","196277.27107911","549007.71689575"
"2026","1117058000","특정계층이용시설","회원이용시설","효창한신아파트경로당","서울특별시 용산구 백범로45길 9-11 (한신아파트 한신아파트경로당)","서울특별시 용산구 효창동 5-145","","20","","126.9576380","37.5419070","196256.21568789","549156.11710201"
"2026","1117058000","특정계층이용시설","회원이용시설","효창동제1경로당","서울특별시 용산구 임정로11길 9","서울특별시 용산구 효창동 5-712","130.00","32","","126.9585379","37.5428085","196335.78937814","549256.13719269"
"2026","1117058000","공공시설","공공청사","효창동주민센터","서울특별시 용산구 효창원로 161","서울특별시 용산구 효창동 255-5","144.00","36","","126.9618506","37.5424679","196628.53371794","549218.21079429"
"2026","1120067000","야외시설","공원","성수한신아파트나들목샘물창고","서울특별시 성동구 강변북로 360 (성수동2가)","서울특별시 성동구 성수동2가 623","3.30","5","","127.0531120","37.5351230","204694.25169034","548403.65835930"
"2026","1120067000","공공시설","공공청사","성수2가1동주민센터","서울특별시 성동구 뚝섬로 385-19","서울특별시 성동구 성수동2가 333-134","287.00","11","","127.0540650","37.5395071","204778.20191451","548890.28776186"
"2026","1120067000","특정계층이용시설","회원이용시설","뚝섬실버문화센터경로당","서울특별시 성동구 성수이로 2","서울특별시 성동구 성수동2가 744-1","211.00","43","","127.0536430","37.5353717","204741.16785995","548431.28764139"
"2026","1120069000","특정계층이용시설","회원이용시설","금강아미움경로당","서울특별시 성동구 아차산로9길 34 (서울숲 금강아미움 노인정)","서울특별시 성동구 성수동2가 836","66.00","20","","127.0598080","37.5466270","205285.25898926","549680.81757469"
"2026","1120069000","특정계층이용시설","회원이용시설","성수롯데캐슬파크(아)경로당","서울특별시 성동구 성수일로8길 47 (성수동 롯데캐슬파크 관리사무소,노인정,보육시설)","서울특별시 성동구 성수동2가 835","67.00","20","","127.0560430","37.5460150","204952.58476055","549612.68797853"
"2026","1120069000","특정계층이용시설","회원이용시설","성수아이파크(아)경로당","서울특별시 성동구 성수이로 137 (성수동아이파크 110동)","서울특별시 성동구 성수동2가 834","128.00","35","","127.0563970","37.5478180","204983.74811578","549812.81793074"
"2026","1120069000","특정계층이용시설","회원이용시설","성수2차우방(아)경로당","서울특별시 성동구 성수일로10길 3 (성수동2차우방아파트 관리사무소)","서울특별시 성동구 성수동2가 286","130.00","35","","127.0521160","37.5483290","204605.40883650","549869.31445534"
"2026","1120069000","특정계층이용시설","회원이용시설","성수1차대우(아)경로당","서울특별시 성동구 동일로 143 (성수1차 대우아파트)","서울특별시 성동구 성수동2가 279-50","66.00","20","","127.0651620","37.5454620","205758.48396409","549551.83109055"
"2026","1120069000","특정계층이용시설","회원이용시설","금호2차(아)경로당","서울특별시 성동구 연무장길 31 (금호아파트 101동)","서울특별시 성동구 성수동2가 832","66.00","20","","127.0530490","37.5436500","204688.14959446","549350.04811137"
"2026","1120069000","특정계층이용시설","회원이용시설","경동경로당","서울특별시 성동구 연무장길 9-8 (경동경로당)","서울특별시 성동구 성수동2가 301-27","50.00","15","","127.0503990","37.5447220","204453.89483942","549468.89828889"
"2026","1120069000","특정계층이용시설","회원이용시설","성실경로당","서울특별시 성동구 광나루로 240-17","서울특별시 성동구 성수동2가 289-181","50.00","15","","127.0562468","37.5488517","204970.40644772","549927.53823489"
"2026","1120069000","특정계층이용시설","회원이용시설","성삼경로당","서울특별시 성동구 성수동2가 광나루로2길  35   (성수동2가)","서울특별시 성동구 성수동2가 299-240","151.00","32","","127.0552250","37.5481880","204880.15548372","549853.82199245"
"2026","1120069000","특정계층이용시설","회원이용시설","경동할머니경로당","서울특별시 성동구 연무장1길 14-1","서울특별시 성동구 성수동2가 301-27","38.50","7","","127.0509370","37.5444580","204501.45521967","549439.62310765"
"2026","1120069000","공공시설","공공청사","성수2가3동주민센터","서울특별시 성동구 광나루로2길 35","서울특별시 성동구 성수동2가 299-240","896.00","12","","127.0551120","37.5482283","204870.16721008","549858.28894758"
"2026","1120072000","특정계층이용시설","회원이용시설","송정동아이파크경로당","서울특별시 성동구 동일로 237 (서울숲아이파크 104동)","서울특별시 성동구 송정동 104","122.00","36","","127.0691750","37.5525050","206112.54492307","550333.77278860"
"2026","1126054000","특정계층이용시설","회원이용시설","용마폭포공원경로당","서울특별시 중랑구 용마산로 250-12 (용마배수지,용마산돌산공원)","서울특별시 중랑구 면목동 산 1-4","74.00","20","","127.0909430","37.5733840","208033.79955828","552652.73476314"
"2026","1126054000","공공시설","복지?문화?체육시설","면목종합사회복지관","서울특별시 중랑구 용마산로 228 (면목임대아파트)","서울특별시 중랑구 면목동 1382","","","폭염특보시 추가운영","127.0884060","37.5735640","207809.66506572","552672.49879532"
"2026","1126055000","특정계층이용시설","회원이용시설","신우APT경로당","서울특별시 중랑구 동일로 569-55 (신우아파트 101동)","서울특별시 중랑구 면목동 1518","47.48","","","127.0792490","37.5804920","207000.09949362","553440.70555762"
"2026","1126055000","공공시설","공공청사","면목5동주민센터","서울특별시 중랑구 동일로 619 (면목5동복합청사)","서울특별시 중랑구 면목동 175-18","704.00","176","","127.0794730","37.5857540","207019.39144092","554024.74444620"
"2026","1126055000","특정계층이용시설","회원이용시설","면목5동제1구립경로당","서울특별시 중랑구 동일로95길 29 (면목5동제1구립경로당)","서울특별시 중랑구 면목동 173-1","81.00","26","","127.0780440","37.5846250","206893.28020382","553899.33241633"
"2026","1126055000","특정계층이용시설","회원이용시설","면목5동제2구립경로당","서울특별시 중랑구 동일로92길 17-7 (면목5동제2구립노인정)","서울특별시 중랑구 면목동 160-28","93.00","31","","127.0808750","37.5838630","207143.40272570","553814.97057329"
"2026","1126056500","공공시설","복지?문화?체육시설","면목정보도서관","서울특별시 중랑구 면목로 397 (면목본동주민센터)","서울특별시 중랑구 면목동 115-18","","","공휴일 미운영","127.0875600","37.5873590","207733.50356723","554203.51636514"
"2026","1126056500","특정계층이용시설","회원이용시설","아남리치카운티APT경로당","서울특별시 중랑구 겸재로29길 27 (아남리치카운티아파트 105동)","서울특별시 중랑구 면목동 1505","57.54","","","127.0851070","37.5893600","207516.64761249","554425.40569191"
"2026","1126056500","생활밀착민간시설","금융기관","서울으뜸신협본점","서울특별시 중랑구 면목로 380 (면목동)","서울특별시 중랑구 면목동 114-8","50.00","20","","127.0885595","37.5858615","207821.93845485","554037.39354174"
"2026","1126056500","특정계층이용시설","회원이용시설","안수경로당","서울특별시 중랑구 면목로63길 36 (안수경로당)","서울특별시 중랑구 면목동 543-56","125.00","40","","127.0862490","37.5863600","207617.81477206","554092.53152012"
"2026","1126056500","특정계층이용시설","회원이용시설","면목본동경로당","서울특별시 중랑구 면목로64길 37-4 (면목본동경로당)","서울특별시 중랑구 면목동 109-55","78.00","25","","127.0912300","37.5861200","208057.78015995","554066.30984311"
"2026","1126056500","공공시설","공공청사","면목본동주민센터","서울특별시 중랑구 면목로 397 (면목본동주민센터)","서울특별시 중랑구 면목동 115-18","210.00","70","폭염특보시 연장, 추가운영","127.0875600","37.5873590","207733.50356723","554203.51636514"
"2026","1126056500","특정계층이용시설","회원이용시설","섬들경로당","서울특별시 중랑구 면목로76길 42 (섬들경로당)","서울특별시 중랑구 면목동 100-65","131.00","43","","127.0903440","37.5900930","207979.10113562","554507.19244518"
"2026","1126056500","특정계층이용시설","회원이용시설","은행길경로당","서울특별시 중랑구 겸재로 212-7 (구립은행길경로당)","서울특별시 중랑구 면목동 104-21","86.00","26","","127.0915140","37.5888420","208082.56978913","554368.44554343"
"2026","1126057000","특정계층이용시설","회원이용시설","면목금호어울림APT경로당","서울특별시 중랑구 용마산로 271 (면목동금호어울림아파트)","서울특별시 중랑구 면목동 1528","89.00","","","127.0892800","37.5771850","207886.49116396","553074.46112653"
"2026","1129065000","특정계층이용시설","회원이용시설","정릉e-편한세상(아)경로당","서울특별시 성북구 솔샘로24길 15 (정릉 이-편한세상 108동)","서울특별시 성북구 정릉동 1028","","","","127.0102030","37.6152150","200900.81675400","557291.66894009"
"2026","1129065000","특정계층이용시설","회원이용시설","정릉힐스테이트3차(아)경로당","서울특별시 성북구 보국문로 116 (정릉힐스테이트3차 306동)","서울특별시 성북구 정릉동 1031","","","","127.0075880","37.6144070","200669.94722006","557201.96778777"
"2026","1129065000","특정계층이용시설","회원이용시설","정릉피오레1차(아)경로당","서울특별시 성북구 보국문로 183 (피오레아파트 101동)","서울특별시 성북구 정릉동 1024","","","","127.0008350","37.6172450","200073.71964521","557516.92844447"
"2026","1129065000","특정계층이용시설","회원이용시설","정릉풍림아이원(아)제2경로당","서울특별시 성북구 솔샘로 120 (정릉풍림아이원125동)","서울특별시 성북구 정릉동 239-1","","","","127.0092110","37.6171980","200813.21207208","557511.75152088"
"2026","1129065000","특정계층이용시설","회원이용시설","정릉풍림아이원(아)경로당","서울특별시 성북구 솔샘로25길 28 (정릉풍림아이원 111동)","서울특별시 성북구 정릉동 239","","","","127.0073060","37.6176530","200645.02129973","557562.23683264"
"2026","1129065000","특정계층이용시설","회원이용시설","정릉풍림아이원(아)제3경로당","서울특별시 성북구 솔샘로25길 11-14 (정릉풍림아이원 129동)","서울특별시 성북구 정릉동 239-5","","","","127.0073770","37.6163200","200651.30126953","557414.28866371"
"2026","1129065000","특정계층이용시설","회원이용시설","정릉4동중앙하이츠(아)경로당","서울특별시 성북구 보국문로32길 53 (정릉중앙하이츠아파트 3동)","서울특별시 성북구 정릉동 809","","","","127.0017770","37.6197190","200156.88080116","557791.51705475"
"2026","1129065000","특정계층이용시설","회원이용시설","정릉4동대우(아)경로당","서울특별시 성북구 보국문로30길 15 (정릉대우아파트)","서울특별시 성북구 정릉동 1021","","","","127.0031020","37.6174760","200273.86542755","557542.57115813"
"2026","1129065000","공공시설","복지?문화?체육시설","성북청수도서관","서울특별시 성북구 보국문로16가길 20 (정릉동)","서울특별시 성북구 정릉동 266-121","42,519.00","124","매주 월요일 및 법정 공휴일 휴무","127.0107669","37.6117476","200950.64728571","556906.83063246"
"2026","1129062000","공공시설","공공청사","정릉4동주민센터","서울특별시 성북구 정릉동 보국문로  106-1  (정릉동)","서울특별시 성북구 정릉동 293-6","3,180.00","150","","127.0069976","37.6133470","200617.82936357","557084.31520419"
"2026","1129065000","특정계층이용시설","회원이용시설","청수경로당","서울특별시 성북구 보국문로32길 26 (구립정릉4동청수경로당)","서울특별시 성북구 정릉동 966-24","","","","127.0024620","37.6183170","200217.35947395","557635.91145004"
"2026","1129065000","특정계층이용시설","회원이용시설","정릉4동할머니경로당","서울특별시 성북구 솔샘로24길 34 (소산하이츠맨숀3차)","서울특별시 성북구 정릉동 254-3","","","","127.0090970","37.6146680","200803.17456008","557230.94780781"
"2026","1129065000","특정계층이용시설","회원이용시설","정릉4동경로당","서울특별시 성북구 보국문로18가길 5","서울특별시 성북구 정릉동 266-496","","","","127.0107050","37.6109960","200945.19143014","556823.41057276"
"2026","1129066000","공공시설","복지?문화?체육시설","글빛도서관","서울특별시 성북구 길음로7길 20 (서울성북미디어문화마루)","서울특별시 성북구 길음동 1286-8","42,519.00","124","매주 월요일 및 법정 공휴일 휴무","127.0221530","37.6037510","201956.17532989","556019.47170173"
"2026","1129066000","특정계층이용시설","회원이용시설","길음뉴타운8단지제2경로당","서울특별시 성북구 길음로 33 (길음뉴타운 825동)","서울특별시 성북구 길음동 1284-11","","","","127.0192580","37.6066180","201700.47301169","556337.62085248"
"2026","1129066000","특정계층이용시설","회원이용시설","길음뉴타운7단지제2경로당","서울특별시 성북구 길음로13길 22 (길음7구역 두산위브아파트 707동)","서울특별시 성북구 길음동 1285-5","","","","127.0187930","37.6088850","201659.36335049","556589.22475162"
"2026","1129066000","특정계층이용시설","회원이용시설","길음9단지경성경로당","서울특별시 성북구 길음로9길 50 (길음뉴타운 951동)","서울특별시 성북구 길음동 1286-2","","","","127.0177680","37.6043710","201568.95385351","556088.20256908"
"2026","1129066000","특정계층이용시설","회원이용시설","길음뉴타운7단지두산위브(아)경로당","서울특별시 성북구 길음로13길 22 (길음7구역 두산위브아파트 관리사무소)","서울특별시 성북구 길음동 1285-5","","","","127.0187450","37.6088280","201655.12636309","556582.89752623"
"2026","1117058000","특정계층이용시설","회원이용시설","효창제2경로당","서울특별시 용산구 효창원로 146-12 (효창종합사회복지관,효창제2경로당)","서울특별시 용산구 효창동 5-65","141.00","49","","126.9631040","37.5411530","196739.24611158","549072.22869239"
"2026","1117059000","특정계층이용시설","회원이용시설","도원삼성아파트제2경로당","서울특별시 용산구 새창로8길 7 (도원동, 도원동삼성래미안아파트)","서울특별시 용산구 도원동 25","103.00","30","","126.9563989","37.5397345","196146.59717032","548915.04613238"
"2026","1117059000","특정계층이용시설","회원이용시설","중앙경로당","서울특별시 용산구 새창로 102 (용문동, 중앙빌라)","서울특별시 용산구 용문동 32-29","50.00","20","","126.9596305","37.5383119","196432.13358399","548757.02739778"
"2026","1117059000","특정계층이용시설","회원이용시설","송학당경로당","서울특별시 용산구 효창원로37라길 11","서울특별시 용산구 용문동 38-206","163.00","50","","126.9581749","37.5378880","196303.46636385","548710.03590829"
"2026","1117059000","공공시설","공공청사","용문동주민센터","서울특별시 용산구 새창로12길 13","서울특별시 용산구 도원동 4-5","3,989.00","20","","126.9575324","37.5389418","196246.73454994","548827.02026870"
"2026","1117062500","특정계층이용시설","회원이용시설","한강우람경로당","서울특별시 용산구 한강대로53길 1-8 (한강로2가)","서울특별시 용산구 한강로2가 296-1","66.00","33","","126.9710246","37.5330307","197438.96639458","548170.50779292"
"2026","1117062500","특정계층이용시설","회원이용시설","삼오경로당","서울특별시 용산구 한강대로 60 (한강로3가)","서울특별시 용산구 한강로3가 44-6","97.00","24","","126.9652337","37.5260071","196926.84097058","547391.14874933"
"2026","1117062500","특정계층이용시설","회원이용시설","한강로3가경로당","서울특별시 용산구 한강대로7길 17-16 (한강로3가)","서울특별시 용산구 한강로3가 40-1007","106.00","26","","126.9604000","37.5261000","196499.57150369","547401.62839289"
"2026","1117062500","특정계층이용시설","회원이용시설","한강로2가경로당","서울특별시 용산구 서빙고로20길 19","서울특별시 용산구 한강로3가 65-392","105.00","46","","126.9677390","37.5235845","197148.20417436","547122.19150917"
"2026","1117062500","공공시설","공공청사","한강로동주민센터","서울특별시 용산구 한강대로38길 28 (한강로동주민센터)","서울특별시 용산구 한강로2가 425","282.00","70","","126.9692430","37.5281410","197281.31956750","547627.86164815"
"2026","1117062500","특정계층이용시설","회원이용시설","삼각지경로당","서울특별시 용산구 이태원로2길 5","서울특별시 용산구 용산동3가 1-6","66.00","46","","126.9753150","37.5346957","197818.22825833","548355.19409294"
"2026","1117062500","특정계층이용시설","회원이용시설","한마음경로당","서울특별시 용산구 한강대로38길 37 (용산동5가)","서울특별시 용산구 용산동5가 2-2","69.00","21","","126.9706464","37.5290000","197405.39900734","547723.16033962"
"2026","1117063000","특정계층이용시설","회원이용시설","이촌1동2경로당","서울특별시 용산구 이촌로75길 12-12","서울특별시 용산구 이촌동 301-147","178.00","30","","126.9746613","37.5202504","197760.01940243","546751.96090046"
"2026","1117063000","공공시설","공공청사","이촌1동주민센터","서울특별시 용산구 이촌로71길 24","서울특별시 용산구 이촌동 301-82","581.00","30","","126.9730570","37.5211982","197618.22690543","546857.19419542"
"2026","1117064000","특정계층이용시설","회원이용시설","이촌2동할머니경로당","서울특별시 용산구 이촌로2가길 122","서울특별시 용산구 이촌동 395","69.00","20","","126.9547534","37.5254220","196000.40600016","547326.60395944"
"2026","1117064000","공공시설","공공청사","이촌2동주민센터","서울특별시 용산구 이촌로18길 20","서울특별시 용산구 이촌동 206-2","3,183.00","100","","126.9546720","37.5262199","195993.25328389","547415.16437561"
"2026","1117065000","공공시설","공공청사","용산구청(응급대피소겸용)","서울특별시 용산구 녹사평대로 150  (이태원동)","서울특별시 용산구 이태원동 34-87","","80","","126.9902372","37.5324884","199137.09423603","548109.96945868"
"2026","1117065000","특정계층이용시설","회원이용시설","이태원남부경로당","서울특별시 용산구 이태원로17길 12 (대한노인회영산지부)","서울특별시 용산구 이태원동 168-2","","38","","126.9914950","37.5348990","199248.29174967","548377.50554335"
"2026","1120072000","특정계층이용시설","회원이용시설","송정동건영(아)경로당","서울특별시 성동구 동일로 263 (송정동 건영아파트 101동)","서울특별시 성동구 송정동 90","78.00","23","","127.0709450","37.5560860","206268.64837397","550731.33767206"
"2026","1120072000","특정계층이용시설","회원이용시설","송정동노인복지관","서울특별시 성동구 송정18가길 9 (송정동)","서울특별시 성동구 송정동 72-117","734.49","50","연장쉼터 미 운영 ","127.0684612","37.5532834","206049.40813356","550420.11971598"
"2026","1120072000","공공시설","복지?문화?체육시설","송정동늘푸른작은도서관","서울특별시 성동구 송정18가길 9 (송정동)","서울특별시 성동구 송정동 72-239","135.70","30","","127.0682386","37.5532111","206029.74444624","550412.08097770"
"2026","1120072000","특정계층이용시설","회원이용시설","송현경로당","서울특별시 성동구 송정12나길 15","서울특별시 성동구 송정동 73-744","95.40","30","","127.0664370","37.5503640","205870.77357147","550095.97291792"
"2026","1120072000","야외시설","정자?파고라 등","송정제방길샘물창고","서울특별시 성동구 송정길 93-2 (송정동)","서울특별시 성동구 송정동 72-37","3.30","5","","127.0676190","37.5532111","205974.99493333","550412.04141517"
"2026","1120072000","특정계층이용시설","회원이용시설","송일경로당","서울특별시 성동구 동일로43길 15-22","서울특별시 성동구 송정동 73-1084","190.00","57","","127.0695350","37.5551404","206144.13942354","550626.29422264"
"2026","1120072000","특정계층이용시설","회원이용시설","새말경로당","서울특별시 성동구  동일로55가길  9   (송정동)","서울특별시 성동구 송정동 96-10","68.20","20","","127.0715740","37.5569142","206324.15636980","550823.30016925"
"2026","1120072000","공공시설","공공청사","송정동주민센터","서울특별시 성동구  동일로43길  13   (송정동)","서울특별시 성동구 송정동 72-31","120.00","9","","127.0695460","37.5545908","206145.15651750","550565.29588651"
"2026","1120079000","특정계층이용시설","회원이용시설","중앙하이츠(아)경로당","서울특별시 성동구 용답중앙27길 10 (중앙하이츠아파트 관리실)","서울특별시 성동구 용답동 15","20.00","6","","127.0552270","37.5631880","204879.35409830","551518.64358603"
"2026","1120079000","특정계층이용시설","회원이용시설","용답동노인복지관","서울특별시 성동구 천호대로78길 42 (용답동)","서울특별시 성동구 용답동 183-3","390.82","50","연장쉼터 미운영 ","127.0547363","37.5606107","204836.16690906","551232.56829406"
"2026","1120079000","특정계층이용시설","회원이용시설","용화경로당","서울특별시 성동구 천호대로78길 42 (용답동)","서울특별시 성동구 용답동 183-3","126.70","50","","127.0547444","37.5606213","204836.88189066","551233.74518571"
"2026","1120079000","특정계층이용시설","회원이용시설","용답제1경로당","서울특별시 성동구  용답중앙길  89-1  (용답동)","서울특별시 성동구 용답동 19-8","59.00","18","","127.0549860","37.5623198","204858.11791010","551422.27111798"
"2026","1120079000","특정계층이용시설","회원이용시설","용답제2경로당","서울특별시 성동구 용답중앙길 49","서울특별시 성동구 용답동 83-5","130.00","39","","127.0517280","37.5647630","204570.11812940","551693.27418251"
"2026","1120079000","공공시설","공공청사","용답동주민센터","서울특별시 성동구  용답중앙23길  20   (용답동)","서울특별시 성동구 용답동 5-6","239.00","12","","127.0553840","37.5641757","204893.16058670","551628.27484316"
"2026","1120079000","공공시설","복지?문화?체육시설","용답도서관","서울특별시 성동구 용답중앙3길 10","서울특별시 성동구 용답동 95-1","25.11","8","화~일 09:00~18:00 ","127.0513670","37.5667723","204538.10223754","551916.26545487"
"2026","1121571000","특정계층이용시설","회원이용시설","화양현대아파트경로당","서울특별시 광진구 동일로24길 5 (화양동현대아파트103동)","서울특별시 광진구 화양동 234","","","","127.0658450","37.5445070","205818.91614651","549445.87969354"
"2026","1126057000","특정계층이용시설","회원이용시설","두산제3차APT경로당","서울특별시 중랑구 면목로37길 57 (두산아파트)","서울특별시 중랑구 면목동 1511","109.00","","","127.0830470","37.5797020","207335.65609348","553353.31435820"
"2026","1126057000","특정계층이용시설","회원이용시설","현대APT경로당","서울특별시 중랑구 용마산로 252 (면목현대아파트 관리사무소)","서울특별시 중랑구 면목동 1502","118.61","","","127.0896670","37.5761390","207920.78736217","552958.39969363"
"2026","1126057000","생활밀착민간시설","금융기관","용마새마을금고본점","서울특별시 중랑구 면목로 299 (면목동)","서울특별시 중랑구 면목동 633-5","50.00","20","","127.0867207","37.5792061","207660.20995069","553298.56832180"
"2026","1126057000","공공시설","복지?문화?체육시설","중랑문화체육관","서울특별시 중랑구 사가정로72길 47 (면목동)","서울특별시 중랑구 면목동 519","","","","127.0956910","37.5793530","208452.55776330","553315.64176860"
"2026","1126057000","야외시설","공원","사가정공원입구(삼거리)","","서울특별시 중랑구 면목동 산 46-4","50.00","100","야외 무더위쉼터","127.0948070","37.5804770","208374.34654627","553440.31376884"
"2026","1126057000","특정계층이용시설","회원이용시설","면목7동구립경로당","서울특별시 중랑구 사가정로50길 91 (구립면목7동경로당)","서울특별시 중랑구 면목동 351","108.00","36","","127.0843380","37.5768710","207449.97398385","553039.20738021"
"2026","1126057000","특정계층이용시설","회원이용시설","용마경로당","서울특별시 중랑구 면목로40길 23 (면목7동구립용마경로당)","서울특별시 중랑구 면목동 619-7","170.00","56","","127.0884430","37.5788360","207812.38279642","553257.63327889"
"2026","1126057000","공공시설","공공청사","면목7동주민센터","서울특별시 중랑구 면목로36길 4","서울특별시 중랑구 면목동 354","376.00","94","","127.0860600","37.5777400","207601.99806259","553135.79434659"
"2026","1126057500","특정계층이용시설","회원이용시설","용마금호타운APT경로당","서울특별시 중랑구 용마산로 348 (용마금호타운)","서울특별시 중랑구 면목동 494","100.00","","","127.0941730","37.5828140","208318.08500513","553699.63783424"
"2026","1126057500","특정계층이용시설","회원이용시설","신성미소지움APT경로당","서울특별시 중랑구 용마산로86길 9-27 (면목동신성미소지움아파트 경비실)","서울특별시 중랑구 면목동 1527","56.92","","","127.0961470","37.5871920","208491.94659749","554185.72289056"
"2026","1126057500","특정계층이용시설","회원이용시설","두산제1차APT경로당","서울특별시 중랑구 사가정로41길 9 (두산아파트)","서울특별시 중랑구 면목동 1500","42.70","","","127.0838950","37.5816490","207410.36814234","553569.47568986"
"2026","1126057500","특정계층이용시설","회원이용시설","용마한신APT경로당","서울특별시 중랑구 사가정로71길 19 (용마한신아파트 관리사무소)","서울특별시 중랑구 면목동 1077-1","48.00","","","127.0959430","37.5812920","208474.59760171","553530.87134777"
"2026","1126057500","공공시설","공공청사","면목동우체국","서울특별시 중랑구 면목로 344 (면목동)","서울특별시 중랑구 면목동 458-78","50.00","20","","127.0888009","37.5825693","207843.60531007","553672.01681024"
"2026","1126057500","공공시설","복지?문화?체육시설","구립용마경로복지관","서울특별시 중랑구 용마산로94길 98 (면목동)","서울특별시 중랑구 면목동 27","","","폭염특보시 추가운영","127.1017742","37.5873409","208988.93738166","554202.77272584"
"2026","1126057500","야외시설","공원","용마경로복지센터뒤공원(용마산자락길입구)","","서울특별시 중랑구 면목동 산 4","50.00","100","야외 무더위쉼터","127.1027687","37.5875301","209076.75101685","554223.86742853"
"2026","1126057500","특정계층이용시설","회원이용시설","까치공원경로당","서울특별시 중랑구 사가정로49길 56","서울특별시 중랑구 면목동 570","76.00","23","","127.0870547","37.5836103","207689.25986744","553787.41161616"
"2026","1129066000","특정계층이용시설","회원이용시설","래미안길음뉴타운9단지(아)경로당","서울특별시 성북구 길음로9길 50 (길음뉴타운 909동)","서울특별시 성북구 길음동 1286","","","","127.0193410","37.6039550","201707.86275814","556042.05859206"
"2026","1129066000","특정계층이용시설","회원이용시설","학수경로당","서울특별시 성북구 길음로 118 (e편한세상 길음뉴타운4단지 426동)","서울특별시 성북구 길음동 1281","","","","127.0208550","37.6121520","201841.35098048","556951.86465477"
"2026","1129066000","특정계층이용시설","회원이용시설","송매골(아)경로당","서울특별시 성북구 길음로13길 39 (길음뉴타운 301동)","서울특별시 성북구 길음동 1280-1","","","","127.0163710","37.6099440","201445.48779929","556706.72215991"
"2026","1129066000","특정계층이용시설","회원이용시설","래미안길음3차(아)경로당","서울특별시 성북구 길음로 16 (길음뉴타운 604동)","서울특별시 성북구 길음동 1283","","","","127.0228940","37.6061930","202021.54173375","556290.52257732"
"2026","1129066000","특정계층이용시설","회원이용시설","래미안길음2차(아)경로당","서울특별시 성북구 길음로 74 (길음뉴타운 관리동(길음 에스에이치빌))","서울특별시 성북구 길음동 1282","","","","127.0209430","37.6092830","201849.19180047","556633.43858434"
"2026","1129066000","특정계층이용시설","회원이용시설","래미안길음1차(아)경로당","서울특별시 성북구 길음로9길 40 (래미안길음1차 관리사무소,노인정,보육시설)","서울특별시 성북구 길음동 1279","","","","127.0211810","37.6057180","201870.29561008","556237.76728354"
"2026","1129066000","특정계층이용시설","회원이용시설","길음동삼부(아)경로당","서울특별시 성북구 동소문로 248","서울특별시 성북구 길음동 1276","","","","127.0230850","37.6024250","202038.50986586","555872.32013690"
"2026","1129066000","특정계층이용시설","회원이용시설","길음뉴타운대림(아)경로당","서울특별시 성북구 길음로 118 (e편한세상 길음뉴타운4단지 413동)","서울특별시 성북구 길음동 1281","","","","127.0194960","37.6121620","201721.36053142","556952.94875932"
"2026","1129066000","특정계층이용시설","회원이용시설","길음뉴타운8단지래미안(아)경로당","서울특별시 성북구 길음로 33 (길음뉴타운 806동)","서울특별시 성북구 길음동 1284","","","","127.0180660","37.6076670","201595.19752736","556454.02745323"
"2026","1129066000","특정계층이용시설","회원이용시설","길음뉴타운2단지푸르지오(아)경로당","서울특별시 성북구 길음로 119 (길음뉴타운 관리사무소)","서울특별시 성북구 길음동 1280","","","","127.0161700","37.6119160","201427.70267928","556925.58964542"
"2026","1129066000","공공시설","복지?문화?체육시설","소리마을주민공동이용시설","서울특별시 성북구 삼양로9길 14-7 (길음동)","서울특별시 성북구 길음동 1178","97.55","25","","127.0220187","37.6088048","201944.18470177","556580.38533107"
"2026","1129066000","특정계층이용시설","회원이용시설","인영경로당","서울특별시 성북구 삼양로9가길 6","서울특별시 성북구 길음동 1180-5","","","","127.0219051","37.6086768","201934.15747938","556566.17638145"
"2026","1129066000","특정계층이용시설","회원이용시설","길음동돌산경로당","서울특별시 성북구 길음로 135-11","서울특별시 성북구 길음동 1271-304","","","","127.0154149","37.6132432","201361.00821962","557072.88324251"
"2026","1129066000","생활밀착민간시설","금융기관","새마을금고길음중앙(본점)","서울특별시 성북구 길음로 74 (길음동, 길음뉴타운)","서울특별시 성북구 길음동 1282","50.00","5","","127.0198891","37.6100351","201756.11852482","556716.89325462"
"2026","1129066000","생활밀착민간시설","금융기관","새마을금고성북제일(본점)","서울특별시 성북구 길음로 20","서울특별시 성북구 길음동 1283-4","50.00","5","","127.0230380","37.6046906","202034.29785782","556123.77577465"
"2026","1129068500","특정계층이용시설","회원이용시설","동일하이빌뉴시티경로당","서울특별시 성북구 종암로 167 (동일하이빌뉴시티)","서울특별시 성북구 하월곡동 230","","","","127.0309960","37.6050510","202736.99073469","556163.97841013"
"2026","1129068500","공공시설","복지?문화?체육시설","달빛마루도서관","서울특별시 성북구 종암로 167 (동일하이빌뉴시티)","서울특별시 성북구 하월곡동 230","42,519.00","124","매주 월요일 및 공휴일 휴관","127.0309960","37.6050510","202736.99073469","556163.97841013"
"2026","1129068500","공공시설","복지?문화?체육시설","길빛도서관","서울특별시 성북구 숭인로8길 52","서울특별시 성북구 길음동 1288-12","42,519.00","124","매주 월요일 및 공휴일 휴관","127.0265400","37.6097600","202343.37187240","556686.50535761"
"2026","1117065000","특정계층이용시설","회원이용시설","이태원1동경로당","서울특별시 용산구 이태원로23길 19","서울특별시 용산구 이태원동 116-11","145.00","80","주말 연장쉼터는 여자방만 운영","126.9924493","37.5352909","199332.64035475","548420.99442232"
"2026","1117065000","특정계층이용시설","회원이용시설","이화경로당","서울특별시 용산구 이태원로16길 15-10 (이태원동)","서울특별시 용산구 이태원동 75-7","44.00","50","","126.9917178","37.5336986","199267.97203294","548244.27417091"
"2026","1117065000","공공시설","공공청사","이태원1동주민센터","서울특별시 용산구 보광로 104-6","서울특별시 용산구 이태원동 100-3","804.00","80","","126.9950081","37.5324757","199558.78026698","548108.52683787"
"2026","1117066000","특정계층이용시설","회원이용시설","이태원중부경로당","서울특별시 용산구 회나무로6길 11-8","서울특별시 용산구 이태원동 286-1","","14","","126.9893130","37.5384390","199055.48191319","548770.42177899"
"2026","1117066000","특정계층이용시설","회원이용시설","조양경로당","서울특별시 용산구 녹사평대로40나길 38-3","서울특별시 용산구 이태원동 392-4","158.00","60","주말 연장쉼터의 경우, 남자방은 11~15시, 여자방은 13~17시 운영","126.9888920","37.5363017","199018.24587252","548533.21199140"
"2026","1117066000","공공시설","공공청사","이태원2동주민센터","서울특별시 용산구 회나무로13길 58","서울특별시 용산구 이태원동 255-54","558.00","50","","126.9901470","37.5419222","199129.23142175","549157.00641355"
"2026","1117066000","특정계층이용시설","회원이용시설","이태원북부경로당","서울특별시 용산구 회나무로13길 32","서울특별시 용산구 이태원동 255-2","230.00","80","","126.9897500","37.5407394","199094.13184558","549025.73377551"
"2026","1117068500","특정계층이용시설","회원이용시설","한남리버탑아파트경로당","서울특별시 용산구 독서당로6길 16 (리버탑아파트 한남리버탑아파트경로당,관리사무소)","서울특별시 용산구 한남동 802","","59","","127.0081690","37.5297290","200722.06097416","547803.69678202"
"2026","1117068500","특정계층이용시설","회원이용시설","한남동제1경로당","서울특별시 용산구 한남대로 48-7","서울특별시 용산구 한남동 257-9","132.00","40","주말 연장쉼터는 여자방(2층)만 운영","127.0084090","37.5333378","200743.23885313","548204.23081464"
"2026","1117068500","특정계층이용시설","회원이용시설","한일경로당","서울특별시 용산구 이태원로54길 68-4","서울특별시 용산구 한남동 684-15","161.00","40","","127.0008620","37.5354193","200076.18671481","548435.21880146"
"2026","1117068500","특정계층이용시설","회원이용시설","한남힐스테이트아파트경로당","서울특별시 용산구 장문로 141 (한남힐스테이트106동)","서울특별시 용산구 한남동 807","65.00","30","","127.0037880","37.5284610","200334.82840844","547662.93991000"
"2026","1117068500","공공시설","공공청사","한남동주민센터","서울특별시 용산구 대사관로5길 1","서울특별시 용산구 한남동 685-43","2,343.00","50","","127.0004574","37.5345375","200040.42716203","548337.34960054"
"2026","1117068500","특정계층이용시설","회원이용시설","매봉경로당","서울특별시 용산구 한남대로40길 32","서울특별시 용산구 한남동 726-250","233.00","40","","127.0037308","37.5432775","200329.70715534","549307.38915071"
"2026","1117068500","특정계층이용시설","회원이용시설","시립용산노인종합복지관","서울특별시 용산구 독서당로11길 16","서울특별시 용산구 한남동 108","151.00","22","*특보 발령 시 연장운영(주말 13:00~17:00)","127.0064579","37.5313410","200570.80391867","547982.59705244"
"2026","1117069000","특정계층이용시설","회원이용시설","서빙고할머니경로당","서울특별시 용산구 녹사평대로14길 8","서울특별시 용산구 서빙고동 50-1","69.00","20","","126.9938025","37.5233810","199452.15422956","547099.13458731"
"2026","1117069000","특정계층이용시설","회원이용시설","신동아아파트경로당(서빙고)","서울특별시 용산구 이촌로 347","서울특별시 용산구 서빙고동 241-21","83.00","20","","126.9873900","37.5180923","198885.22423580","546512.21204288"
"2026","1117069000","특정계층이용시설","회원이용시설","서빙고할아버지경로당","서울특별시 용산구 서빙고로59길 3-20","서울특별시 용산구 서빙고동 195-10","69.00","30","","126.9923072","37.5205369","199319.94708797","546783.48493794"
"2026","1117069000","공공시설","공공청사","서빙고동주민센터","서울특별시 용산구 서빙고로 279","서울특별시 용산구 서빙고동 134","325.00","50","","126.9945950","37.5204716","199522.19098490","546776.22338021"
"2026","1121571000","특정계층이용시설","회원이용시설","화양장수경로당","서울특별시 광진구 군자로 36 (화양장수경로당)","서울특별시 광진구 화양동 132-68","75.04","20","","127.0705020","37.5463390","206230.31650718","549649.50795697"
"2026","1121571000","특정계층이용시설","회원이용시설","화양경로당","서울특별시 광진구  능동로17길  39   (화양동)","서울특별시 광진구 화양동 122","111.00","22","","127.0713179","37.5465376","206302.40151359","549671.60454012"
"2026","1121571000","특정계층이용시설","회원이용시설","모진경로당","서울특별시 광진구 광나루로24길 53 (화양동)","서울특별시 광진구 화양동 431-5","96.60","15","","127.0780555","37.5450517","206897.94388569","549507.16055762"
"2026","1121571000","공공시설","공공청사","화양동주민센터","서울특별시 광진구 능동로17길 39","서울특별시 광진구 화양동 122","342.66","55","","127.0712930","37.5464780","206300.20610273","549664.98799034"
"2026","1121573000","공공시설","복지?문화?체육시설","군자동도서관","서울특별시 광진구 면목로 13 (군자동 복합청사)","서울특별시 광진구 군자동 48-15","","","휴관일: 매월 1, 3주 화요일, 공휴일","127.0754860","37.5554920","206669.94081769","550665.72325814"
"2026","1121573000","특정계층이용시설","회원이용시설","일성파크경로당","서울특별시 광진구 군자로12길 46","서울특별시 광진구 군자동 99","132.00","30","","127.0726730","37.5512670","206421.74669861","550196.60279838"
"2026","1121573000","특정계층이용시설","회원이용시설","복조리경로당","서울특별시 광진구 광나루로17길 28 (군자동, )","서울특별시 광진구 군자동 369-7","61.23","35","","127.0724033","37.5488597","206398.12043639","549929.40298986"
"2026","1121573000","특정계층이용시설","회원이용시설","군자경로당","서울특별시 광진구 동일로52길 27","서울특별시 광진구 군자동 115-1","95.70","32","","127.0727680","37.5544180","206429.87065655","550546.33265512"
"2026","1121573000","특정계층이용시설","회원이용시설","양마경로당","서울특별시 광진구 동일로42길 2","서울특별시 광진구 군자동 340","132.22","25","","127.0702860","37.5528760","206210.68599448","550375.02217590"
"2026","1121573000","특정계층이용시설","회원이용시설","양마제2경로당","서울특별시 광진구 군자로13길 35 (군자동)","서울특별시 광진구 군자동 342-10","34.90","15","","127.0705721","37.5517694","206236.05887123","550252.22174630"
"2026","1121573000","공공시설","공공청사","군자동주민센터","서울특별시 광진구 면목로 13 (군자동)","서울특별시 광진구 군자동 48-15","448.98","50","","127.0754651","37.5555860","206668.08571827","550676.15465751"
"2026","1121573000","특정계층이용시설","회원이용시설","광진노인종합복지관","서울특별시 광진구 군자로 88","서울특별시 광진구 군자동 364-15","3,596.00","485","","127.0714970","37.5510750","206317.84569887","550175.21341540"
"2026","1121574000","특정계층이용시설","회원이용시설","중곡1동경로당","서울특별시 광진구 긴고랑로5길 10","서울특별시 광진구 중곡동 232-44","99.48","25","","127.0791404","37.5645561","206991.99648497","551671.99693896"
"2026","1121574000","특정계층이용시설","회원이용시설","중곡1동제2경로당","서울특별시 광진구  긴고랑로8길  51   (중곡동)","서울특별시 광진구 중곡동 256-47","171.81","30","","127.0779688","37.5611728","206888.79798296","551296.40388023"
"2026","1121574000","공공시설","공공청사","중곡1동주민센터","서울특별시 광진구  긴고랑로12길  49   (중곡동)","서울특별시 광진구 중곡동 259-10","241.30","40","","127.0800380","37.5605660","207071.67593902","551229.20990700"
"2026","1121575000","공공시설","공공청사","중곡종합건강센터","서울특별시 광진구 긴고랑로 110 (중곡동)","서울특별시 광진구 중곡동 125-11","49.00","12","","127.0871558","37.5593921","207700.68284138","551099.48021012"
"2026","1126057500","공공시설","공공청사","면목3,8동주민센터","서울특별시 중랑구 사가정로51길 48 (면목3,8동주민센터)","서울특별시 중랑구 면목동 498-6","60.00","15","","127.0880540","37.5830150","207777.58675101","553721.42234355"
"2026","1126057500","특정계층이용시설","회원이용시설","용마통합경로당","서울특별시 중랑구 용마산로94길 98 (용마경로복지센터)","서울특별시 중랑구 면목동 27","73.00","23","","127.1018020","37.5873830","208991.38767978","554207.44801202"
"2026","1126057500","특정계층이용시설","회원이용시설","용마산경로당","서울특별시 중랑구 용마산로 327 (용마산경로당)","서울특별시 중랑구 면목동 469-9","50.00","16","","127.0930970","37.5811620","208223.22607350","553516.18990440"
"2026","1126058000","특정계층이용시설","회원이용시설","구립중랑경로당","서울특별시 중랑구 봉화산로43길 9 (중랑노인복지회관)","서울특별시 중랑구 상봉동 303-48","128.49","","","127.0873150","37.6037360","207710.17465727","556021.16095494"
"2026","1126058000","특정계층이용시설","회원이용시설","건영캐스빌APT경로당","서울특별시 중랑구 상봉중앙로8길 76 (건영캐스빌 주민복지관)","서울특별시 중랑구 상봉동 499","85.88","","","127.0912550","37.6025450","208058.21693746","555889.30386066"
"2026","1126058000","특정계층이용시설","회원이용시설","태영데시앙APT경로당","서울특별시 중랑구 상봉중앙로8길 104 (태영데시앙아파트 상가동)","서울특별시 중랑구 상봉동 497","49.20","","","127.0927970","37.6033520","208194.29381725","555979.00544360"
"2026","1126058000","특정계층이용시설","회원이용시설","우정APT경로당","서울특별시 중랑구 상봉중앙로1다길 21 (우정아파트)","서울특별시 중랑구 상봉동 496","56.00","","","127.0886050","37.5994420","207824.53522804","555544.68095993"
"2026","1126058000","특정계층이용시설","회원이용시설","신내엘지쌍용APT경로당","서울특별시 중랑구 봉화산로 130 (쌍용아파트)","서울특별시 중랑구 상봉동 484","108.00","","","127.0892590","37.6030630","207881.90669031","555946.62674914"
"2026","1126058000","특정계층이용시설","회원이용시설","신내건영2차APT경로당","서울특별시 중랑구 신내로7나길 24 (건영2차아파트)","서울특별시 중랑구 상봉동 63","116.30","","","127.0931110","37.6011680","208222.26146450","555736.63291263"
"2026","1126058000","특정계층이용시설","회원이용시설","신내건영1차APT경로당","서울특별시 중랑구 봉화산로48길 62 (건영아파트 상가동)","서울특별시 중랑구 상봉동 1","108.08","","","127.0936360","37.6038790","208268.32208739","556037.57021007"
"2026","1126058000","생활밀착민간시설","금융기관","상봉동새마을금고본점","서울특별시 중랑구 상봉중앙로1길 78 (상봉동)","서울특별시 중랑구 상봉동 268-5","50.00","20","","127.0878413","37.5997704","207757.06025777","555581.06637085"
"2026","1126058000","공공시설","복지?문화?체육시설","신내종합사회복지관","서울특별시 중랑구 봉화산로 153 (신내12단지신내아파트)","서울특별시 중랑구 상봉동 481","","","폭염특보시 추가운영","127.0911420","37.6050470","208047.96899263","556166.98871982"
"2026","1126058000","공공시설","공공청사","상봉1동주민센터","서울특별시 중랑구 상봉중앙로1길 6 (상봉1동주민센터)","서울특별시 중랑구 상봉동 204-1","50.00","11","","127.0872000","37.5998640","207700.41889293","555591.40215550"
"2026","1126058000","특정계층이용시설","회원이용시설","청운경로당","서울특별시 중랑구 봉화산로30길 69-3 (청운경로당)","서울특별시 중랑구 상봉동 305-1","179.00","40","","127.0853440","37.5990640","207536.60073247","555502.46042536"
"2026","1126058000","특정계층이용시설","회원이용시설","상봉1동구립경로당","서울특별시 중랑구 봉화산로42길 20 (상봉1동경로당)","서울특별시 중랑구 상봉동 228-2","54.00","18","","127.0875410","37.6022170","207730.28831180","555852.58722920"
"2026","1129068500","특정계층이용시설","회원이용시설","래미안길음센터피스아파트경로당","서울특별시 성북구 숭인로 50 (래미안길음센터피스 109동)","서울특별시 성북구 길음동 1288","","","","127.0277700","37.6106980","202451.94497636","556790.64456219"
"2026","1129068500","특정계층이용시설","회원이용시설","길음동부임대(아)송산경로당","서울특별시 성북구 숭인로2길 61 (길음동동부센트레빌아파트 119동)","서울특별시 성북구 길음동 1278","","","","127.0248610","37.6102540","202195.10861798","556741.29339668"
"2026","1129068500","특정계층이용시설","회원이용시설","길음동부센트레빌(아)경로당","서울특별시 성북구 숭인로2길 61 (길음동동부센트레빌아파트 중심상가)","서울특별시 성북구 길음동 1278-1","","","","127.0259340","37.6098290","202289.86247057","556694.14865293"
"2026","1129068500","생활밀착민간시설","금융기관","성북제일새마을금고길음2동지점","서울특별시 성북구 동소문로 295 (길음동)","서울특별시 성북구 길음동 518-13","60.00","15","","127.0276916","37.6067458","202445.15204744","556351.99144006"
"2026","1129062000","공공시설","공공청사","길음2동주민센터","서울특별시 성북구 삼양로2길 70","서울특별시 성북구 길음동 1064-1","66.00","10","","127.0272712","37.6067637","202408.03039609","556353.96727892"
"2026","1129068500","공공시설","복지?문화?체육시설","길음종합사회복지관","서울특별시 성북구 삼양로2길 55 (길음동)","서울특별시 성북구 길음동 1289-12","1,756.00","967","","127.0267766","37.6066692","202364.36050686","556343.46624355"
"2026","1129068500","특정계층이용시설","회원이용시설","길음2동(전:길음3동)경로당","서울특별시 성북구 삼양로12길 6 (길음동)","서울특별시 성북구 길음동 1116-3","26.00","","","127.0231426","37.6099904","202043.38924186","556711.99787638"
"2026","1129070500","공공시설","복지?문화?체육시설","종암동새날도서관","서울특별시 성북구 종암로 98-8 (종암동주민센터)","서울특별시 성북구 종암동 16-8","42,519.00","124","매주 월요일 및 공휴일 휴관","127.0351020","37.5989990","203099.80746244","555492.40081157"
"2026","1129070500","특정계층이용시설","회원이용시설","래미안종암2차(아)경로당","서울특별시 성북구 종암로23길 35 (래미안세레니티)","서울특별시 성북구 종암동 133","","","","127.0308570","37.5992050","202724.93005535","555515.13287534"
"2026","1129070500","특정계층이용시설","회원이용시설","종암2차SK뷰(아)경로당","서울특별시 성북구 종암로24길 35 (종암2차 SK VIEW 201동)","서울특별시 성북구 종암동 135","","","","127.0346960","37.6018770","203063.83615894","555811.81364138"
"2026","1129070500","특정계층이용시설","회원이용시설","종암동래미안라센트(아)경로당","서울특별시 성북구 종암로24가길 80 (래미안라센트 관리실 경로당)","서울특별시 성북구 종암동 134","","","","127.0392650","37.5992860","203467.42273903","555524.40019536"
"2026","1129070500","특정계층이용시설","회원이용시설","종암선경(아)경로당","서울특별시 성북구 종암로5길 26 (종암선경아파트)","서울특별시 성북구 종암동 34-3","","","","127.0340040","37.5945010","203003.02541053","554993.13721970"
"2026","1129070500","특정계층이용시설","회원이용시설","래미안크리시엘(아)경로당","서울특별시 성북구 종암로25길 30 (래미안 크리시엘 관리사무소)","서울특별시 성북구 종암동 80","","","","127.0303800","37.6010270","202682.74155964","555717.34096675"
"2026","1129070500","특정계층이용시설","회원이용시설","종암극동(아)경로당","서울특별시 성북구 북악산로29길 67 (극동아파트)","서울특별시 성북구 종암동 128","","","","127.0337060","37.5950770","202976.68492749","555057.05729767"
"2026","1129070500","특정계층이용시설","회원이용시설","종암2차아이파크경로당","서울특별시 성북구 종암로9길 71 (종암2차 아이파크 211동)","서울특별시 성북구 종암동 131","","","","127.0319300","37.5967110","202819.77900944","555238.35826780"
"2026","1129070500","특정계층이용시설","회원이용시설","종암2동S.K(아)제2경로당","서울특별시 성북구 종암로24가길 53 (종암에스케이아파트)","서울특별시 성북구 종암동 104-1","","","","127.0368770","37.6013580","203256.45236206","555754.28377137"
"2026","1129070500","특정계층이용시설","회원이용시설","종암동S.K(아)경로당","서울특별시 성북구 종암로24가길 53 (종암에스케이아파트)","서울특별시 성북구 종암동 104-1","","","","127.0378310","37.6015750","203340.68637908","555778.40188649"
"2026","1129070500","특정계층이용시설","회원이용시설","종암1동SH-VILLE(아)경로당","서울특별시 성북구 종암로9길 71 (종암2차 아이파크 215동)","서울특별시 성북구 종암동 131-1","","","","127.0301780","37.5974010","202665.03304253","555314.88942604"
"2026","1117069000","특정계층이용시설","회원이용시설","동빙고경로당","서울특별시 용산구 서빙고로75가길 23","서울특별시 용산구 동빙고동 65","285.00","80","","126.9963558","37.5228930","199677.85840103","547044.96089367"
"2026","1117070000","특정계층이용시설","회원이용시설","우리들경로당","서울특별시 용산구 장문로 80","서울특별시 용산구 보광동 216-60","","","","126.9984230","37.5259200","199860.60129071","547380.91497434"
"2026","1117070000","특정계층이용시설","회원이용시설","보광신동아아파트경로당","서울특별시 용산구 보광로 14 (신동아아파트)","서울특별시 용산구 보광동 448","","25","","127.0019330","37.5258190","200170.86751321","547369.70582154"
"2026","1117070000","특정계층이용시설","회원이용시설","보광경로당","서울특별시 용산구 장문로19길 1 (보광경로당)","서울특별시 용산구 보광동 385","","20","","126.9975870","37.5261760","199786.70390863","547409.32934869"
"2026","1117070000","특정계층이용시설","회원이용시설","보광제1경로당","서울특별시 용산구 보광로7길 9","서울특별시 용산구 보광동 216-67","89.88","25","","126.9986680","37.5256075","199882.25754261","547346.23103881"
"2026","1117070000","공공시설","공공청사","보광동주민센터","서울특별시 용산구 장문로 95","서울특별시 용산구 보광동 217-32","150.00","30","","127.0000867","37.5262680","200007.66379959","547419.53746919"
"2026","1117070000","특정계층이용시설","회원이용시설","보광종점경로당","서울특별시 용산구 장문로 95","서울특별시 용산구 보광동 217-32","68.30","32","","127.0000820","37.5262472","200007.24834764","547417.22892817"
"2026","1120052000","특정계층이용시설","회원이용시설","왕십리2동노인복지관","서울특별시 성동구 무학봉길 69 (왕십리2동구립노인복지시설)","서울특별시 성동구 하왕십리동 974-12","533.28","10","연장쉼터 미 운영 ","127.0304840","37.5611260","202693.36240680","551288.78907044"
"2026","1120052000","특정계층이용시설","회원이용시설","왕십리자이(아)경로당","서울특별시 성동구 난계로 100 (왕십리자이 101동)","서울특별시 성동구 하왕십리동 1071","224.00","50","","127.0247330","37.5600920","202185.27269137","551173.87803323"
"2026","1120052000","특정계층이용시설","회원이용시설","금호베스트빌(아)제1경로당","서울특별시 성동구 난계로 114-31 (금호 베스트빌 104동)","서울특별시 성동구 하왕십리동 1052","113.00","28","","127.0259290","37.5614440","202290.90331948","551323.96253816"
"2026","1120052000","특정계층이용시설","회원이용시설","금호베스트빌(아)모아경로당","서울특별시 성동구 난계로 114-31 (금호 베스트빌 104동)","서울특별시 성동구 하왕십리동 1052","48.29","12","","127.0258970","37.5616230","202288.07055135","551343.82864629"
"2026","1120052000","특정계층이용시설","회원이용시설","무학현대(아)경로당","서울특별시 성동구 무학봉길 49 (무학현대아파트 노인정)","서울특별시 성동구 하왕십리동 992","86.42","21","","127.0279790","37.5610610","202472.03949945","551281.50600300"
"2026","1120052000","특정계층이용시설","회원이용시설","극동미라주(아)제2경로당","서울특별시 성동구 난계로 73 (극동미라주 아파트 104동)","서울특별시 성동구 하왕십리동 1057","34.22","8","","127.0232870","37.5594460","202057.52979706","551102.14704176"
"2026","1120052000","특정계층이용시설","회원이용시설","하왕극동미라주(아)경로당","서울특별시 성동구 난계로 73","서울특별시 성동구 하왕십리동 1058","89.81","22","","127.0231160","37.5585180","202042.44637159","550999.14630868"
"2026","1120052000","특정계층이용시설","회원이용시설","풍림경로당","서울특별시 성동구 난계로 84 (왕십리풍림아이원 115동)","서울특별시 성동구 하왕십리동 1061","133.20","33","","127.0252830","37.5587310","202233.90831848","551022.83607864"
"2026","1120052000","특정계층이용시설","회원이용시설","한신무학(아)경로당","서울특별시 성동구 왕십리로31나길 18 (한신무학아파트 6동)","서울특별시 성동구 하왕십리동 990","40.00","10","","127.0283090","37.5624480","202501.14975148","551435.45537235"
"2026","1121575000","특정계층이용시설","회원이용시설","한마음경로당","서울특별시 광진구 긴고랑로22길 39-4","서울특별시 광진구 중곡동 51-27","147.84","25","","127.0837440","37.5592170","207399.24925286","551079.77212313"
"2026","1121575000","특정계층이용시설","회원이용시설","장수경로당","서울특별시 광진구 긴고랑로31길 44","서울특별시 광진구 중곡동 150-110","100.26","18","","127.0868830","37.5617100","207676.34168279","551356.71746828"
"2026","1121575000","공공시설","공공청사","중곡2동주민센터","서울특별시 광진구  능동로  346   (중곡동)","서울특별시 광진구 중곡동 47-33","170.00","42","","127.0814064","37.5602523","207192.60970348","551194.49674502"
"2026","1121575000","공공시설","복지?문화?체육시설","중곡종합사회복지관","서울특별시 광진구 용마산로3길 62","서울특별시 광진구 중곡동 134-18","372.00","93","","127.0848170","37.5566570","207494.31118947","550795.72744385"
"2026","1121576000","공공시설","복지?문화?체육시설","중곡문화체육센터도서관","서울특별시 광진구 능동로 433 (중곡문화체육센터)","서울특별시 광진구 중곡동 168-8","","","- 매월 1,3주 월요일 휴관 - 공휴일 휴관","127.0849300","37.5678640","207503.17171212","552039.58168086"
"2026","1121576000","공공시설","복지?문화?체육시설","중곡문화체육센터","서울특별시 광진구 능동로 433 (중곡동)","서울특별시 광진구 중곡동 168-8","81.80","24","- 매월 1, 3번째 일요일 정기 휴무 - 법정공휴일 정기 휴무","127.0847194","37.5677875","207484.57382956","552031.07427819"
"2026","1121576000","특정계층이용시설","회원이용시설","용마경로당","서울특별시 광진구 용마산로31길 38-8 (중곡동)","서울특별시 광진구 중곡동 197-6","90.72","23","","127.0840609","37.5692617","207426.25197530","552194.64107408"
"2026","1121576000","특정계층이용시설","회원이용시설","중곡3동경로당","서울특별시 광진구 동일로80길 20","서울특별시 광진구 중곡동 177-44","162.37","55","","127.0808950","37.5700520","207146.48905727","552282.10970753"
"2026","1121576000","공공시설","공공청사","중곡3동주민센터","서울특별시 광진구 동일로76가길 28","서울특별시 광진구 중곡동 684","1,362.30","60","","127.0801160","37.5688080","207077.78773490","552143.98121248"
"2026","1121500000","특정계층이용시설","회원이용시설","중곡4동경로당","서울특별시 광진구 긴고랑로39길 57","서울특별시 광진구 중곡동 71-2","129.06","15","","127.0931020","37.5593880","208226.06210151","551099.52894621"
"2026","1121577000","특정계층이용시설","회원이용시설","용곡경로당","서울특별시 광진구 용마산로28길 31","서울특별시 광진구 중곡동 176-90","133.44","27","","127.0879080","37.5676560","207766.28585234","552016.73804712"
"2026","1121577000","특정계층이용시설","회원이용시설","대원경로당","서울특별시 광진구 긴고랑로36길 57-27","서울특별시 광진구 중곡동 85-28","174.33","35","","127.0916530","37.5576020","208098.22842383","550901.17823607"
"2026","1121577000","공공시설","공공청사","중곡4동주민센터","서울특별시 광진구  긴고랑로  131   (중곡동)","서울특별시 광진구 중곡동 62-24","242.00","60","","127.0894508","37.5590837","207903.49102972","551065.44195673"
"2026","1121578000","특정계층이용시설","회원이용시설","능동경로당","서울특별시 광진구 천호대로112길 70","서울특별시 광진구 능동 152-1","188.26","40","","127.0801892","37.5531677","207085.73556675","550408.09776469"
"2026","1121578000","공공시설","공공청사","능동주민센터","서울특별시 광진구  천호대로112길  55   (능동)","서울특별시 광진구 능동 232-4","288.79","50","","127.0804460","37.5537961","207108.36743069","550477.86205723"
"2026","1121581000","공공시설","복지?문화?체육시설","아차산숲속도서관","서울특별시 광진구 영화사로 139 (아차산숲속도서관)","서울특별시 광진구 광장동 5-117","","","휴관일: 매주 화요일, 공휴일","127.1019970","37.5519450","209012.87973389","550274.25995684"
"2026","1126058000","특정계층이용시설","회원이용시설","서촌경로당","서울특별시 중랑구 신내로7가길 71 (서촌경로당)","서울특별시 중랑구 상봉동 27","167.00","89","","127.0921130","37.6021480","208134.02534327","555845.31520412"
"2026","1126059000","공공시설","복지?문화?체육시설","상봉도서관","서울특별시 중랑구 동일로114길 10 (상봉2동복합청사)","서울특별시 중랑구 상봉동 126","","","공휴일 미운영","127.0808280","37.5928940","207138.38885365","554817.30622675"
"2026","1126059000","특정계층이용시설","회원이용시설","상봉듀오트리스경로당","서울특별시 중랑구 상봉로 131 (상봉 듀오트리스)","서울특별시 중랑구 상봉동 501","105.52","","","127.0922090","37.5974450","208143.01516234","555323.34247158"
"2026","1126059000","생활밀착민간시설","금융기관","동서울농협상봉지점","서울특별시 중랑구 망우로 290 (상봉동)","서울특별시 중랑구 상봉동 115-9","50.00","20","","127.0847061","37.5958365","207480.59183580","555144.19273236"
"2026","1126059000","생활밀착민간시설","금융기관","상봉신협본점","서울특별시 중랑구 봉우재로41길 6 (상봉동, 청운명가프라임)","서울특별시 중랑구 상봉동 87-45","50.00","20","","127.0897695","37.5936074","207927.98898762","554897.20284447"
"2026","1126059000","특정계층이용시설","회원이용시설","상봉2동구립경로당","서울특별시 중랑구 동일로112길 27 (상봉2동경로당)","서울특별시 중랑구 상봉동 122-31","102.00","31","","127.0823680","37.5931790","207274.36745647","554849.05620279"
"2026","1126059000","공공시설","공공청사","상봉2동주민센터","서울특별시 중랑구 동일로114길 10 (상봉2동복합청사)","서울특별시 중랑구 상봉동 126","232.00","31","","127.0808280","37.5928940","207138.38885365","554817.30622675"
"2026","1126059000","특정계층이용시설","회원이용시설","봉황경로당","서울특별시 중랑구 봉우재로33길 55-10 (봉황경로당)","서울특별시 중랑구 상봉동 103-3","94.00","50","","127.0882430","37.5952460","207793.00530829","555078.94141288"
"2026","1126060000","특정계층이용시설","회원이용시설","중화극동APT경로당","서울특별시 중랑구 봉화산로27길 32 (극동아파트 종합상가)","서울특별시 중랑구 중화동 19","73.59","","","127.0838410","37.6035990","207403.42362575","556005.67587332"
"2026","1126060000","특정계층이용시설","회원이용시설","중화한신APT경로당","서울특별시 중랑구 동일로 752 (중화한신아파트)","서울특별시 중랑구 중화동 450","155.52","","","127.0813090","37.5971640","207180.45845114","555291.26531038"
"2026","1126060000","생활밀착민간시설","금융기관","중랑우리새마을금고본점","서울특별시 중랑구 동일로130길 9 (중화동)","서울특별시 중랑구 중화동 288-23","50.00","20","","127.0806261","37.5997869","207119.90109402","555582.32615541"
"2026","1126060000","공공시설","복지?문화?체육시설","구립중화경로복지관","서울특별시 중랑구 동일로138길 28 (중화동)","서울특별시 중랑구 중화동 37-4","","","","127.0811400","37.6033076","207164.94474861","555973.12414203"
"2026","1126060000","공공시설","공공청사","중화1동주민센터","서울특별시 중랑구 동일로134길 17 (중화1동주민센터)","서울특별시 중랑구 중화동 287-3","200.00","50","","127.0806530","37.6011480","207122.14682058","555733.39526656"
"2026","1126060000","특정계층이용시설","회원이용시설","중화1동통합경로당","서울특별시 중랑구 동일로138길 28 (중화1동통합경로당)","서울특별시 중랑구 중화동 37-4","105.00","59","","127.0811200","37.6032860","207163.18074973","555970.72525345"
"2026","1126061000","특정계층이용시설","특수근로자 쉼터","중랑구이동노동자쉼터1호점","서울특별시 중랑구 중랑역로4길 29 (사회적경제지원센터)","서울특별시 중랑구 중화동 297-4","","","","127.0783280","37.5957520","206917.33478350","555134.32526065"
"2026","1126061000","공공시설","복지?문화?체육시설","중화문학도서관","서울특별시 중랑구 봉화산로 27 (중화2동복합청사)","서울특별시 중랑구 중화동 311-6","","","공휴일 미운영","127.0774650","37.6020740","206840.54234294","555835.93404146"
"2026","1111051500","생활밀착민간시설","금융기관","우리은행효자동지점","서울특별시 종로구 자하문로 27 (우리은행)","서울특별시 종로구 통인동 156-2","","","","126.9713420","37.5785030","197468.55892870","553217.38296912"
"2026","1111051500","생활밀착민간시설","금융기관","광화문새마을금고본점","서울특별시 종로구 자하문로 37","서울특별시 종로구 통인동 147-1","","","","126.9711820","37.5793140","197454.45329208","553307.39898781"
"2026","1111051500","생활밀착민간시설","금융기관","청운효자동새마을금고본점","서울특별시 종로구 필운대로 116","서울특별시 종로구 신교동 59","","","","126.9700230","37.5836930","197352.23178252","553793.44999848"
"2026","1111051500","공공시설","복지?문화?체육시설","통인어린이작은도서관","서울특별시 종로구 자하문로13길 20 (통인어린이작은도서관)","서울특별시 종로구 통인동 89-14","76.50","20","2,4주 월요일은 휴관","126.9705850","37.5804460","197401.75852517","553433.05436474"
"2026","1111051500","공공시설","복지?문화?체육시설","청운문학도서관","서울특별시 종로구 자하문로36길 40 (청운동한옥문학 도서관)","서울특별시 종로구 청운동 4-20","744.82","114","공휴일 운영시간 09:00~19:00","126.9658560","37.5904000","196984.44517482","554537.97670249"
"2026","1111051500","공공시설","복지?문화?체육시설","종로장애인복지관","서울특별시 종로구 자하문로 89 (신교동)","서울특별시 종로구 신교동 66","3,754.00","100","","126.9697264","37.5842461","197326.05387853","553854.84620712"
"2026","1111051500","공공시설","공공청사","청운효자동주민센터","서울특별시 종로구 자하문로 92 (궁정동)","서울특별시 종로구 궁정동 12-1","272.97","20","폭염특보 시 추가운영(평일 09~22시, 휴일(주말,공휴일) 12~18시)","126.9706558","37.5840952","197408.13883702","553838.07197427"
"2026","1111051500","특정계층이용시설","회원이용시설","세종마을경로당","서울특별시 종로구 옥인1길 12-2","서울특별시 종로구 옥인동 120","108.00","33","","126.9679780","37.5810010","197171.50191809","553494.72831243"
"2026","1111051500","특정계층이용시설","회원이용시설","청운경로당","서울특별시 종로구 필운대로 86 (신교동)","서울특별시 종로구 신교동 6-27","120.00","30","","126.9674210","37.5834852","197122.39781453","553770.46308630"
"2026","1111053000","생활밀착민간시설","금융기관","우리은행광화문지점","서울특별시 종로구 새문안로5길 37 (도렴빌딩)","서울특별시 종로구 도렴동 60","","","","126.9741930","37.5736050","197720.24639831","552673.68843280"
"2026","1111053000","생활밀착민간시설","금융기관","사직동새마을금고본점","서울특별시 종로구 사직로 97","서울특별시 종로구 필운동 227","","","","126.9696310","37.5763260","197317.34342218","552975.80848372"
"2026","1111053000","공공시설","복지?문화?체육시설","종로문화체육센터","서울특별시 종로구 인왕산로1길 21 (종로문화체육센터)","서울특별시 종로구 사직동 284-1","264.50","100","","126.9646710","37.5742760","196879.11446627","552748.43532346"
"2026","1111053000","특정계층이용시설","회원이용시설","사직경로당","서울특별시 종로구 사직로9길 15-25 (사직동)","서울특별시 종로구 사직동 262-197","115.00","50","","126.9655864","37.5764535","196960.06739385","552990.08268823"
"2026","1111053000","공공시설","공공청사","사직동주민센터","서울특별시 종로구 경희궁1길 15 (신문로2가)","서울특별시 종로구 신문로2가 1-122","49.50","25","폭염특보 시 추가운영(평일 09~22시, 휴일(주말,공휴일) 12~18시)","126.9706517","37.5713940","197407.33635053","552428.38488248"
"2026","1111054000","생활밀착민간시설","금융기관","삼청새마을금고본점","서울특별시 종로구 삼청로 99-1 (삼청새마을금고(본점))","서울특별시 종로구 삼청동 98-2","","","","126.9818530","37.5843950","198397.15120623","553871.09636653"
"2026","1111054000","공공시설","복지?문화?체육시설","삼청공원숲속도서관","서울특별시 종로구 북촌로 134-3 (삼청공원)","서울특별시 종로구 삼청동 산 2-2","206.00","20","공휴일 10:00~19:00","126.9839990","37.5884580","198586.77524927","554322.00886655"
"2026","1111054000","특정계층이용시설","회원이용시설","삼청경로당","서울특별시 종로구 삼청로5길 30","서울특별시 종로구 팔판동 119","118.80","38","","126.9802260","37.5830690","198253.41410432","553723.95446704"
"2026","1111054000","특정계층이용시설","회원이용시설","복정경로당","서울특별시 종로구 삼청로4길 22 (삼청동)","서울특별시 종로구 삼청동 35-113","118.00","30","","126.9821249","37.5823969","198421.12480103","553649.32542114"
"2026","1120052000","특정계층이용시설","회원이용시설","무학경로당","서울특별시 성동구 왕십리로31길 29","서울특별시 성동구 하왕십리동 990-7","97.50","24","","127.0273570","37.5617120","202417.06265893","551353.74314123"
"2026","1120052000","특정계층이용시설","회원이용시설","안정경로당","서울특별시 성동구 무학봉12길 3-11","서울특별시 성동구 하왕십리동 980-5","40.00","10","","127.0295870","37.5604005","202614.13483053","551208.24181526"
"2026","1120052000","특정계층이용시설","회원이용시설","왕십리제일경로당","서울특별시 성동구  왕십리로31가길  12   (하왕십리동)","서울특별시 성동구 하왕십리동 890-98","103.80","26","","127.0286040","37.5639416","202527.16306603","551601.23528566"
"2026","1120052000","특정계층이용시설","회원이용시설","일심할머니경로당","서울특별시 성동구 무학봉23길 5","서울특별시 성동구 하왕십리동 970-26","47.70","11","","127.0312480","37.5622100","202760.82433985","551409.12245028"
"2026","1120052000","특정계층이용시설","회원이용시설","왕십리제2경로당","서울특별시 성동구 무학봉길 40","서울특별시 성동구 하왕십리동 1015-11","45.20","11","","127.0272440","37.5602749","202407.12504648","551194.23911454"
"2026","1120052000","특정계층이용시설","회원이용시설","일심경로당","서울특별시 성동구 무학봉15라길 4","서울특별시 성동구 하왕십리동 989-49","42.90","10","","127.0304260","37.5626708","202688.18240986","551460.24199216"
"2026","1120052000","공공시설","공공청사","왕십리제2동주민센터","서울특별시 성동구 무학봉15길 6 (하왕십리동)","서울특별시 성동구 하왕십리동 973-9","40.49","25","","127.0309773","37.5617588","202736.92394919","551359.03665311"
"2026","1120052000","특정계층이용시설","회원이용시설","무학봉경로당(행당1동관리)","서울특별시 성동구 무학봉18길 4-2","서울특별시 성동구 하왕십리동 975-13","49.50","15","","127.0317610","37.5611838","202806.18742316","551295.24154879"
"2026","1120053500","특정계층이용시설","회원이용시설","청계벽산(아)홍익동경로당","서울특별시 성동구 무학로 50 (벽산아파트 관리사무소)","서울특별시 성동구 하왕십리동 258","175.00","53","","127.0325580","37.5692910","202876.29323495","552195.06975030"
"2026","1120053500","특정계층이용시설","회원이용시설","청계대주(아)경로당","서울특별시 성동구 무학로12길 11 (청계대주파크빌 101동)","서울특별시 성동구 홍익동 53","100.00","30","","127.0315590","37.5673120","202788.11166949","551975.39374044"
"2026","1120053500","특정계층이용시설","회원이용시설","도선장수경로당","서울특별시 성동구 무학로6길 50 (성동삼성쉐르빌 103동)","서울특별시 성동구 도선동 69","77.00","23","","127.0349070","37.5644480","203084.01218299","551657.62789666"
"2026","1120053500","특정계층이용시설","회원이용시설","미소경로당","서울특별시 성동구 마장로 137 (텐즈힐 202동)","서울특별시 성동구 상왕십리동 811","143.00","43","","127.0240380","37.5700930","202123.58237603","552283.85574681"
"2026","1120053500","특정계층이용시설","회원이용시설","희망경로당","서울특별시 성동구 마장로 137 (텐즈힐 214동, 403동(상가))","서울특별시 성동구 상왕십리동 811","112.10","33","","127.0255430","37.5689660","202256.57217677","552158.80695263"
"2026","1120053500","특정계층이용시설","회원이용시설","텐즈힐열린경로당","서울특별시 성동구 무학로 33 (텐즈힐 115동)","서울특별시 성동구 하왕십리동 1066","249.00","75","","127.0289310","37.5676010","202555.92848006","552007.39463939"
"2026","1121581000","특정계층이용시설","회원이용시설","광장제1경로당","서울특별시 광진구 아차산로73길 15","서울특별시 광진구 광장동 242-1","68.64","25","","127.1040050","37.5458830","209191.05933740","549601.64507596"
"2026","1121581000","특정계층이용시설","회원이용시설","광장제2경로당","서울특별시 광진구 아차산로78길 67","서울특별시 광진구 광장동 104","147.30","25","","127.1106020","37.5517090","209773.28442599","550248.92657031"
"2026","1121581000","공공시설","공공청사","광장동주민센터","서울특별시 광진구  광장로  52   (광장동)","서울특별시 광진구 광장동 248-24","242.08","60","","127.1029332","37.5469114","209096.21796641","549715.68085631"
"2026","1121581000","특정계층이용시설","회원이용시설","광진구노인회관","서울특별시 광진구 광장로 62","서울특별시 광진구 광장동 259-3","526.52","42","","127.1040240","37.5471540","209192.58231594","549742.71263152"
"2026","1121581000","공공시설","복지?문화?체육시설","광장종합사회복지관","서울특별시 광진구 아차산로66길 8","서울특별시 광진구 광장동 472-1","484.00","121","(폭염경보) 토요일 09시~17시","127.0971270","37.5410280","208583.79784830","549062.14870297"
"2026","1121581000","공공시설","복지?문화?체육시설","광진구민체육센터","서울특별시 광진구 구천면로 14 (광장동)","서울특별시 광진구 광장동 313-3","497.00","124","- 매월 2, 4째주 일요일 및 법정공휴일 휴관","127.1066853","37.5460851","209427.89560962","549624.34113295"
"2026","1121581000","공공시설","복지?문화?체육시설","광진정보도서관","서울특별시 광진구 아차산로78길 90","서울특별시 광진구 광장동 112","","","- 매월 2, 4주 화요일 휴관 - 공휴일 휴관","127.1106108","37.5509702","209774.15851227","550166.92950818"
"2026","1121582000","특정계층이용시설","회원이용시설","자양1동경로당","서울특별시 광진구 아차산로40길 46 (자양동)","서울특별시 광진구 자양동 804-10","65.00","28","","127.0778435","37.5356682","206880.07111128","548465.69078134"
"2026","1121582000","특정계층이용시설","회원이용시설","중앙경로당","서울특별시 광진구 뚝섬로47길 33","서울특별시 광진구 자양동 613-39","162.65","24","","127.0787130","37.5339180","206957.08305061","548271.50404207"
"2026","1121582000","특정계층이용시설","회원이용시설","자마장경로당","서울특별시 광진구 자양로13길 37  (자양동)","서울특별시 광진구 자양동 630-1","69.00","32","","127.0824159","37.5345191","207284.30708478","548338.49912165"
"2026","1121582000","특정계층이용시설","회원이용시설","청아경로당","서울특별시 광진구 자양로19길 70","서울특별시 광진구 자양동 772-17","112.77","20","","127.0797270","37.5384640","207046.27814871","548776.12983180"
"2026","1121582000","공공시설","공공청사","자양1동주민센터","서울특별시 광진구  자양로13길  37   (자양동)","서울특별시 광진구 자양동 630-1","63.00","15","","127.0823840","37.5344450","207281.49481584","548330.27246151"
"2026","1121583000","특정계층이용시설","회원이용시설","자양2현대3차아파트경로당","서울특별시 광진구 뚝섬로56가길 10 (자양현대3차아파트경비실)","서울특별시 광진구 자양동 670","93.29","18","","127.0834470","37.5285800","207376.02544386","547679.41266407"
"2026","1121583000","공공시설","공공청사","광진구청무더위쉼터","서울특별시 광진구 아차산로 400 (광진구청)","서울특별시 광진구 자양동 870","","","구청사 방호에 따른 운영 종료","127.0877530","37.5362820","207755.84274736","548534.58617862"
"2026","1121583000","특정계층이용시설","회원이용시설","로얄동아아파트경로당","서울특별시 광진구 뚝섬로52마길 56  (자양동, 로얄동아아파트)","서울특별시 광진구 자양동 644","128.00","15","","127.0813984","37.5282243","207194.98026006","547639.77569421"
"2026","1126061000","특정계층이용시설","회원이용시설","동양엔파트2차경로당","서울특별시 중랑구 중랑천로14길 34 (중화동 동양엔파트 2차 관리동)","서울특별시 중랑구 중화동 454","67.21","","","127.0746460","37.5942740","206592.29880886","554970.01891116"
"2026","1126061000","생활밀착민간시설","금융기관","중랑으뜸새마을금고본점","서울특별시 중랑구 중랑천로 117 (중화동)","서울특별시 중랑구 중화동 324-1","50.00","20","","127.0719417","37.5956995","206353.34959605","555128.04713240"
"2026","1126061000","야외시설","정자?파고라 등","중랑천변(구립세화어린이집맞은편)","서울특별시 중랑구 중랑천로 197 (중화동)","서울특별시 중랑구 중화동 382","50.00","100","야외 무더위쉼터","127.0731576","37.6004684","206460.31641556","555657.42508916"
"2026","1126061000","특정계층이용시설","회원이용시설","봉화경로당","서울특별시 중랑구 봉화산로3길 40-5 (봉화경로당)","서울특별시 중랑구 중화동 309-36","170.00","35","","127.0760070","37.6035100","206711.66470677","555995.20903019"
"2026","1126061000","공공시설","공공청사","중화2동주민센터","서울특별시 중랑구 봉화산로 27 (중화2동복합청사)","서울특별시 중랑구 중화동 311-6","450.00","200","","127.0774650","37.6020740","206840.54234294","555835.93404146"
"2026","1126061000","특정계층이용시설","회원이용시설","학구경로당","서울특별시 중랑구 동일로123길 69-5 (학구경로당)","서울특별시 중랑구 중화동 316-70","155.00","56","","127.0761520","37.5983200","206724.93582048","555419.18668267"
"2026","1126061000","특정계층이용시설","회원이용시설","백학경로당","서울특별시 중랑구 중랑천로20길 6-14 (구립백학경로당)","서울특별시 중랑구 중화동 323-14","73.00","51","","127.0729820","37.5956460","206445.22569115","555122.18011393"
"2026","1126062000","공공시설","복지?문화?체육시설","구립정보도서관","서울특별시 중랑구 신내로15길 197 (중랑구립정보도서관)","서울특별시 중랑구 묵동 22","","","공휴일 미운영","127.0869400","37.6152190","207675.88082252","557295.61844080"
"2026","1126062000","특정계층이용시설","회원이용시설","이편한세상화랑대경로당","서울특별시 중랑구 숙선옹주로 45 (이편한세상 화랑대 근린생활시설동)","서울특별시 중랑구 묵동 396","198.72","","","127.0829720","37.6163730","207325.43519116","557423.38297885"
"2026","1126062000","특정계층이용시설","회원이용시설","신도2차APT경로당","서울특별시 중랑구 공릉로13길 30 (묵동신도아파트)","서울특별시 중랑구 묵동 167","32.37","","","127.0774440","37.6167380","206837.34540878","557463.47703594"
"2026","1126062000","특정계층이용시설","회원이용시설","신안3차APT경로당","서울특별시 중랑구 공릉로2라길 4 (신안3차아파트 관리사무소,노인정)","서울특별시 중랑구 묵동 384","53.00","","","127.0816630","37.6125060","207210.23949217","556994.08630973"
"2026","1126062000","특정계층이용시설","회원이용시설","신안1차APT경로당","서울특별시 중랑구 공릉로2길 47 (신안1차아파트 상가 상가동)","서울특별시 중랑구 묵동 381","33.84","","","127.0809900","37.6126720","207150.80265993","557012.45903871"
"2026","1126062000","특정계층이용시설","회원이용시설","신내대림두산APT경로당","서울특별시 중랑구 신내로21길 16 (신내두산대림아파트)","서울특별시 중랑구 묵동 20","197.67","","","127.0881480","37.6170400","207782.34465478","557497.82934494"
"2026","1126062000","특정계층이용시설","회원이용시설","화랑마을경로당","서울특별시 중랑구 동일로154길 38","서울특별시 중랑구 묵동 122-174","55.20","16","","127.0803580","37.6090470","207095.34622240","556610.07540289"
"2026","1126062000","생활밀착민간시설","금융기관","묵동화랑새마을금고본점","서울특별시 중랑구 동일로 874 (묵동)","서울특별시 중랑구 묵동 122-207","50.00","20","","127.0784088","37.6085772","206923.28181337","556557.78719445"
"2026","1111054000","공공시설","공공청사","삼청동주민센터","서울특별시 종로구 삼청로 107 (삼청동)","서울특별시 종로구 삼청동 105-1","155.00","30","폭염특보 시 추가운영(평일 09~22시, 휴일(주말,공휴일) 12~18시)","126.9817601","37.5849943","198388.95865209","553937.61344413"
"2026","1111055000","특정계층이용시설","회원이용시설","부암경로당","서울특별시 종로구 자하문로 260 (부암동)","서울특별시 종로구 부암동 141-1","180.00","45","","126.9634272","37.5973744","196770.23806414","555312.13782339"
"2026","1111055000","특정계층이용시설","회원이용시설","신영경로당","서울특별시 종로구 세검정로6길 76-19 (신영동)","서울특별시 종로구 신영동 87-1","45.26","10","","126.9636445","37.6012910","196789.59622637","555746.82955428"
"2026","1111055000","공공시설","공공청사","부암동주민센터","서울특별시 종로구 창의문로 145 (부암동)","서울특별시 종로구 부암동 265-21","196.26","20","폭염특보 시 추가운영(평일 09~22시, 휴일(주말,공휴일) 12~18시)","126.9640763","37.5924354","196827.35072464","554763.94186262"
"2026","1111056000","생활밀착민간시설","금융기관","우리은행평창동지점","서울특별시 종로구 평창문화로 127 (이묵빌딩)","서울특별시 종로구 평창동 81-3","","","","126.9738030","37.6096060","197686.90883553","556669.40452915"
"2026","1111056000","생활밀착민간시설","금융기관","세검정새마을금고본점","서울특별시 종로구 평창11길 6 (세검정새마을금고)","서울특별시 종로구 평창동 182-22","","","","126.9669600","37.6061080","197082.56244507","556281.35536251"
"2026","1111056000","특정계층이용시설","회원이용시설","평창경로당","서울특별시 종로구 평창문화로 48 (평창동)","서울특별시 종로구 평창동 235-2","144.00","15","","126.9669154","37.6053178","197078.59335380","556193.65321486"
"2026","1111056000","특정계층이용시설","회원이용시설","구기할아버지경로당","서울특별시 종로구 진흥로 438-6 (구기동)","서울특별시 종로구 구기동 110-4","70.00","30","","126.9564991","37.6078040","196158.95038946","556469.96930918"
"2026","1111056000","공공시설","공공청사","평창동주민센터","서울특별시 종로구 평창문화로 65 (평창동)","서울특별시 종로구 평창동 186-9","327.17","30","폭염특보 시 추가운영(평일 09~22시, 휴일(주말,공휴일) 12~18시)","126.9683786","37.6063867","197207.83548459","556312.24487612"
"2026","1111056000","특정계층이용시설","회원이용시설","구기할머니경로당","서울특별시 종로구 진흥로 438-8 (구기동)","서울특별시 종로구 구기동 110-30","70.00","30","","126.9563703","37.6078720","196147.58109253","556477.52184354"
"2026","1111057000","생활밀착민간시설","금융기관","종로서부새마을금고본점","서울특별시 종로구 통일로14길 24 (MG종로서부새마을금고사옥)","서울특별시 종로구 무악동 70-1","","","","126.9579410","37.5756820","196284.67101480","552904.72992316"
"2026","1111057000","공공시설","공공청사","무악동주민센터","서울특별시 종로구 통일로14길 36 (무악동)","서울특별시 종로구 무악동 60-2","379.29","20","폭염특보 시 추가운영(평일 09~22시, 휴일(주말,공휴일) 12~18시)","126.9582278","37.5760029","196310.02165058","552940.33482205"
"2026","1111057000","특정계층이용시설","회원이용시설","무악경로당","서울특별시 종로구 통일로14길 19 (무악경로당)","서울특별시 종로구 무악동 69-3","104.05","30","","126.9577540","37.5754360","196268.13988275","552877.43417093"
"2026","1111057000","특정계층이용시설","회원이용시설","무악제2경로당","서울특별시 종로구 통일로14길 24-4","서울특별시 종로구 무악동 45-199","133.00","50","","126.9581110","37.5756470","196299.68642448","552900.83861800"
"2026","1111057000","특정계층이용시설","회원이용시설","종로노인종합복지관무악센터","서울특별시 종로구 통일로14길 30","서울특별시 종로구 무악동 60-2","800.00","200","","126.9580458","37.5758297","196293.93596080","552921.11878153"
"2026","1111058000","생활밀착민간시설","금융기관","교남동새마을금고본점","서울특별시 종로구 송월길 147 (동아아파트)","서울특별시 종로구 교북동 101","","","","126.9620890","37.5714330","196650.89899222","552432.98415267"
"2026","1111058000","특정계층이용시설","회원이용시설","은행나무경로당","서울특별시 종로구 통일로12길 60 (행촌동)","서울특별시 종로구 행촌동 210-114","266.00","50","","126.9619131","37.5749442","196635.51774790","552822.69298431"
"2026","1111058000","공공시설","공공청사","교남동주민센터","서울특별시 종로구 송월길 154 (행촌동)","서울특별시 종로구 행촌동 211-2","50.00","30","폭염특보 시 추가운영(평일 09~22시, 휴일(주말,공휴일) 12~18시)","126.9619630","37.5719160","196639.78970814","552486.59604507"
"2026","1120053500","특정계층이용시설","회원이용시설","텐즈힐행복경로당","서울특별시 성동구 무학로 33","서울특별시 성동구 하왕십리동 1066","115.40","34","","127.0265080","37.5696330","202341.80330785","552232.85978979"
"2026","1120053500","특정계층이용시설","회원이용시설","센트라스(아)제1경로당","서울특별시 성동구 왕십리로 410 (센트라스 101동)","서울특별시 성동구 상왕십리동 816","200.40","10","","127.0255490","37.5672190","202257.15495686","551964.91049719"
"2026","1120053500","특정계층이용시설","회원이용시설","청계벽산(아)경로당","서울특별시 성동구 무학로 50 (벽산아파트 관리사무소)","서울특별시 성동구 하왕십리동 258","189.00","57","","127.0310810","37.5687510","202745.82945284","552135.09186270"
"2026","1120053500","공공시설","복지?문화?체육시설","청계도서관","서울특별시 성동구 마장로 141","서울특별시 성동구 상왕십리동 813","100.00","30","화~일 09:00~18:00 ","127.0255475","37.5678769","202257.00258695","552037.92967183"
"2026","1120053500","특정계층이용시설","회원이용시설","왕십리도선동노인복지관","서울특별시 성동구 마장로 141","서울특별시 성동구 상왕십리동 813","515.00","9","연장쉼터 미 운영 ","127.0254342","37.5678140","202246.99494917","552030.94579150"
"2026","1120053500","공공시설","공공청사","왕십리도선동주민센터","서울특별시 성동구 마장로 141","서울특별시 성동구 상왕십리동 813","38.88","10","","127.0254580","37.5678526","202249.09640948","552035.23050991"
"2026","1120053500","특정계층이용시설","회원이용시설","도선경로당","서울특별시 성동구 무학로6길 9","서울특별시 성동구 홍익동 373-1","72.30","21","","127.0311060","37.5655178","202748.15683993","551776.24520286"
"2026","1120054000","생활밀착민간시설","금융기관","서울행복신협본점","서울특별시 성동구 마장로39길 31 (행복신협빌딩)","서울특별시 성동구 마장동 766-24","353.00","30","","127.0430500","37.5681110","203803.25506675","552064.47639902"
"2026","1120054000","특정계층이용시설","회원이용시설","세림(아)경로당","서울특별시 성동구 마장로42길 16","서울특별시 성동구 마장동 21-4","79.00","20","","127.0458170","37.5647670","204047.88682241","551693.44711558"
"2026","1120054000","특정계층이용시설","회원이용시설","정화경로당","서울특별시 성동구 마장로33길 29-5","서울특별시 성동구 마장동 513-26","40.00","10","","127.0384570","37.5684710","203397.46981315","552104.25622715"
"2026","1120054000","특정계층이용시설","회원이용시설","왕십리삼성(아)경로당","서울특별시 성동구 마장로 271 (왕십리삼성아파트)","서울특별시 성동구 마장동 817","68.00","20","","127.0406250","37.5660110","203589.11903071","551831.30557348"
"2026","1120054000","특정계층이용시설","회원이용시설","청계현대(아)경로당","서울특별시 성동구 마장로35길 76 (청계현대아파트 102동)","서울특별시 성동구 마장동 818","218.00","40","","127.0426030","37.5695990","203763.68994776","552229.60905501"
"2026","1120054000","특정계층이용시설","회원이용시설","청계미소지움(아)경로당","서울특별시 성동구 마장로39길 43 (청계미소지움 101동)","서울특별시 성동구 마장동 822","58.00","17","","127.0437280","37.5688570","203863.11449614","552147.30135321"
"2026","1120054000","특정계층이용시설","회원이용시설","왕십리금호어울림(아)경로당","서울특별시 성동구 마조로 55 (왕십리금호어울림아파트 6동)","서울특별시 성동구 마장동 820","81.00","24","","127.0407360","37.5630620","203599.06747899","551504.00543986"
"2026","1120054000","특정계층이용시설","회원이용시설","왕십리대성유니드(아)경로당","서울특별시 성동구 마장로37길 7 (대성유니드아파트 103동)","서울특별시 성동구 마장동 825","72.00","21","","127.0386910","37.5667520","203418.22101122","551913.47579563"
"2026","1121583000","특정계층이용시설","회원이용시설","자양경남아파트경로당","서울특별시 광진구 뚝섬로52길 71  (자양동, 경남아파트)","서울특별시 광진구 자양동 641","112.00","30","","127.0789620","37.5289369","206979.55517292","547718.68187661"
"2026","1121583000","특정계층이용시설","회원이용시설","현대강변아파트경로당","서울특별시 광진구 자양로3가길 43  (자양동, 현대강변아파트)","서울특별시 광진구 자양동 673","35.10","17","사립경로당","127.0859474","37.5284285","207597.05555537","547662.79706199"
"2026","1121583000","특정계층이용시설","회원이용시설","경남아너스빌경로당","서울특별시 광진구 자양로3길 49  (자양동)","서울특별시 광진구 자양동 666-28","54.87","20","","127.0839518","37.5295176","207420.55271953","547783.51435829"
"2026","1121583000","특정계층이용시설","회원이용시설","구립자양노인복지관","서울특별시 광진구 뚝섬로56길 20 (자양동)","서울특별시 광진구 자양동 651-36","980.70","200","","127.0824757","37.5305421","207289.97957402","547897.10575377"
"2026","1121583000","공공시설","복지?문화?체육시설","자양한강도서관","서울특별시 광진구 뚝섬로52길 66 (자양 문화체육센터)","서울특별시 광진구 자양동 594","","","- 매월 2, 4주 월요일 휴관 - 공휴일 휴관","127.0774760","37.5292630","206848.17584188","547754.76570434"
"2026","1121583000","특정계층이용시설","회원이용시설","자양구립제1경로당","서울특별시 광진구 뚝섬로56길 28","서울특별시 광진구 자양동 651-50","68.64","20","","127.0824460","37.5302830","207287.37961557","547868.34655475"
"2026","1121583000","특정계층이용시설","회원이용시설","유수지경로당","서울특별시 광진구 뚝섬로48길 46 (자양동)","서울특별시 광진구 자양동 593-4","231.84","25","","127.0768171","37.5299959","206789.86861309","547836.06076145"
"2026","1121583000","특정계층이용시설","회원이용시설","자양구립제2경로당","서울특별시 광진구 뚝섬로62길 17","서울특별시 광진구 자양동 684-20","145.79","30","","127.0881550","37.5325350","207791.76240559","548118.74842508"
"2026","1121583000","공공시설","공공청사","자양2동주민센터","서울특별시 광진구  자양로3가길  26   (자양동)","서울특별시 광진구 자양동 669-2","49.86","12","","127.0844560","37.5287850","207465.19229530","547702.24472845"
"2026","1121584000","공공시설","복지?문화?체육시설","광진문화예술회관","","서울특별시 광진구 자양동 227-349","","12","- 휴관일: 2, 4째주 일요일, 공휴일","127.0702170","37.5375830","206205.85654125","548677.67950401"
"2026","1121584000","특정계층이용시설","회원이용시설","우성7차아파트경로당","서울특별시 광진구 아차산로36길 39 (자양7차우성아파트 704동)","서울특별시 광진구 자양동 783-1","113.64","17","","127.0746190","37.5362950","206595.02368230","548535.02687974"
"2026","1121584000","특정계층이용시설","회원이용시설","한라아파트경로당","서울특별시 광진구 뚝섬로33길 20 (한라아파트 보육시설,노인정)","서울특별시 광진구 자양동 762","83.97","20","","127.0700700","37.5356380","206193.02536307","548461.79864327"
"2026","1121584000","특정계층이용시설","회원이용시설","자양9차현대홈타운경로당","서울특별시 광진구 뚝섬로34길 32 (자양9차현대홈타운)","서울특별시 광진구 자양동 790","48.84","20","","127.0691900","37.5337470","206115.40236512","548251.86329381"
"2026","1121584000","특정계층이용시설","회원이용시설","자양8차현대홈타운경로당","서울특별시 광진구 뚝섬로36길 19 (자양8차현대홈타운 801동)","서울특별시 광진구 자양동 789","30.70","17","","127.0720840","37.5335020","206371.21128079","548224.86342806"
"2026","1121584000","특정계층이용시설","회원이용시설","이튼타워리버5차경로당","서울특별시 광진구 능동로4길 40 (이튼타워리버5차 B동)","서울특별시 광진구 자양동 856","68.39","25","","127.0690540","37.5321460","206103.51238496","548074.16318595"
"2026","1126062000","생활밀착민간시설","금융기관","신내동새마을금고봉화산역지점","서울특별시 중랑구 신내로21길 6 (신내두산아파트 상가동)","서울특별시 중랑구 묵동 20","","","","127.0901090","37.6172890","207955.44946209","557525.63006397"
"2026","1126062000","특정계층이용시설","회원이용시설","묵1동구립경로당","서울특별시 중랑구 공릉로2라길 26 (묵동경로당)","서울특별시 중랑구 묵동 121-310","104.04","12","","127.0817140","37.6133010","207214.66561242","557082.32663684"
"2026","1126062000","공공시설","공공청사","묵1동주민센터","서울특별시 중랑구 공릉로2가길 5 (묵1동주민센터)","서울특별시 중랑구 묵동 174-3","50.00","15","","127.0784980","37.6124180","206930.80149925","556984.08088767"
"2026","1126062000","공공시설","복지?문화?체육시설","중랑구민체육센터1층","서울특별시 중랑구 신내로15길 189","서울특별시 중랑구 묵동 22-1","189.00","20","","127.0875439","37.6151765","207729.20320354","557290.95094989"
"2026","1126063000","특정계층이용시설","기타","중랑청년청","서울특별시 중랑구 중랑역로 159","서울특별시 중랑구 묵동 246-4","","","청년(19~39세) 이용 가능","127.0763900","37.6075540","206745.11968631","556444.07619739"
"2026","1126063000","특정계층이용시설","회원이용시설","월드메르디앙APT경로당","서울특별시 중랑구 중랑천로 316 (묵동월드메르디앙아파트 101동)","서울특별시 중랑구 묵동 392","46.46","","","127.0734660","37.6129740","206486.46420296","557045.43128262"
"2026","1126063000","특정계층이용시설","회원이용시설","동구햇살APT경로당","서울특별시 중랑구 동일로169길 41 (동구햇살아파트 101동)","서울특별시 중랑구 묵동 388","58.82","","","127.0744750","37.6133480","206575.51796968","557087.01143658"
"2026","1126063000","특정계층이용시설","회원이용시설","현대아이파크APT경로당","서울특별시 중랑구 중랑천로 286 (묵동아이파크아파트 관리동)","서울특별시 중랑구 묵동 385","87.46","","","127.0736700","37.6104580","206504.69491808","556766.19665660"
"2026","1126063000","특정계층이용시설","회원이용시설","극동늘푸른APT경로당","서울특별시 중랑구 동일로 941 (극동늘푸른아파트 관리사무소)","서울특별시 중랑구 묵동 379","51.00","","","127.0762230","37.6146730","206729.73232711","557234.19601482"
"2026","1126063000","특정계층이용시설","회원이용시설","한국APT경로당","서울특별시 중랑구 중랑천로 332 (묵동한국아파트 관리사무소)","서울특별시 중랑구 묵동 378","49.00","","","127.0736270","37.6142140","206500.57128562","557183.06902847"
"2026","1126063000","야외시설","공원","수림대공원(장미조형물인근정자)","","서울특별시 중랑구 묵동 265-3","50.00","100","야외 무더위쉼터","127.0746228","37.6162826","206588.30855678","557412.73077841"
"2026","1126063000","공공시설","공공청사","묵2동주민센터","서울특별시 중랑구 중랑역로 181","서울특별시 중랑구 묵동 243-1","40.00","10","","127.0759570","37.6095720","206706.70524289","556668.02119772"
"2026","1126063000","특정계층이용시설","회원이용시설","구립학수경로당","서울특별시 중랑구 중랑천로 252-1 (구립학수경로당)","서울특별시 중랑구 묵동 247-101","198.00","66","","127.0735250","37.6072170","206492.17384027","556406.47091018"
"2026","1126063000","특정계층이용시설","회원이용시설","한양경로당","서울특별시 중랑구 중랑역로 209-3","서울특별시 중랑구 묵동 237-50","206.00","68","","127.0753880","37.6121480","206656.23518021","556953.88875537"
"2026","1126065500","특정계층이용시설","특수근로자 쉼터","중랑구이동노동자쉼터2호점","서울특별시 중랑구 양원역로 92 (LH서울양원1단지)","서울특별시 중랑구 망우동 608","","","","127.1071890","37.6089990","209464.44168705","556607.11417911"
"2026","1126065500","공공시설","복지?문화?체육시설","양원숲속도서관","서울특별시 중랑구 송림길 172 (양원숲속도서관)","서울특별시 중랑구 망우동 56","","","공휴일 미운영","127.1113350","37.6045960","209831.09966176","556118.85518968"
"2026","1111058000","특정계층이용시설","회원이용시설","교남경로당","서울특별시 종로구 사직로2길 8","서울특별시 종로구 행촌동 1-39","200.00","50","","126.9645796","37.5725330","196870.96746751","552554.98553790"
"2026","1111058000","특정계층이용시설","회원이용시설","행촌경로당","서울특별시 종로구 인왕산로1길 58 (행촌동)","서울특별시 종로구 행촌동 210-33","58.00","30","","126.9630088","37.5753864","196732.32791803","552871.73341024"
"2026","1111060000","생활밀착민간시설","금융기관","우리은행안국역지점","서울특별시 종로구 율곡로 57 (우리은행)","서울특별시 종로구 재동 111-5","","","","126.9855350","37.5769140","198722.23906270","553040.73451702"
"2026","1111060000","특정계층이용시설","회원이용시설","원서경로당","서울특별시 종로구 창덕궁길 94 (원서노인정)","서울특별시 종로구 원서동 88","33.30","27","","126.9893960","37.5816300","199063.35828593","553564.11092782"
"2026","1111060000","특정계층이용시설","회원이용시설","가회경로당","서울특별시 종로구 북촌로 35 (가회동)","서울특별시 종로구 가회동 156","66.00","34","","126.9847736","37.5801246","198655.03879908","553397.08487795"
"2026","1111060000","특정계층이용시설","회원이용시설","계원경로당","서울특별시 종로구 창덕궁3가길 8 (원서동)","서울특별시 종로구 원서동 135-64","107.90","30","","126.9885166","37.5811279","198985.67486843","553508.39269780"
"2026","1111060000","공공시설","공공청사","가회동주민센터","서울특별시 종로구 북촌로 35 (가회동)","서울특별시 종로구 가회동 156","60.00","20","폭염특보 시 추가운영(평일 09~22시, 휴일(주말,공휴일) 12~18시)","126.9848044","37.5800566","198657.75816925","553389.53721627"
"2026","1111060000","특정계층이용시설","회원이용시설","북촌경로당","서울특별시 종로구 북촌로 20-27","서울특별시 종로구 재동 54-1","103.10","30","","126.9858728","37.5789115","198752.11184892","553262.42951675"
"2026","1111061500","생활밀착민간시설","민간문화?체육시설","우리은행광화문D타워","서울특별시 종로구 종로3길 17 (D타워)","서울특별시 종로구 청진동 246","","","","126.9789290","37.5710700","198138.55480166","552392.22847031"
"2026","1111061500","생활밀착민간시설","금융기관","우리은행종로구청지점","서울특별시 종로구 종로1길 50 (더케이트윈타워)","서울특별시 종로구 중학동 19","","","","126.9794530","37.5746820","198184.93344748","552793.10836228"
"2026","1111061500","생활밀착민간시설","금융기관","우리은행종로YMCA지점","서울특별시 종로구 종로 69 (서울YMCA)","서울특별시 종로구 종로2가 9","","","","126.9852890","37.5706060","198700.39912143","552340.62289046"
"2026","1111061500","생활밀착민간시설","금융기관","우리은행종로4가금융센터","서울특별시 종로구 종로 186 (우리은행)","서울특별시 종로구 종로4가 126-2","","","","126.9984910","37.5704140","199866.69140409","552319.21246605"
"2026","1111061500","생활밀착민간시설","금융기관","종로광장새마을금고본점","서울특별시 종로구 창경궁로12길 50 (대원)","서울특별시 종로구 예지동 296-82","","","","127.0007600","37.5698410","200067.14069519","552255.61533801"
"2026","1111061500","생활밀착민간시설","금융기관","종로34가새마을금고본점","서울특별시 종로구 종로 140-1","서울특별시 종로구 종로3가 148","","","","126.9932100","37.5701630","199400.15347625","552291.37498892"
"2026","1111061500","생활밀착민간시설","금융기관","인사동길새마을금고본점","서울특별시 종로구 인사동길 22-2","서울특별시 종로구 인사동 23-2","","","","126.9866030","37.5727830","198816.51511223","552582.22725060"
"2026","1100000000","특정계층이용시설","특수근로자 쉼터","휴서울이동노동자종각역쉼터","서울특별시 종로구 종로 지하 55 (종각지하철역사)","서울특별시 종로구 종로1가 54","37.00","20","","126.9814160","37.5702330","198358.24191335","552299.28484602"
"2026","1111061500","특정계층이용시설","회원이용시설","돈의동쪽방상담소여성쉼터","서울특별시 종로구 돈화문로9가길 10","서울특별시 종로구 돈의동 103-123","23.14","30","7,8월은 화,목 09:00~21:00 연장운영","126.9908780","37.5718780","199194.15691810","552481.73749507"
"2026","1111061500","특정계층이용시설","회원이용시설","돈의동쪽방상담소남성쉼터","서울특별시 종로구 돈화문로9가길 20-2 (새뜰집)","서울특별시 종로구 돈의동 106","94.00","20","7,8월은 화목 09:00~21:00 연장운영","126.9911530","37.5721570","199218.45350253","552512.70093416"
"2026","1111061500","공공시설","복지?문화?체육시설","우리소리도서관","서울특별시 종로구 삼일대로30길 47 (종로1.2.3.4가동주민센터)","서울특별시 종로구 익선동 99","45.00","40","","126.9902310","37.5744820","199137.03058860","552770.75707583"
"2026","1120054000","특정계층이용시설","회원이용시설","일송경로당","서울특별시 성동구 마조로15가길 23 (마장 에스에이치빌 101동)","서울특별시 성동구 마장동 831","67.00","20","","127.0401240","37.5644850","203544.92921956","551661.91845281"
"2026","1120054000","특정계층이용시설","회원이용시설","왕십리중앙하이츠(아)경로당","서울특별시 성동구 마장로 262 (중앙하이츠아파트 102동)","서울특별시 성동구 마장동 819","59.00","17","","127.0392360","37.5654660","203466.42953921","551770.76481897"
"2026","1120054000","공공시설","복지?문화?체육시설","1인가구지원센터","서울특별시 성동구 마장로39길 31 (마장동)","서울특별시 성동구 마장동 766-24","282.00","30","2025년부터 쉼터 예산(냉방비, 인건비) 미지원으로 미운영 ","127.0429721","37.5681073","203796.37317361","552064.06259231"
"2026","1120054000","야외시설","공원","마장동자전거체험학습장인근샘물창고","서울특별시 성동구 살곶이길 40 (마장동)","서울특별시 성동구 마장동 803","3.30","8","","127.0442677","37.5700590","203910.73100877","552280.73167843"
"2026","1120054000","공공시설","공공청사","마장동주민센터","서울특별시 성동구 마장로42길 11","서울특별시 성동구 마장동 780-2","866.00","12","","127.0452890","37.5663242","204001.15525133","551866.25545547"
"2026","1120054000","공공시설","복지?문화?체육시설","성동종합사회복지관","서울특별시 성동구  청계천로  506 , 성동종합사회복지관 (마장동)","서울특별시 성동구 마장동 527-2","5,468.00","15","","127.0336430","37.5703644","202972.10346785","552314.23841665"
"2026","1120054000","특정계층이용시설","회원이용시설","시립성동노인종합복지관","서울특별시 성동구 마조로 77","서울특별시 성동구 마장동 798-1","2,675.00","70","8월15일(금) 휴관","127.0413190","37.5647910","203650.49176277","551695.92660730"
"2026","1120054000","특정계층이용시설","회원이용시설","왕좌경로당","서울특별시 성동구 청계천로10나길 40-5","서울특별시 성동구 마장동 463-16","42.00","12","","127.0352280","37.5700126","203112.14081913","552275.24402251"
"2026","1120054000","특정계층이용시설","회원이용시설","서마경로당","서울특별시 성동구 청계천로10나길 58 (마장동)","서울특별시 성동구 마장동 469-15","42.00","10","","127.0362478","37.5701440","203202.22720315","552289.86215681"
"2026","1120054000","특정계층이용시설","회원이용시설","마장제6경로당","서울특별시 성동구 살곶이2가길 114","서울특별시 성동구 마장동 377-2","36.00","11","","127.0444160","37.5638018","203924.16047401","551586.26182947"
"2026","1120054000","특정계층이용시설","회원이용시설","마장제4경로당","서울특별시 성동구 고산자로 328","서울특별시 성동구 마장동 520-9","46.00","14","","127.0374320","37.5686690","203306.90780036","552126.19535350"
"2026","1120054000","특정계층이용시설","회원이용시설","마장제3경로당","서울특별시 성동구 무학로14가길 8-1","서울특별시 성동구 마장동 479-2","66.00","20","","127.0340160","37.5676253","203005.16523107","552010.24211259"
"2026","1120054000","특정계층이용시설","회원이용시설","마장제2경로당","서울특별시 성동구 마장로42길 13 (동마장어린이공원)","서울특별시 성동구 마장동 780-1","86.00","26","","127.0456360","37.5661900","204031.81895601","551851.37565683"
"2026","1120055000","특정계층이용시설","회원이용시설","서울숲더샵실버문화센터경로당","서울특별시 성동구 왕십리로 241 (서울숲 더샵 101동)","서울특별시 성동구 행당동 377","120.60","36","","127.0399980","37.5565530","203534.17184589","550781.55543216"
"2026","1120055000","특정계층이용시설","회원이용시설","사근벽산(아)경로당","서울특별시 성동구 살곶이길 176 (사근동 벽산아파트 101동)","서울특별시 성동구 사근동 314","41.00","12","","127.0496030","37.5604150","204382.63114128","551210.59615942"
"2026","1121584000","특정계층이용시설","회원이용시설","이튼타워리버3차경로당","서울특별시 광진구 능동로 18 (이튼타워리버3차 A동)","서울특별시 광진구 자양동 855","134.09","40","","127.0680390","37.5329870","206013.73150599","548167.43843099"
"2026","1121584000","특정계층이용시설","회원이용시설","우성3차아파트경로당","서울특별시 광진구 뚝섬로35길 32 (자양우성3차아파트)","서울특별시 광진구 자양동 516","90.60","15","","127.0716110","37.5360500","206329.18939214","548507.62818618"
"2026","1121584000","특정계층이용시설","회원이용시설","우성2차아파트경로당","서울특별시 광진구 뚝섬로 576 (우성아파트)","서울특별시 광진구 자양동 520-2","40.00","20","()동","127.0740070","37.5331990","206541.20390918","548191.36616965"
"2026","1121584000","특정계층이용시설","회원이용시설","우방리버파크아파트경로당","서울특별시 광진구 능동로4길 78 (우방리버파크 101동)","서울특별시 광진구 자양동 793","90.13","15","","127.0705160","37.5311380","206232.81884857","547962.38351320"
"2026","1121584000","특정계층이용시설","회원이용시설","마실경로당","서울특별시 광진구 자양번영로7길 16-9","서울특별시 광진구 자양동 227-291","82.44","24","","127.0754691","37.5362583","206670.16103858","548531.01358600"
"2026","1121584000","특정계층이용시설","회원이용시설","신양경로당","서울특별시 광진구 뚝섬로 543","서울특별시 광진구 자양동 514-9","229.41","65","","127.0705670","37.5348210","206237.01996343","548371.15451943"
"2026","1121584000","특정계층이용시설","회원이용시설","자양제3동경로당","서울특별시 광진구 자양번영로3길 16 (자양동)","서울특별시 광진구 자양동 582-19","74.16","15","","127.0743003","37.5318992","206567.24158012","548047.12483076"
"2026","1121584000","공공시설","공공청사","자양3동주민센터","서울특별시 광진구 뚝섬로 568 (자양동)","서울특별시 광진구 자양동 519-10","232.00","58","","127.0728868","37.5338326","206442.13907722","548261.61064839"
"2026","1121584000","공공시설","복지?문화?체육시설","자양종합사회복지관","서울특별시 광진구 자양번영로 35","서울특별시 광진구 자양동 581-2","184.00","46","(폭염경보) 토요일 09시~17시","127.0751960","37.5328940","206646.32228525","548157.59828773"
"2026","1121584700","특정계층이용시설","특수근로자 쉼터","광진구이동노동자쉼터","서울특별시 광진구 아차산로 208 (상록빌딩)","서울특별시 광진구 자양동 8-3","","","","127.0665700","37.5410470","205883.25841438","549061.90680641"
"2026","1121584700","공공시설","복지?문화?체육시설","자양제4동도서관","서울특별시 광진구 뚝섬로26길 58 (자양제4동주민센터)","서울특별시 광진구 자양동 63-1","","","휴관일: 매월 1, 3주 화요일, 공휴일","127.0662590","37.5341170","205856.31509419","548292.74218850"
"2026","1121584700","특정계층이용시설","회원이용시설","자양4동제1경로당","서울특별시 광진구 동일로12길 24 (자양동)","서울특별시 광진구 자양동 251-62","58.94","30","","127.0635531","37.5396209","205616.74072051","548903.44260210"
"2026","1121584700","특정계층이용시설","회원이용시설","자양4동제2경로당","서울특별시 광진구 동일로2길 17 (자양동)","서울특별시 광진구 자양동 203-16","85.86","35","","127.0613158","37.5351173","205419.33693464","548403.46685440"
"2026","1121584700","특정계층이용시설","회원이용시설","자양4동제4경로당","서울특별시 광진구 뚝섬로30가길 18","서울특별시 광진구 자양동 51-47","419.22","45","","127.0652680","37.5351130","205768.64863050","548403.22469616"
"2026","1121584700","공공시설","공공청사","자양4동주민센터","서울특별시 광진구 뚝섬로26길 58","서울특별시 광진구 자양동 63-1","71.00","17","","127.0662310","37.5340570","205853.84499798","548286.08118339"
"2026","1126065500","공공시설","복지?문화?체육시설","중랑숲어린이도서관","서울특별시 중랑구 망우로73길 46-1 (중랑숲어린이도서관)","서울특별시 중랑구 망우동 583-1","","","공휴일 미운영","127.1038790","37.6026580","209172.95795435","555903.00391241"
"2026","1126065500","특정계층이용시설","회원이용시설","예성그린캐슬APT경로당","서울특별시 중랑구 용마산로112가길 34 (예성그린캐슬아파트 관리동)","서울특별시 중랑구 망우동 577","78.16","","","127.1020590","37.5970280","209012.92328545","555277.95981004"
"2026","1126065500","특정계층이용시설","회원이용시설","중랑숲리가APT경로당","서울특별시 중랑구 망우로75길 19 (중랑숲리가아파트 상가동)","서울특별시 중랑구 망우동 583","125.53","","","127.1049370","37.6023710","209266.41948355","555871.25394618"
"2026","1126065500","특정계층이용시설","회원이용시설","한일써너스빌리젠시경로당","서울특별시 중랑구 용마산로115길 127 (한일써너스빌리젠시1단지 102호)","서울특별시 중랑구 망우동 479","131.00","","","127.0934750","37.5973600","208254.82556492","555314.01894314"
"2026","1126065500","특정계층이용시설","회원이용시설","해모로APT경로당","서울특별시 중랑구 양원역로6가길 19 (중랑해모로아파트 101동)","서울특별시 중랑구 망우동 578","70.79","","","127.1103730","37.6026210","209746.41080658","555899.55154205"
"2026","1126065500","특정계층이용시설","회원이용시설","망우금호어울림APT경로당","서울특별시 중랑구 양원역로 18 (중랑숲금호어울림 관리동)","서울특별시 중랑구 망우동 580-1","188.97","","","127.1103410","37.6010150","209743.79452331","555721.29987329"
"2026","1126065500","특정계층이용시설","회원이용시설","신원금호APT경로당","서울특별시 중랑구 망우로 504-7 (신원아파트)","서울특별시 중랑구 망우동 573","26.80","","","127.1085280","37.6000120","209583.82398967","555609.79134436"
"2026","1126065500","특정계층이용시설","회원이용시설","용마공원경로당","서울특별시 중랑구 용마산로112나길 69 (망우동)","서울특별시 중랑구 망우동 산 69-1","49.00","","","127.1024890","37.5959170","209051.03155735","555154.69249673"
"2026","1126065500","특정계층이용시설","회원이용시설","경남APT경로당","서울특별시 중랑구 양원역로 37 (경남아파트 상가)","서울특별시 중랑구 망우동 226","41.49","","","127.1064040","37.6037350","209395.79081426","556022.78876180"
"2026","1126065500","생활밀착민간시설","금융기관","우리은행상봉동지점","서울특별시 중랑구 망우로 390 (망우동)","서울특별시 중랑구 망우동 490-32","50.00","20","야외 무더위쉼터","127.0956763","37.5985756","208449.08609521","555449.13285219"
"2026","1126065500","야외시설","공원","망우리공원(사색의길삼거리)","서울특별시 중랑구 망우로 570  (망우동, 망우묘지관리사무소)","서울특별시 중랑구 망우동 산 57-1","50.00","100","야외 무더위쉼터","127.1153213","37.5963805","210184.21771640","555207.45000444"
"2026","1126065500","특정계층이용시설","회원이용시설","우림경로당","서울특별시 중랑구 용마산로115나길 8 (우림경로당)","서울특별시 중랑구 망우동 492-6","297.00","90","","127.0966450","37.5976600","208534.73570457","555347.59898809"
"2026","1126065500","공공시설","공공청사","망우본동주민센터","서울특별시 중랑구 망우로67길 10 (망우본동복합청사)","서울특별시 중랑구 망우동 340-17","280.00","90","폭염특보시 연장, 추가운영","127.1015060","37.6005870","208963.66036703","555672.91653145"
"2026","1126065500","특정계층이용시설","회원이용시설","망우경로당","서울특별시 중랑구 망우로72길 15-3 (망우경로당)","서울특별시 중랑구 망우동 184-27","86.00","29","","127.1028150","37.5993600","209079.40298009","555536.85882648"
"2026","1126065500","특정계층이용시설","회원이용시설","안산경로당","서울특별시 중랑구 봉우재로65가길 18 (안산경로당)","서울특별시 중랑구 망우동 461-32","78.00","26","","127.0981590","37.5957450","208668.65948034","555135.19391571"
"2026","1111061500","공공시설","공공청사","종로구청사","서울특별시 종로구 종로1길 50 (더케이트윈타워)","서울특별시 종로구 중학동 19","82.60","10","폭염특보 시 추가운영","126.9795490","37.5747650","198193.41583368","552802.31855318"
"2026","1111061500","특정계층이용시설","회원이용시설","서울노인복지센터","서울특별시 종로구 삼일대로 467 (경운동)","서울특별시 종로구 경운동 90-3","8,000.00","200","","126.9859578","37.5759561","198759.57106994","552934.41298815"
"2026","1111061500","특정계층이용시설","회원이용시설","운니경로당","서울특별시 종로구 삼일대로32길 51 (운니동)","서울특별시 종로구 운니동 60","30.00","20","","126.9898416","37.5756351","199102.64578789","552898.74150692"
"2026","1111061500","공공시설","공공청사","종로1234가동주민센터","서울특별시 종로구 삼일대로30길 47","서울특별시 종로구 익선동 99","30.00","20","폭염특보 시 추가운영(평일 09~22시, 휴일(주말,공휴일) 12~18시)","126.9902611","37.5744316","199139.68896871","552765.16298242"
"2026","1111061500","특정계층이용시설","회원이용시설","우정경로당","서울특별시 종로구 수표로22길 22 (돈의동)","서울특별시 종로구 돈의동 162","300.00","30","","126.9906168","37.5712197","199171.07505367","552408.67611318"
"2026","1111063000","생활밀착민간시설","금융기관","우리은행동대문금융센터","서울특별시 종로구 종로 266 (동대문종합시장)","서울특별시 종로구 종로6가 262-1","","","","127.0069260","37.5708020","200611.85589543","552362.29743099"
"2026","1111063000","생활밀착민간시설","금융기관","종로중부새마을금고본점","서울특별시 종로구 종로41길 26 (새마을금고)","서울특별시 종로구 종로6가 172-2","","","","127.0066960","37.5724760","200591.52402211","552548.09051766"
"2026","1111063000","생활밀착민간시설","금융기관","동대문상가새마을금고본점","서울특별시 종로구 종로 266 (동대문종합시장)","서울특별시 종로구 종로6가 262-1","","","","127.0069260","37.5708020","200611.85589543","552362.29743099"
"2026","1111063000","특정계층이용시설","회원이용시설","종로56가경로당","서울특별시 종로구 종로35가길 19","서울특별시 종로구 효제동 173-2","80.00","12","","127.0050402","37.5720368","200445.25341750","552499.33527827"
"2026","1111063000","특정계층이용시설","회원이용시설","충신경로당","서울특별시 종로구 율곡로22나길 21 (충신동)","서울특별시 종로구 충신동 189-2","80.00","20","","127.0046662","37.5739111","200412.20376741","552707.35915208"
"2026","1111063000","특정계층이용시설","회원이용시설","충신어르신행복충전소경로당","서울특별시 종로구 낙산성곽서길 65-11","서울특별시 종로구 충신동 1-223","90.00","20","","127.0081528","37.5750553","200720.19276063","552834.37313577"
"2026","1111063000","공공시설","공공청사","종로56가동주민센터","서울특별시 종로구 종로35가길 19","서울특별시 종로구 효제동 173-2","80.00","50","폭염특보 시 추가운영(평일 09~22시, 휴일(주말,공휴일) 12~18시)","127.0050427","37.5720325","200445.47429418","552498.85804002"
"2026","1111064000","생활밀착민간시설","금융기관","대학로새마을금고본점","서울특별시 종로구 동숭길 41","서울특별시 종로구 동숭동 1-150","","","","127.0042690","37.5801100","200377.08456836","553395.36402128"
"2026","1111064000","공공시설","복지?문화?체육시설","이화마을작은도서관","서울특별시 종로구 이화장길 33 (이화동주민센터)","서울특별시 종로구 이화동 149-1","90.00","30","","127.0043490","37.5769790","200384.16712561","553047.85929929"
"2026","1111064000","공공시설","공공청사","이화동주민센터","서울특별시 종로구 이화장길 33","서울특별시 종로구 이화동 149-1","46.00","10","폭염특보 시 추가운영(평일 09~22시, 휴일(주말,공휴일) 12~18시)","127.0043569","37.5769944","200384.86488960","553049.56855432"
"2026","1111064000","특정계층이용시설","회원이용시설","종로노인종합복지관","서울특별시 종로구 율곡로19길 17-8 (이화동)","서울특별시 종로구 이화동 25-1","2,188.00","200","","127.0060502","37.5766725","200534.44411837","553013.84964528"
"2026","1111064000","특정계층이용시설","회원이용시설","마로니에경로당","서울특별시 종로구 낙산1길 21","서울특별시 종로구 동숭동 129-77","100.30","30","","127.0057153","37.5811836","200504.83028529","553514.52812402"
"2026","1111064000","특정계층이용시설","회원이용시설","이화경로당","서울특별시 종로구 이화장1나길 15 (이화동)","서울특별시 종로구 이화동 9-264","175.00","107","","127.0067503","37.5777353","200596.27894240","553131.81242700"
"2026","1120055000","특정계층이용시설","회원이용시설","하이츠(아)경로당","서울특별시 성동구 사근동길 65 (중앙하이츠아파트)","서울특별시 성동구 사근동 199","81.00","24","","127.0485110","37.5618350","204286.06705275","551368.14904326"
"2026","1120055000","특정계층이용시설","회원이용시설","사근제5경로당","서울특별시 성동구 사근동길 20-18","서울특별시 성동구 사근동 309-38","60.00","10","","127.0432750","37.5603640","203823.52862619","551204.65951542"
"2026","1120055000","야외시설","정자?파고라 등","사근?용답입구샘물창고","","서울특별시 성동구 사근동 235-1","3.30","8","","127.0503160","37.5625700","204445.49961314","551449.80922965"
"2026","1120055000","야외시설","공원","살곶이체육공원샘물창고","서울특별시 성동구 중랑천서자전거길 209 (사근동)","서울특별시 성동구 사근동 102-16","3.30","8","","127.0500000","37.5540000","204418.08647531","550498.62591988"
"2026","1120055000","공공시설","공공청사","사근동주민센터","서울특별시 성동구 사근동길 37","서울특별시 성동구 사근동 223-22","200.00","12","","127.0453110","37.5614980","204003.35713980","551330.60490067"
"2026","1120055000","특정계층이용시설","회원이용시설","사근동노인복지관","서울특별시 성동구 사근동길 37","서울특별시 성동구 사근동 223-22","551.99","8","일반쉼터 09시~18시, 연장쉼터 미운영 ","127.0453110","37.5614980","204003.35713980","551330.60490067"
"2026","1120055000","특정계층이용시설","회원이용시설","사근제1경로당","서울특별시 성동구  사근동12길  1   (사근동)","서울특별시 성동구 사근동 200-9","158.00","47","","127.0484090","37.5609982","204277.10293549","551275.26946739"
"2026","1120055000","특정계층이용시설","회원이용시설","사근제3경로당","서울특별시 성동구 마조로9길 2","서울특별시 성동구 행당동 1-130","56.00","16","","127.0411150","37.5612750","203632.63928414","551305.68407995"
"2026","1120055000","특정계층이용시설","회원이용시설","사근제2경로당","서울특별시 성동구  사근동11길  48   (사근동)","서울특별시 성동구 사근동 282-8","65.00","19","","127.0470650","37.5643864","204158.16755417","551651.25946819"
"2026","1120055000","특정계층이용시설","회원이용시설","사근제4경로당","서울특별시 성동구 사근동길 72","서울특별시 성동구 사근동 198-5","71.00","21","","127.0489342","37.5610789","204323.50151549","551284.25024472"
"2026","1120056000","공공시설","복지?문화?체육시설","성동청소년센터","서울특별시 성동구 고산자로 260 (청소년수련관)","서울특별시 성동구 행당동 7","","","","127.0368350","37.5633860","203254.39601167","551539.82339353"
"2026","1120056000","특정계층이용시설","회원이용시설","행당한신(아)제1경로당","서울특별시 성동구 고산자로 164","서울특별시 성동구 행당동 349","116.00","35","","127.0357650","37.5556860","203160.18600855","550685.17801704"
"2026","1120056000","특정계층이용시설","회원이용시설","행당한신(아)제2경로당","서울특별시 성동구 고산자로 164 (서울숲한신더휴 108동)","서울특별시 성동구 행당동 348","68.00","15","","127.0352020","37.5564690","203110.40692981","550772.06291973"
"2026","1120056000","특정계층이용시설","회원이용시설","행당두산(아)경로당","서울특별시 성동구 고산자로14길 40 (두산아파트 101동)","서울특별시 성동구 행당동 345","69.40","20","","127.0374600","37.5647520","203309.55473693","551691.45516883"
"2026","1120056000","특정계층이용시설","회원이용시설","행당삼부(아)경로당","서울특별시 성동구 왕십리로 278-17 (서울숲삼부아파트 201동)","서울특별시 성동구 행당동 147","74.20","20","","127.0379320","37.5599810","203351.46919509","551161.94710666"
"2026","1120056000","특정계층이용시설","회원이용시설","리버뷰자이(아)경로당","서울특별시 성동구 고산자로2길 65 (서울숲리버뷰자이 105동)","서울특별시 성동구 행당동 380","388.70","26","","127.0376960","37.5553540","203330.82344458","550648.39664260"
"2026","1121584700","특정계층이용시설","회원이용시설","노유산경로당","서울특별시 광진구 동일로10가길 15-2 (자양동)","서울특별시 광진구 자양동 835-1","76.70","25","","127.0638371","37.5387394","205641.90669306","548805.62386429"
"2026","1121585000","특정계층이용시설","회원이용시설","구의1동경로당","서울특별시 광진구  광나루로40길  6   (구의동)","서울특별시 광진구 구의동 230-4","163.64","35","","127.0893848","37.5445034","207899.19820897","549447.19737833"
"2026","1121585000","특정계층이용시설","회원이용시설","명성경로당","서울특별시 광진구  자양로26길  20-5  (구의동)","서울특별시 광진구 구의동 251-155","209.04","40","","127.0851535","37.5413809","207525.57953931","549100.29065966"
"2026","1121585000","특정계층이용시설","회원이용시설","구의1동제2경로당","서울특별시 광진구  광나루로30가길  27   (구의동)","서울특별시 광진구 구의동 634-15","154.36","25","","127.0835362","37.5439311","207382.39652484","549383.20371893"
"2026","1121585000","공공시설","공공청사","구의1동주민센터","서울특별시 광진구  광나루로36길  56   (구의동)","서울특별시 광진구 구의동 237-6","198.00","49","","127.0857555","37.5425184","207578.66714171","549226.58770034"
"2026","1121586000","공공시설","복지?문화?체육시설","광진어린이영어도서관","서울특별시 광진구 천호대로136길 55","서울특별시 광진구 구의동 63-6","","","휴관일: 매월 1, 3주 화요일, 공휴일","127.0899740","37.5471380","207950.98773677","549739.65585704"
"2026","1121586000","특정계층이용시설","회원이용시설","래미안파크스위트경로당","서울특별시 광진구 광나루로 545 (래미안파크스위트)","서울특별시 광진구 구의동 668","220.95","40","","127.0905440","37.5464850","208001.42835168","549667.22907967"
"2026","1121586000","특정계층이용시설","회원이용시설","아차산경로당","서울특별시 광진구 자양로47길 9-4","서울특별시 광진구 구의동 50-20","208.25","30","","127.0916170","37.5521410","208095.63828648","550295.06908066"
"2026","1121586000","특정계층이용시설","회원이용시설","소능경로당","서울특별시 광진구 자양로37길 85","서울특별시 광진구 구의동 617-33","170.88","30","","127.0859230","37.5476280","207592.95175268","549793.70508167"
"2026","1121586000","특정계층이용시설","회원이용시설","구의2동경로당","서울특별시 광진구 자양로38길 17-5","서울특별시 광진구 구의동 64-31","118.94","30","","127.0890510","37.5472200","207869.41373960","549748.67921297"
"2026","1121586000","공공시설","공공청사","구의2동주민센터","서울특별시 광진구 천호대로136길 55 (구의동)","서울특별시 광진구 구의동 63-7","202.95","50","","127.0898911","37.5472462","207943.65039389","549751.65774691"
"2026","1121587000","공공시설","복지?문화?체육시설","구의제3동도서관","서울특별시 광진구 강변역로 17 (구의3동복합청사)","서울특별시 광진구 구의동 587-29","","","휴관일: 매월 2, 4주 월요일, 공휴일","127.0919650","37.5380050","208127.92353925","548726.17382597"
"2026","1121587000","공공시설","공공청사","민방위교육훈련센터","서울특별시 광진구 광나루로56길 8","서울특별시 광진구 구의동 630","","","- 폭염 특보 시에만 무더위쉼터 운영 - 하반기 민방위 교육 관련 2025. 8. 28.(목)까지 운영","127.0977180","37.5390140","208636.26098806","548838.67332276"
"2026","1121587000","특정계층이용시설","회원이용시설","구의현대6차아파트경로당","서울특별시 광진구 구의강변로 94 (현대아파트)","서울특별시 광진구 구의동 610","93.54","15","","127.0945480","37.5386450","208356.13931035","548797.43240854"
"2026","1121587000","특정계층이용시설","회원이용시설","구의현대프라임아파트경로당","서울특별시 광진구 광나루로56길 29 (현대프라임아파트)","서울특별시 광진구 구의동 631-1","252.25","30","폭염특보 시 연장 및 추가 운영","127.0980500","37.5375050","208665.77759406","548671.22327583"
"2026","1126065500","특정계층이용시설","회원이용시설","망우본동경로당","서울특별시 중랑구 망우로73길 24-8 (망우본동경로당)","서울특별시 중랑구 망우동 342-50","229.00","70","","127.1036530","37.6015950","209153.13142136","555785.00054300"
"2026","1126066000","공공시설","복지?문화?체육시설","망우마중마을활력소1층주민쉼터","서울특별시 중랑구 용마산로 461","서울특별시 중랑구 망우동 454-7","","","","127.0981630","37.5923590","208669.40552568","554759.38603503"
"2026","1126066000","특정계층이용시설","회원이용시설","햇님경로당","서울특별시 중랑구 봉우재로58길 16-5 (햇님경노당)","서울특별시 중랑구 망우동 474-11","78.00","26","","127.0952570","37.5936500","208412.61259738","554902.40834532"
"2026","1126066000","특정계층이용시설","회원이용시설","샛별경로당","서울특별시 중랑구 용마공원로5가길 36 (샛별경로당)","서울특별시 중랑구 망우동 421-36","100.00","33","","127.1022350","37.5930080","209028.95170890","554831.80144676"
"2026","1126066000","공공시설","공공청사","망우3동주민센터","서울특별시 중랑구 겸재로61길 40 (망우3동주민센터)","서울특별시 중랑구 망우동 529-2","200.00","50","","127.0949270","37.5918800","208383.66722843","554705.92861855"
"2026","1126068000","특정계층이용시설","회원이용시설","신내경남아너스빌APT경로당","서울특별시 중랑구 봉화산로56길 112 (신내동 경남아너스빌 101동)","서울특별시 중랑구 신내동 804","40.25","","","127.0967370","37.6036160","208542.17924585","556008.65768261"
"2026","1126068000","특정계층이용시설","회원이용시설","신내우남푸르미아APT경로당","서울특별시 중랑구 봉화산로56길 51 (우남푸르미아아파트 관리소)","서울특별시 중랑구 신내동 802","72.24","","","127.0989260","37.6062170","208735.17068017","556297.54161301"
"2026","1126068000","특정계층이용시설","회원이용시설","중앙하이츠APT경로당","서울특별시 중랑구 봉화산로56길 123 (중앙하이츠아파트 경로당)","서울특별시 중랑구 신내동 479","98.01","","","127.0981210","37.6034460","208664.41051602","555989.91635567"
"2026","1126068000","특정계층이용시설","회원이용시설","영풍마드레빌APT경로당","서울특별시 중랑구 용마산로129가길 41 (영풍마드레빌)","서울특별시 중랑구 신내동 801","153.60","","","127.1000200","37.6056130","208831.84237164","556230.60655335"
"2026","1126068000","특정계층이용시설","회원이용시설","경원APT경로당","서울특별시 중랑구 봉화산로56길 73 (경원아파트)","서울특별시 중랑구 신내동 449-1","20.00","","","127.0984430","37.6055200","208692.60285403","556220.13740245"
"2026","1126068000","특정계층이용시설","회원이용시설","벽산APT경로당","서울특별시 중랑구 용마산로125길 50 (벽산아파트 관리사무실)","서울특별시 중랑구 신내동 437","91.53","","","127.1000420","37.6031400","208834.07743156","555956.13270888"
"2026","1126068000","특정계층이용시설","회원이용시설","석탑APT경로당","서울특별시 중랑구 용마산로125길 92 (석탑아파트)","서울특별시 중랑구 신내동 787","73.08","","","127.1010710","37.6036330","208924.88305181","556010.94760798"
"2026","1126068000","특정계층이용시설","회원이용시설","새한APT경로당","서울특별시 중랑구 용마산로 616 (새한아파트 관리사무실)","서울특별시 중랑구 신내동 795","76.87","","","127.1015010","37.6051370","208962.67294872","556177.91609554"
"2026","1126068000","특정계층이용시설","회원이용시설","동성7차APT경로당","서울특별시 중랑구 신내로14길 21 (동성7차아파트)","서울특별시 중랑구 신내동 797","50.00","","","127.0971340","37.6060300","208576.95842391","556276.62144779"
"2026","1126068000","특정계층이용시설","회원이용시설","동성4차APT경로당","서울특별시 중랑구 봉화산로 216 (동성아파트 관리사무소)","서울특별시 중랑구 신내동 591","53.00","","","127.0966620","37.6068030","208535.19236004","556362.37299691"
"2026","1111064000","특정계층이용시설","회원이용시설","동숭경로당","서울특별시 종로구 동숭4나길 29 (동숭동)","서울특별시 종로구 동숭동 6-31","55.40","17","","127.0058222","37.5832493","200514.25851267","553743.79782611"
"2026","1111065000","생활밀착민간시설","금융기관","우리은행혜화동지점","서울특별시 종로구 창경궁로 270 (우리은행)","서울특별시 종로구 혜화동 132-1","","","","127.0010810","37.5849600","200095.47949762","553933.65067415"
"2026","1111065000","생활밀착민간시설","금융기관","우리은행성균관대학교지점","서울특별시 종로구 성균관로 31 (유림회관)","서울특별시 종로구 명륜3가 53","","","","126.9957350","37.5858980","199623.29792067","554037.76602701"
"2026","1111065000","생활밀착민간시설","금융기관","종로중앙새마을금고혜화지점","서울특별시 종로구 창경궁로 264 (혜화프라자)","서울특별시 종로구 명륜2가 17-5","","","","127.0007440","37.5845410","200065.71428712","553887.14614748"
"2026","1111065000","생활밀착민간시설","금융기관","명륜새마을금고본점","서울특별시 종로구 성균관로 53-1","서울특별시 종로구 명륜3가 2-21","","","","126.9964480","37.5875520","199686.27991108","554221.33866851"
"2026","1111065000","공공시설","복지?문화?체육시설","올림픽기념국민생활관","서울특별시 종로구 성균관로 91 (국민생활관)","서울특별시 종로구 혜화동 1-21","457.61","30","","126.9987820","37.5903320","199892.42768678","554529.88205572"
"2026","1111065000","공공시설","복지?문화?체육시설","어린이청소년국학도서관","서울특별시 종로구 명륜길 26 (명륜동와룡공영주차장 및 문화센터)","서울특별시 종로구 명륜3가 1-21","494.70","50","","126.9955380","37.5886880","199605.91279203","554347.42525726"
"2026","1111065000","특정계층이용시설","회원이용시설","와룡경로당","서울특별시 종로구 명륜길 90 (명륜3가)","서울특별시 종로구 명륜3가 1-1042","171.00","40","","126.9933781","37.5906204","199415.16391407","554561.91112735"
"2026","1111065000","특정계층이용시설","회원이용시설","명륜3가경로당","서울특별시 종로구 성균관로 50 (명륜1가, )","서울특별시 종로구 명륜1가 70-1","33.80","8","","126.9967148","37.5871177","199709.84256076","554173.13542610"
"2026","1111065000","특정계층이용시설","회원이용시설","혜명경로당","서울특별시 종로구 혜화로9길 24-9 (명륜1가)","서울특별시 종로구 명륜1가 23-9","99.00","24","","126.9982946","37.5880529","199849.37650498","554276.92833968"
"2026","1111065000","특정계층이용시설","회원이용시설","유림경로당","서울특별시 종로구 성균관로5길 25-13 (명륜3가)","서울특별시 종로구 명륜3가 53-2","89.16","20","","126.9969280","37.5844736","199728.66334399","553879.66969032"
"2026","1111065000","특정계층이용시설","회원이용시설","명륜2.4가경로당","서울특별시 종로구 창경궁로26길 7 (명륜4가)","서울특별시 종로구 명륜4가 206-8","135.48","33","","126.9981471","37.5818846","199836.33557907","553592.31737170"
"2026","1111065000","공공시설","공공청사","혜화동주민센터","서울특별시 종로구 혜화로 12 (혜화동)","서울특별시 종로구 혜화동 74-30","163.87","10","폭염특보 시 추가운영(평일 09~22시, 휴일(주말,공휴일) 12~18시)","127.0006080","37.5869073","200053.70029818","554149.77850840"
"2026","1111067000","특정계층이용시설","회원이용시설","창신두산아파트경로당","서울특별시 종로구 지봉로5길 7 (두산아파트 101동)","서울특별시 종로구 창신동 232","97.00","20","","127.0143030","37.5741760","201263.49698167","552736.84591976"
"2026","1111067000","생활밀착민간시설","금융기관","동대문상가새마을금고제1지점","서울특별시 종로구 종로44길 9","서울특별시 종로구 창신동 446-1","","","","127.0107590","37.5708840","200950.46929938","552371.43034173"
"2026","1111067000","공공시설","복지?문화?체육시설","종로구민회관","서울특별시 종로구 지봉로5길 7-5 (종로구구민회관,보건소통합청)","서울특별시 종로구 창신동 222-8","50.00","100","","127.0143670","37.5736030","201269.16033144","552673.25041198"
"2026","1111067000","특정계층이용시설","회원이용시설","창신동쪽방상담소","서울특별시 종로구 종로54길 29-3","서울특별시 종로구 창신동 390-5","15.00","30","","127.0143020","37.5711200","201263.46026982","552397.66533614"
"2026","1111067000","공공시설","공공청사","창신1동주민센터","서울특별시 종로구 지봉로5길 7-5 (종로구구민회관,보건소통합청)","서울특별시 종로구 창신동 222-8","50.00","100","5월 25일 리모델링 완료 후 무더위쉼터 운영 예정, 폭염특보 시 추가운영(평일 09~22시, 휴일(주말,공휴일) 12~18시)","127.0143670","37.5736030","201269.16033144","552673.25041198"
"2026","1120056000","야외시설","정자?파고라 등","소월아트홀광장샘물창고","서울특별시 성동구 왕십리로 281 (행당동)","서울특별시 성동구 행당동 142-16","3.30","20","","127.0362988","37.5593647","203207.19476572","551093.48811723"
"2026","1120056000","야외시설","정자?파고라 등","구청앞오두막샘물창고","서울특별시 성동구 고산자로 260 (행당동)","서울특별시 성동구 행당동 7","3.30","5","","127.0363430","37.5629030","203210.94822244","551486.19915443"
"2026","1120056000","공공시설","공공청사","행당1동주민센터","서울특별시 성동구  고산자로10길  18   (행당동)","서울특별시 성동구 행당동 139","1,605.00","7","","127.0361170","37.5585157","203191.16796239","550999.25298752"
"2026","1120056000","공공시설","공공청사","성동구청(책마루)","서울특별시 성동구 고산자로 270","서울특별시 성동구 행당동 7","703.00","50","폭염경보 발효 시 24시간 운영(폭염주의보 발효 시에는 미운영) ","127.0367340","37.5633190","203245.47550269","551532.38368912"
"2026","1120056000","공공시설","복지?문화?체육시설","성동구립도서관","서울특별시 성동구 고산자로10길 9","서울특별시 성동구 행당동 142-4","100.00","30","화~일 09:00~18:00 ","127.0349280","37.5591700","203086.08521822","551071.83283136"
"2026","1120057000","특정계층이용시설","회원이용시설","행당신동아(아)경로당","서울특별시 성동구 독서당로 441 (신동아아파트 6동)","서울특별시 성동구 행당동 344","122.00","36","","127.0326860","37.5544530","202888.17395394","550548.23065804"
"2026","1120057000","특정계층이용시설","회원이용시설","행당한진(아)제2경로당","서울특별시 성동구 행당로 82","서울특별시 성동구 행당동 346-1","102.00","30","","127.0263770","37.5556440","202330.66608386","550680.24232405"
"2026","1120057000","특정계층이용시설","회원이용시설","행당한진(아)제1경로당","서울특별시 성동구 행당로 82","서울특별시 성동구 행당동 346","220.00","66","","127.0303620","37.5568200","202682.73768103","550810.87059934"
"2026","1120057000","특정계층이용시설","회원이용시설","행당두산위브(아)제2경로당","서울특별시 성동구 행당로8길 8","서울특별시 성동구 행당동 375-3","45.50","36","","127.0327500","37.5564430","202893.75211977","550769.09891770"
"2026","1120057000","특정계층이용시설","회원이용시설","행당두산위브(아)경로당","서울특별시 성동구 행당로8길 8 (행당두산위브 관리동)","서울특별시 성동구 행당동 375","129.00","36","","127.0314950","37.5567240","202782.85131862","550800.24868058"
"2026","1120057000","특정계층이용시설","회원이용시설","서울숲행당푸르지오(아)경로당","서울특별시 성동구 고산자로 177 (서울숲행당푸르지오아파트 101동)","서울특별시 성동구 행당동 376","99.00","30","","127.0325570","37.5550910","202876.75083487","550619.03709317"
"2026","1120057000","특정계층이용시설","회원이용시설","행당대림(아)제2경로당","서울특별시 성동구 행당로 79 (행당동 대림아파트 125동)","서울특별시 성동구 행당동 347","181.00","54","","127.0253800","37.5578040","202242.50664529","550919.95238510"
"2026","1120057000","특정계층이용시설","회원이용시설","행당대림(아)제1경로당","서울특별시 성동구 행당로 79 (행당동 대림아파트 125동)","서울특별시 성동구 행당동 347","216.00","65","","127.0278470","37.5589270","202460.44702408","551044.65378356"
"2026","1120057000","특정계층이용시설","회원이용시설","행현경로당","서울특별시 성동구 행당로11길 20 (행당동)","서울특별시 성동구 행당동 306-31","77.00","22","","127.0303738","37.5594051","202683.68759494","551097.78636570"
"2026","1120057000","공공시설","공공청사","행당2동주민센터","서울특별시 성동구 행당로9길 9","서울특별시 성동구 행당동 347-1","64.80","7","","127.0293600","37.5582382","202594.15339846","550968.24583156"
"2026","1121587000","공공시설","공공청사","구의3동주민센터","서울특별시 광진구  강변역로  17   (구의동)","서울특별시 광진구 구의동 587-29","338.22","50","","127.0919840","37.5379926","208129.60411756","548724.79921978"
"2026","1121585000","특정계층이용시설","회원이용시설","구의새마을경로당","서울특별시 광진구 구의강변로3길 39 (구의새마을경로당)","서울특별시 광진구 구의동 590-2","70.80","16","","127.0902100","37.5363880","207972.98768075","548546.55635399"
"2026","1121587000","특정계층이용시설","회원이용시설","산의마을경로당","서울특별시 광진구  아차산로63길  21   (구의동)","서울특별시 광진구 구의동 210-75","191.50","25","","127.0922674","37.5403134","208154.39845527","548982.40427129"
"2026","1123051500","공공시설","공공청사","신설동주민센터","서울특별시 동대문구 천호대로 26 (신설동역자이르네)","서울특별시 동대문구 신설동 96-48","50.00","20","특보시 연장 추가 운영 검토","127.0260150","37.5739060","202298.11877605","552707.10101702"
"2026","1123053600","특정계층이용시설","회원이용시설","신일경로당","서울특별시 동대문구 무학로18길 5","서울특별시 동대문구 용두동 129-93","53.26","16","","127.0308490","37.5707410","202725.26106503","552355.95193556"
"2026","1123053600","특정계층이용시설","회원이용시설","신설동경로당","서울특별시 동대문구 하정로2길 10","서울특별시 동대문구 신설동 92-14","","","","127.0272930","37.5747880","202410.98658737","552805.02484733"
"2026","1123053600","공공시설","복지?문화?체육시설","용두문화복지센터","서울특별시 동대문구 고산자로28길 13 (용두문화복지센터)","서울특별시 동대문구 용두동 29-3","","","","127.0391670","37.5752920","203459.87895160","552861.33399511"
"2026","1123053600","공공시설","복지?문화?체육시설","다사랑행복센터","서울특별시 동대문구 청계천로 521 (다사랑행복센터)","서울특별시 동대문구 용두동 255-69","","","","127.0340660","37.5718160","203009.41389761","552475.36261402"
"2026","1123053600","공공시설","공공청사","동대문구청","서울특별시 동대문구 천호대로 145 (동대문구청)","서울특별시 동대문구 용두동 39-9","132.00","5","특보시 24시간 운영","127.0397070","37.5745150","203507.61715273","552775.11598750"
"2026","1123053600","특정계층이용시설","회원이용시설","동부경로당","서울특별시 동대문구 천호대로45길 57 (용두동)","서울특별시 동대문구 용두동 39-454","159.14","40","","127.0436427","37.5753077","203855.24620613","552863.25074287"
"2026","1123053600","특정계층이용시설","회원이용시설","명성경로당","서울특별시 동대문구 무학로28길 22-2 (명성경로당)","서울특별시 동대문구 용두동 118-57","","20","","127.0319450","37.5743960","202821.94593965","552761.64691982"
"2026","1123053600","특정계층이용시설","기타","동대문장애인종합복지관","서울특별시 동대문구 청계천로 521","서울특별시 동대문구 용두동 255-69","26.84","10","","127.0341090","37.5718050","203013.21299050","552474.14311971"
"2026","1123053600","특정계층이용시설","회원이용시설","래미안용두1차아파트경로당","서울특별시 동대문구 고산자로29길 18","서울특별시 동대문구 용두동 792-1","86.88","26","","127.0369630","37.5763010","203265.14105882","552973.24248617"
"2026","1123053600","공공시설","공공청사","용두동주민센터","서울특별시 동대문구 천호대로27길 35 (용신동주민센터)","서울특별시 동대문구 용두동 792-5","","","특보시 연장 추가 운영 검토","127.0372430","37.5758140","203289.89639448","552919.20086580"
"2026","1123054500","특정계층이용시설","회원이용시설","제기이수아파트경로당","서울특별시 동대문구 왕산로23길 89 (이수브라운스톤상가)","서울특별시 동대문구 제기동 252","","35","","127.0340840","37.5822000","203010.58593273","553627.86770032"
"2026","1123054500","특정계층이용시설","회원이용시설","안암골벽산아파트경로당","서울특별시 동대문구 약령시로 25 (안암골벽산아파트 상가 1)","서울특별시 동대문구 제기동 153","","30","","127.0319100","37.5834530","202818.51269948","553766.86897037"
"2026","1123054500","특정계층이용시설","회원이용시설","감초마을경로당","서울특별시 동대문구 약령시로9길 45","서울특별시 동대문구 제기동 133-17","","45","","127.0351490","37.5850860","203104.53585529","553948.21551572"
"2026","1123054500","특정계층이용시설","회원이용시설","섬마을경로당","서울특별시 동대문구 고산자로62길 32 (제기동)","서울특별시 동대문구 제기동 1211-20","178.65","45","","127.0376480","37.5900869","203325.03760611","554503.34439814"
"2026","1126068000","특정계층이용시설","회원이용시설","동성3차APT경로당","서울특별시 중랑구 신내로 110 (동성아파트)","서울특별시 중랑구 신내동 618","179.43","","","127.0961150","37.6083080","208486.72160163","556529.36201354"
"2026","1126068000","특정계층이용시설","회원이용시설","동성1?2차APT경로당","서울특별시 중랑구 신내로 128","서울특별시 중랑구 신내동 397","225.00","","","127.0973700","37.6098540","208597.35713078","556701.06539758"
"2026","1126068000","특정계층이용시설","회원이용시설","신내의료안심주택경로당","서울특별시 중랑구 신내로16길 33 (신내동, 신내동 의료안심주택)","서울특별시 중랑구 신내동 315-1","133.42","27","","127.0981666","37.6139871","208667.21386584","557159.86805657"
"2026","1126068000","특정계층이용시설","회원이용시설","신내데시앙포레경로당","서울특별시 중랑구 신내역로 165 (신내동, 신내 데시앙포레)","서울특별시 중랑구 신내동 817","49.20","16","","127.1099925","37.6153702","209711.15323171","557314.53490416"
"2026","1126068000","특정계층이용시설","회원이용시설","신내우디안1단지경로당","서울특별시 중랑구 신내역로1길 85 (신내동, 신내우디안1단지)","서울특별시 중랑구 신내동 816","202.94","35","","127.1064734","37.6171039","209400.23624918","557506.59878372"
"2026","1126068000","특정계층이용시설","회원이용시설","새우개경로당","서울특별시 중랑구 용마산로139나길 47 (새우개경로당)","서울특별시 중랑구 신내동 278-12","482.17","20","","127.1023490","37.6176970","209036.03272627","557572.02150659"
"2026","1126068000","공공시설","복지?문화?체육시설","구립신내경로복지관","서울특별시 중랑구 망우로65길 20 (신내동)","서울특별시 중랑구 신내동 492-16","482.00","20","폭염특보시 추가운영","127.0999342","37.6012676","208824.77946123","555748.30675700"
"2026","1126068000","공공시설","공공청사","신내1동주민센터","서울특별시 중랑구 용마산로129나길 35 (신내1동주민센터)","서울특별시 중랑구 신내동 448-1","50.00","10","","127.0994630","37.6058900","208782.62626570","556261.29827944"
"2026","1126068000","공공시설","복지?문화?체육시설","유린원광종합사회복지관","서울특별시 중랑구 신내로 56 ((복)유린보은동산)","서울특별시 중랑구 신내동 572-2","","","폭염특보시 추가운영","127.0960160","37.6042000","208478.44639794","556073.40993156"
"2026","1126068000","특정계층이용시설","회원이용시설","신내구립경로당","서울특별시 중랑구 망우로65길 20 (중랑구신내경로복지센터)","서울특별시 중랑구 신내동 492-16","194.00","64","","127.0999260","37.6012570","208824.05660461","555747.12950313"
"2026","1126068000","특정계층이용시설","회원이용시설","피울경로당","서울특별시 중랑구 용마산로129나길 25 (구립피울경로당)","서울특별시 중랑구 신내동 417-2","120.00","40","","127.0996790","37.6061750","208801.66558341","556292.95039314"
"2026","1126069000","특정계층이용시설","회원이용시설","신내11단지APT(대명)경로당","서울특별시 중랑구 봉화산로 193 (신내대명아파트 신내아파트보육시설동)","서울특별시 중랑구 신내동 661","170.72","","","127.0940550","37.6073980","208304.92973002","556428.17771221"
"2026","1126069000","특정계층이용시설","회원이용시설","신내7단지APT(진로)경로당","서울특별시 중랑구 신내로17길 41 (진로아파트)","서울특별시 중랑구 신내동 654","148.95","","","127.0932720","37.6141380","208235.04866451","557176.17569329"
"2026","1126069000","특정계층이용시설","회원이용시설","신내6단지APT(시영)경로당","서울특별시 중랑구 신내로19길 42 (신내6단지신내아파트 관리사무소)","서울특별시 중랑구 신내동 650","233.88","","","127.0910400","37.6152260","208037.86670398","557296.73852372"
"2026","1126069000","특정계층이용시설","회원이용시설","신내10단지APT경로당","서울특별시 중랑구 신내로 115 (신내동, 신내10단지신내아파트)","서울특별시 중랑구 신내동 660","108.20","40","","127.0948219","37.6093700","208372.42493281","556647.11636607"
"2026","1111067000","특정계층이용시설","회원이용시설","당고개경로당","서울특별시 종로구 종로53길 29 (창신동)","서울특별시 종로구 창신동 197-17","30.00","50","","127.0132278","37.5736793","201168.52383221","552681.70405141"
"2026","1111067000","특정계층이용시설","회원이용시설","창일경로당","서울특별시 종로구 종로54길 9-23 (창신동)","서울특별시 종로구 창신동 328-30","120.00","30","","127.0148157","37.5722380","201308.82173884","552521.75738540"
"2026","1111068000","공공시설","복지?문화?체육시설","창신소담도서관","서울특별시 종로구 창신길 83","서울특별시 종로구 창신동 641","","50","","127.0102470","37.5753600","200905.18412727","552868.20943153"
"2026","1111068000","생활밀착민간시설","금융기관","우리은행창신동지점","서울특별시 종로구 종로 311 ((주)우리은행창신동지점)","서울특별시 종로구 창신동 530-1","","","","127.0122460","37.5723090","201081.81292707","552529.60487264"
"2026","1111068000","생활밀착민간시설","금융기관","종로중앙새마을금고본점","서울특별시 종로구 창신길 51 (MG새마을금고)","서울특별시 종로구 창신동 647-14","","","","127.0104460","37.5739570","200922.78040301","552712.49458044"
"2026","1111068000","특정계층이용시설","회원이용시설","창이경로당","서울특별시 종로구 창신길 98 (창신동)","서울특별시 종로구 창신동 594-8","180.00","45","","127.0105375","37.5759816","200930.83814348","552937.20269849"
"2026","1111068000","특정계층이용시설","회원이용시설","창락경로당","서울특별시 종로구 창신길 191-6 (창신동)","서울특별시 종로구 창신동 615-52","130.00","30","","127.0094700","37.5799227","200836.49562223","553374.60945909"
"2026","1111068000","특정계층이용시설","회원이용시설","창인경로당","서울특별시 종로구 낙산성곽동길 70-3 (창신동)","서울특별시 종로구 창신동 617","93.00","40","","127.0089349","37.5786855","200789.24270371","553237.28981823"
"2026","1111068000","공공시설","공공청사","창신2동주민센터","서울특별시 종로구 창신길 62 (창신동)","서울특별시 종로구 창신동 583-3","33.00","20","폭염특보 시 추가운영(평일 09~22시, 휴일(주말,공휴일) 12~18시)","127.0108835","37.5744319","200961.42224218","552765.20737497"
"2026","1111069000","생활밀착민간시설","금융기관","종로동부새마을금고본점","서울특별시 종로구 지봉로 99-2 (MG빌딩)","서울특별시 종로구 창신동 22-3","","","","127.0150100","37.5790800","201325.86492324","553281.14317554"
"2026","1111069000","특정계층이용시설","회원이용시설","창삼경로당","서울특별시 종로구 지봉로13길 82 (창신동)","서울특별시 종로구 창신동 23-344","97.00","41","","127.0124754","37.5772613","201102.00516767","553079.25562226"
"2026","1111069000","공공시설","복지?문화?체육시설","종로종합사회복지관","서울특별시 종로구 지봉로13길 82 (창신동)","서울특별시 종로구 창신동 23-344","1,421.20","100","","127.0124982","37.5772932","201104.01871771","553082.79642288"
"2026","1111069000","공공시설","공공청사","창신3동주민센터","서울특별시 종로구 지봉로 87 (창신동, 창신이수아파트)","서울특별시 종로구 창신동 23-816","400.00","50","폭염특보 시 추가운영(평일 09~22시, 휴일(주말,공휴일) 12~18시)","127.0146842","37.5779330","201297.10621982","553153.83479865"
"2026","1111069000","특정계층이용시설","회원이용시설","온고회경로당","서울특별시 종로구 지봉로13길 14","서울특별시 종로구 창신동 산 6-25","128.00","45","","127.0146940","37.5789780","201297.95374794","553269.81793320"
"2026","1111070000","생활밀착민간시설","금융기관","종로중앙새마을금고동묘지점","서울특별시 종로구 종로 347 (롯데캐슬천지인)","서울특별시 종로구 숭인동 76","","","","127.0161780","37.5738520","201429.13673656","552700.91253369"
"2026","1111070000","특정계층이용시설","회원이용시설","숭인상록경로당","서울특별시 종로구 지봉로 86 (숭인동)","서울특별시 종로구 숭인동 55-2","245.00","32","","127.0155814","37.5778544","201376.36044901","553145.12386730"
"2026","1111070000","공공시설","공공청사","숭인1동주민센터","서울특별시 종로구 지봉로 86 (숭인동)","서울특별시 종로구 숭인동 55-2","68.00","15","폭염특보 시 추가운영(평일 09~22시, 휴일(주말,공휴일) 12~18시)","127.0156364","37.5778352","201381.21914921","553142.99369516"
"2026","1111071000","생활밀착민간시설","금융기관","종로숭인새마을금고본점","서울특별시 종로구 숭인동길 51 (종로숭인새마을금고)","서울특별시 종로구 숭인동 701","","","","127.0218640","37.5772400","201931.34071462","553077.04312550"
"2026","1120057000","특정계층이용시설","회원이용시설","행당제2경로당","서울특별시 성동구  행당로11길  14-9","서울특별시 성동구 행당동 306-24","43.00","13","","127.0309450","37.5592109","202734.16326579","551076.24892784"
"2026","1120058000","특정계층이용시설","회원이용시설","대림1차(아)경로당","서울특별시 성동구 독서당로62길 43 (대림아파트 1동)","서울특별시 성동구 응봉동 100","165.00","31","","127.0341770","37.5529300","203019.98195268","550379.24270777"
"2026","1120058000","특정계층이용시설","회원이용시설","대림2차(아)경로당","서울특별시 성동구 독서당로 431","서울특별시 성동구 응봉동 97","63.00","19","","127.0320530","37.5522840","202832.32340071","550307.47832438"
"2026","1120058000","특정계층이용시설","회원이용시설","대림강변타운(아)경로당","서울특별시 성동구 고산자로 160 (대림 강변 타운 101동)","서울특별시 성동구 응봉동 15","128.00","22","","127.0357870","37.5532790","203162.23162728","550418.03047521"
"2026","1120058000","특정계층이용시설","회원이용시설","신동아(아)경로당","서울특별시 성동구 독서당로 375 (신동아아파트 2동)","서울특별시 성동구 응봉동 275","82.00","24","104동 앞","127.0296500","37.5511270","202620.02579650","550178.99550545"
"2026","1120058000","특정계층이용시설","회원이용시설","리버그린동아(아)경로당","서울특별시 성동구 고산자로4길 34 (서울숲리버그린동아아파트 303동)","서울특별시 성동구 응봉동 276","124.00","34","","127.0373960","37.5529900","203304.41978251","550386.01027253"
"2026","1120058000","특정계층이용시설","회원이용시설","현대(아)경로당","서울특별시 성동구 독서당로 377 (금호현대아파트)","서울특별시 성동구 응봉동 98","75.90","20","","127.0303420","37.5508550","202681.18420428","550148.82628005"
"2026","1120058000","야외시설","정자?파고라 등","응봉체육공원샘물창고","","서울특별시 성동구 응봉동 242-5","3.30","8","","127.0356000","37.5506000","203145.82042375","550120.68729327"
"2026","1120058000","특정계층이용시설","회원이용시설","광희경로당","서울특별시 성동구  독서당로62길  22-15  (응봉동)","서울특별시 성동구 응봉동 191-9","40.00","12","","127.0330460","37.5499752","202920.15868700","550051.25960027"
"2026","1120058000","특정계층이용시설","회원이용시설","응봉경로당","서울특별시 성동구  독서당로59길  39   (응봉동)","서울특별시 성동구 응봉동 265-7","82.00","24","","127.0315760","37.5525073","202790.16556443","550332.24768653"
"2026","1120058000","특정계층이용시설","회원이용시설","상봉경로당","서울특별시 성동구  독서당로59다길  32   (응봉동)","서울특별시 성동구 응봉동 265-305","165.00","45","","127.0302970","37.5527780","202677.13897479","550362.25495428"
"2026","1120058000","공공시설","공공청사","응봉동주민센터","서울특별시 성동구  독서당로  424   (응봉동)","서울특별시 성동구 응봉동 101","66.00","5","","127.0334210","37.5531556","202953.17062739","550404.25759148"
"2026","1120059000","생활밀착민간시설","금융기관","서울행복신협금호논골지점","서울특별시 성동구 금호로 140 (이편한세상금호파크힐스109동)","서울특별시 성동구 금호동1가 1823","168.00","10","","127.0226920","37.5542850","202005.09667772","550529.32454558"
"2026","1120059000","특정계층이용시설","회원이용시설","금호벽산(아)제2경로당","서울특별시 성동구 금호로 100 (벽산아파트 502동)","서울특별시 성동구 금호동1가 632","154.00","40","","127.0263020","37.5539850","202324.09061989","550496.11125482"
"2026","1120059000","특정계층이용시설","회원이용시설","금호삼성래미안(아)경로당","서울특별시 성동구 독서당로 343 (금호 삼성래미안 아파트 302동)","서울특별시 성동구 금호동1가 1500","115.00","30","","127.0278900","37.5492130","202464.56620380","549966.51690634"
"2026","1123054500","공공시설","공공청사","제기동주민센터","서울특별시 동대문구 약령시로 71","서울특별시 동대문구 제기동 830-1","405.10","30","특보시 연장 추가 운영 검토","127.0379020","37.5830680","203347.78499102","553724.33501331"
"2026","1123054500","특정계층이용시설","회원이용시설","행복마을경로당","서울특별시 동대문구 고산자로56길 51 (제기동)","서울특별시 동대문구 제기동 122-444","68.73","20","","127.0386350","37.5900401","203412.21070115","554498.18552341"
"2026","1123054500","특정계층이용시설","회원이용시설","제기한신아파트제2경로당","서울특별시 동대문구 회기로8길 20 (제기동, 한신아파트)","서울특별시 동대문구 제기동 1212-1","45.00","13","","127.0398715","37.5904312","203521.39891898","554541.63886032"
"2026","1123054500","특정계층이용시설","회원이용시설","만수경로당","서울특별시 동대문구 약령시로5길 22","서울특별시 동대문구 제기동 220","115.50","34","","127.0342100","37.5841300","203021.63730722","553842.07976094"
"2026","1123054500","특정계층이용시설","회원이용시설","방아다리경로당","서울특별시 동대문구 약령시로9길 75 (제기동)","서울특별시 동대문구 제기동 135-157","99.00","30","","127.0358589","37.5861867","203167.19114839","554070.40442793"
"2026","1123054500","특정계층이용시설","회원이용시설","제기경로당","서울특별시 동대문구 경동시장로23길 14 (제기동)","서울특별시 동대문구 제기동 681-2","213.50","68","","127.0395014","37.5857446","203488.93091515","554021.46539164"
"2026","1123054500","공공시설","복지?문화?체육시설","동대문종합사회복지관","서울특별시 동대문구 약령시로5길 22","서울특별시 동대문구 제기동 220","","","","127.0341177","37.5840579","203013.48771044","553834.07451606"
"2026","1123056000","공공시설","복지?문화?체육시설","전일청소년독서실","서울특별시 동대문구 전농로37길 17  (전농동)","서울특별시 동대문구 전농동 103-112","","","","127.0517103","37.5845526","204567.34555569","553889.69045428"
"2026","1123056000","특정계층이용시설","회원이용시설","전농동아아파트제1경로당","서울특별시 동대문구 서울시립대로 31 (동아아파트경비실)","서울특별시 동대문구 전농동 645-2","","23","","127.0457040","37.5748820","204037.35736007","552816.08953113"
"2026","1123056000","특정계층이용시설","회원이용시설","전농동아아파트제2경로당","서울특별시 동대문구 서울시립대로 31 (전농동, 동아아파트)","서울특별시 동대문구 전농동 645-2","42.90","13","","127.0456839","37.5749697","204035.57705226","552825.82235537"
"2026","1123056000","특정계층이용시설","회원이용시설","창방경로당","서울특별시 동대문구 답십리로23길 70-6 (전농동)","서울특별시 동대문구 전농동 530-8","85.05","25","","127.0505494","37.5782157","204465.18674976","553186.31110232"
"2026","1123056000","특정계층이용시설","회원이용시설","화목경로당","서울특별시 동대문구 전농로31길 33 (전농동)","서울특별시 동대문구 전농동 127-17","114.72","34","","127.0516303","37.5829304","204560.37845875","553709.64081798"
"2026","1123056000","공공시설","공공청사","전농1동주민센터","서울특별시 동대문구 서울시립대로9길 21","서울특별시 동대문구 전농동 678-1","","","특보시 연장 추가 운영 검토","127.0477300","37.5779500","204216.15528764","553156.69119372"
"2026","1123056000","특정계층이용시설","회원이용시설","전농1동경로당","서울특별시 동대문구 전농로27길 81 (전농동)","서울특별시 동대문구 전농동 558-40","167.58","50","","127.0521199","37.5788447","204603.87521247","553256.19868650"
"2026","1123056000","특정계층이용시설","회원이용시설","래미안크레시티3단지아파트경로당","서울특별시 동대문구 사가정로 65 (전농동, 래미안 크레시티)","서울특별시 동대문구 전농동 690","80.00","24","","127.0502758","37.5756457","204441.17143844","552901.05769605"
"2026","1123057000","특정계층이용시설","회원이용시설","동백꽃노인종합복지관","서울특별시 동대문구 전농로30길 3","서울특별시 동대문구 전농동 146","","","","127.0546520","37.5828760","204827.28138195","553703.75401810"
"2026","1123057000","공공시설","복지?문화?체육시설","배봉산숲속도서관","서울특별시 동대문구 사가정로 191-1 ","서울특별시 동대문구 전농동 산 32-20","330.96","64","공휴일 및 도서관 사정에 따른 휴관일 미운영","127.0625936","37.5785140","205529.06668219","553220.05959360"
"2026","1123057000","특정계층이용시설","회원이용시설","전농SK아파트경로당","서울특별시 동대문구 사가정로 148 (전농SK아파트 112동)","서울특별시 동대문구 전농동 10","","21","","127.0604660","37.5766420","205341.26355814","553012.16601188"
"2026","1126069000","야외시설","공원","옹기테마공원(입구좌측)","서울특별시 중랑구 신내로21길 116 (신내동)","서울특별시 중랑구 신내동 777","50.00","100","야외 무더위쉼터","127.0850226","37.6124250","207506.87554513","556985.35952382"
"2026","1126069000","공공시설","공공청사","중랑구청","서울특별시 중랑구 봉화산로 179","서울특별시 중랑구 신내동 662","4,414.00","1371","폭염특보시 추가운영","127.0929506","37.6064880","208207.51266558","556327.08052495"
"2026","1126069000","공공시설","복지?문화?체육시설","시립대종합사회복지관","서울특별시 중랑구 신내로 115 (신내10단지신내아파트)","서울특별시 중랑구 신내동 660","","","","127.0941930","37.6093370","208316.89903816","556643.39782694"
"2026","1126069000","공공시설","공공청사","신내2동주민센터","서울특별시 중랑구 봉화산로 190 (중랑구청제2청사)","서울특별시 중랑구 신내동 665","36.00","9","","127.0941730","37.6062330","208315.47866463","556298.88586846"
"2026","1126069000","공공시설","복지?문화?체육시설","구립신내노인종합복지관","서울특별시 중랑구 신내로15길 175","서울특별시 중랑구 신내동 771-1","60.00","18","폭염특보시 추가운영","127.0878397","37.6149194","207755.34593086","557262.44001310"
"2026","1129052500","특정계층이용시설","회원이용시설","성북동할머니경로당","서울특별시 성북구 성북로23길 158","서울특별시 성북구 성북동 217-83","","","","126.9918190","37.5922660","199277.48249380","554744.56508184"
"2026","1129052500","특정계층이용시설","회원이용시설","북정경로당","서울특별시 성북구 성북로23길 129-5 (북정경로당)","서울특별시 성북구 성북동 224-146","","","","126.9913980","37.5927400","199240.30605422","554797.17708563"
"2026","1129052500","공공시설","복지?문화?체육시설","성북글로벌빌리지센터","서울특별시 성북구 성북로 134 (성북동)","서울특별시 성북구 성북동 246","198.00","20","","126.9948962","37.5948114","199549.26546286","555027.05675189"
"2026","1129052500","공공시설","복지?문화?체육시설","성북역사문화센터","서울특별시 성북구 성북로 122-13 (성북동)","서울특별시 성북구 성북동 119-1","124.00","30","1월 1일, 설연휴, 추석연휴, 노동절 휴관","126.9974415","37.5925811","199774.04311890","554779.50925627"
"2026","1129052500","특정계층이용시설","회원이용시설","성북동해아래경로당","서울특별시 성북구 성북로23길 25 (성북동)","서울특별시 성북구 성북동 113-51","","","","126.9951530","37.5927177","199571.93238183","554794.67829205"
"2026","1129052500","공공시설","공공청사","성북동주민센터","서울특별시 성북구 성북로 37","서울특별시 성북구 성북동1가 117-1","440.30","20","","127.0032280","37.5910270","200285.09047468","554607.02343535"
"2026","1129052500","특정계층이용시설","회원이용시설","성북동경로당","서울특별시 성북구 성북로 41-12","서울특별시 성북구 성북동 186-31","","","","127.0025570","37.5914740","200225.82775211","554656.63358438"
"2026","1129052500","특정계층이용시설","회원이용시설","동소문동경로당","서울특별시 성북구 동소문로3길 101 (송산아파트)","서울특별시 성북구 동소문동4가 279","","","","127.0104680","37.5923900","200924.49586972","554758.34774268"
"2026","1129052500","생활밀착민간시설","금융기관","하나은행성북동지점","서울특별시 성북구 성북로 122","서울특별시 성북구 성북동 94-1","50.00","5","공휴일 미운영","126.9961154","37.5939940","199656.93355255","554936.32934146"
"2026","1126069000","야외시설","공원","봉수대공원(정문정자옆)","","서울특별시 중랑구 신내동 602-1","50.00","100","야외 무더위쉼터","127.0923798","37.6073922","208157.01242794","556427.38711611"
"2026","1129052500","생활밀착민간시설","금융기관","새마을금고성북(본점)","서울특별시 성북구 성북로 21-1 (성북동1가)","서울특별시 성북구 성북동1가 74-2","50.00","5","공휴일 미운영","127.0042115","37.5899572","200371.95654274","554488.29111915"
"2026","1129055500","공공시설","복지?문화?체육시설","성북어린이청소년도서관","서울특별시 성북구 삼선교로16길 59 (성북어린이청소년도서관)","서울특별시 성북구 삼선동2가 231-4","","","매주 월요일 및 공휴일 휴관 ","127.0111290","37.5857190","200982.96072341","554017.94873423"
"2026","1129055500","공공시설","공공청사","성북구청청사","서울특별시 성북구 보문로 168 (성북구청)","서울특별시 성북구 삼선동5가 411","","","폭염특보 발효 시 주말 및 공휴일 운영(09:00 ~ 18:00)","127.0168290","37.5894490","201486.33485485","554432.01146234"
"2026","1111071000","공공시설","복지?문화?체육시설","도담도담한옥도서관","서울특별시 종로구 숭인동길 43 (도담도담한옥도서관)","서울특별시 종로구 숭인동 750","66.00","10","","127.0218370","37.5769240","201928.96384061","553041.97020759"
"2026","1111071000","공공시설","복지?문화?체육시설","아름꿈도서관","서울특별시 종로구 종로58가길 19 (동묘파출소,아름꿈도서관)","서울특별시 종로구 숭인동 242-7","160.00","30","공휴일 10:00~19:00","127.0170720","37.5726530","201508.13534028","552567.85139359"
"2026","1111071000","특정계층이용시설","회원이용시설","흥인경로당","서울특별시 종로구 숭인동길 78-8 (숭인동)","서울특별시 종로구 숭인동 382","10.00","15","","127.0222011","37.5782540","201961.09160716","553189.59245135"
"2026","1111071000","공공시설","공공청사","숭인2동주민센터","서울특별시 종로구 종로65길 10 (숭인동)","서울특별시 종로구 숭인동 178-167","17.00","10","폭염특보 시 추가운영(평일 09~22시, 휴일(주말,공휴일) 12~18시)","127.0199896","37.5748698","201765.82290519","552813.94137111"
"2026","1111071000","특정계층이용시설","회원이용시설","숭인2경로당","서울특별시 종로구 종로66가길 35 (숭인동)","서울특별시 종로구 숭인동 211-16","258.10","35","","127.0200647","37.5731117","201772.49868856","552618.81402173"
"2026","1111071000","특정계층이용시설","회원이용시설","동원경로당","서울특별시 종로구 숭인동2길 28 (숭인동)","서울특별시 종로구 숭인동 546","140.00","35","","127.0202659","37.5783284","201790.14764196","553197.81136299"
"2026","1111071000","특정계층이용시설","회원이용시설","한마음경로당","서울특별시 종로구 숭인동길 78-8 (숭인동)","서울특별시 종로구 숭인동 382","81.00","35","","127.0222105","37.5782625","201961.92171512","553190.53604997"
"2026","1114052000","특정계층이용시설","특수근로자 쉼터","휴서울이동노동자북창쉼터","서울특별시 중구 세종대로14길 38 (국제화제)","서울특별시 중구 북창동 93-45","333.00","70","운영시간: 평일 08:30~20:00","126.9787410","37.5626320","198121.73472911","551455.71295012"
"2026","1114052000","공공시설","공공청사","소공동주민센터","서울특별시 중구 서소문로12길 36","서울특별시 중구 서소문동 122","136.43","41","특보 시 주말 공휴일 9시~18시 추가운영, 중대경보 시 평일 22시까지 연장운영","126.9742300","37.5616630","197723.15146234","551348.26509015"
"2026","1114054000","공공시설","복지?문화?체육시설","회현체육센터","서울특별시 중구 퇴계로12길 78 (회현동1가)","서울특별시 중구 회현동1가 115","80.00","10","휴관  매월 둘째주 넷째주 일요일, 명절(신정?구정?추석) 연휴, (대체)공휴일, 근로자의 날","126.9816295","37.5561479","198376.79748295","550736.00083579"
"2026","1114054000","특정계층이용시설","회원이용시설","회현경로당","서울특별시 중구 퇴계로12길 89 (회현동1가)","서울특별시 중구 회현동1가 147-19","286.00","40","","126.9819701","37.5558275","198406.88580278","550700.43442371"
"2026","1114054000","공공시설","공공청사","회현동주민센터","서울특별시 중구 퇴계로8길 46 (회현동1가)","서울특별시 중구 회현동1가 164","885.18","200","특보 시 주말 공휴일 9시~18시 추가운영, 중대경보 시 평일 22시까지 연장운영","126.9794086","37.5572999","198180.58856282","550863.89980498"
"2026","1114055000","공공시설","복지?문화?체육시설","시립서울청소년센터","서울특별시 중구 을지로11길 23 (청소년회관)","서울특별시 중구 수표동 27-2","","","","126.9905620","37.5674840","199166.19230278","551994.05744193"
"2026","1100000000","공공시설","복지?문화?체육시설","서울청소년센터","서울특별시 중구 을지로11길 23 (청소년회관)","서울특별시 중구 수표동 27-2","","","","126.9905620","37.5674840","199166.19230278","551994.05744193"
"2026","1114055000","공공시설","공공청사","명동주민센터","서울특별시 중구 퇴계로20나길 16 (명동주민센터 임시청사)","서울특별시 중구 남산동2가 43-1","189.09","20","특보 시 주말 공휴일 9시~18시 추가운영, 중대경보 시 평일 22시까지 연장운영","126.9852970","37.5582970","198700.89212803","550974.46838551"
"2026","1114055000","특정계층이용시설","회원이용시설","명동경로당","서울특별시 중구 퇴계로20길 25-26","서울특별시 중구 남산동2가 18-5","655.10","80","","126.9863726","37.5589950","198795.93977647","551051.92378668"
"2026","1114057000","특정계층이용시설","회원이용시설","필동경로당","서울특별시 중구 필동로 11","서울특별시 중구 필동2가 19-22","201.00","50","","126.9962394","37.5605451","199667.73595385","551223.88590038"
"2026","1120059000","특정계층이용시설","회원이용시설","효사랑(두산위브)경로당","서울특별시 성동구 행당로 27 (신금호두산위브 103동)","서울특별시 성동구 금호동1가 1818","74.00","20","","127.0223430","37.5559840","201974.21373113","550717.88590257"
"2026","1120059000","특정계층이용시설","회원이용시설","금호벽산(아)제1경로당","서울특별시 성동구 금호로 102 (벽산아파트 상가동)","서울특별시 성동구 금호동1가 633","360.00","40","","127.0271180","37.5521820","202396.25153214","550296.02030591"
"2026","1120059000","특정계층이용시설","회원이용시설","e편한세상금호파크힐스경로당","서울특별시 성동구 금호로 140 (이편한세상금호파크힐스 109동)","서울특별시 성동구 금호동1가 1823","162.00","40","","127.0229330","37.5549380","202026.37409189","550601.80492184"
"2026","1120059000","특정계층이용시설","회원이용시설","금호파크힐스(아)제2경로당","서울특별시 성동구 금호로 110 (이편한세상금호파크힐스 117동)","서울특별시 성동구 금호동1가 1824","43.70","25","","127.0245430","37.5530150","202168.69041556","550388.41081442"
"2026","1120059000","야외시설","공원","대현산배수지공원입구샘물창고","서울특별시 성동구 행당로 15 (금호동1가)","서울특별시 성동구 금호동1가 127-2","3.30","8","","127.0211300","37.5547300","201867.06508184","550578.68206369"
"2026","1120059000","공공시설","복지?문화?체육시설","금호도서관","서울특별시 성동구 난계로 20 (금호동1가)","서울특별시 성동구 금호동1가 688","50.00","12","화~일 09:00~18:00 ","127.0248592","37.5541021","202196.59885492","550509.07326365"
"2026","1120059000","공공시설","공공청사","금호1가동주민센터","서울특별시 성동구  행당로  15","서울특별시 성동구 금호동1가 127-2","350.93","10","","127.0217540","37.5547709","201922.20121189","550583.23405269"
"2026","1120059000","특정계층이용시설","회원이용시설","금난경로당","서울특별시 성동구 독서당로51길 10 (금호동1가)","서울특별시 성동구 금호동1가 1568-3","60.00","15","","127.0264390","37.5488518","202336.35640824","549926.39100533"
"2026","1120059000","특정계층이용시설","회원이용시설","금일경로당","서울특별시 성동구 금호로 172-1","서울특별시 성동구 금호동1가 1-72","80.00","20","","127.0223200","37.5570323","201972.15383797","550834.23424874"
"2026","1120061500","특정계층이용시설","회원이용시설","금호1차푸르지오경로당","서울특별시 성동구 금호산8길 5 (금호1차푸르지오아파트 101동)","서울특별시 성동구 금호동3가 917","50.00","15","","127.0208630","37.5506340","201843.57362268","550124.06981826"
"2026","1120061500","특정계층이용시설","회원이용시설","두산(아)경로당","서울특별시 성동구 동호로 100","서울특별시 성동구 금호동3가 1331","90.00","27","","127.0154690","37.5498130","201366.94402070","550032.85657945"
"2026","1120061500","특정계층이용시설","회원이용시설","금호하이리버(아)경로당","서울특별시 성동구 금호로 107 (래미안하이리버 101동)","서울특별시 성동구 금호동2가 1217","144.60","43","","127.0245430","37.5514080","202168.73698054","550210.05306136"
"2026","1120061500","특정계층이용시설","회원이용시설","하이리버2차(아)경로당","서울특별시 성동구 금호로 111 (하이리버 201동)","서울특별시 성동구 금호동2가 1216","82.00","24","","127.0232450","37.5521050","202054.02035646","550287.38255485"
"2026","1120061500","특정계층이용시설","회원이용시설","금북경로당","서울특별시 성동구 무수막길 87-4 (금복노인정)","서울특별시 성동구 금호동2가 464","63.00","19","","127.0201010","37.5536450","201776.16750088","550458.24007881"
"2026","1120061500","특정계층이용시설","회원이용시설","금호자이1차경로당","서울특별시 성동구 금호로 117 (금호자이1차 101동)","서울특별시 성동구 금호동2가 1215","103.00","31","","127.0221930","37.5529980","201961.03806606","550386.47239909"
"2026","1123057000","공공시설","공공청사","전농2동주민센터","서울특별시 동대문구 사가정로 137 (전농동)","서울특별시 동대문구 전농동 688-2","","","특보시 연장 추가 운영 검토","127.0600149","37.5780542","205301.31551994","553168.87843656"
"2026","1123057000","특정계층이용시설","회원이용시설","래미안아름숲아파트제2경로당","서울특별시 동대문구 전농로16길 51","서울특별시 동대문구 전농동 688","112.65","34","","127.0609820","37.5807810","205386.54623938","553471.57702233"
"2026","1123057000","특정계층이용시설","회원이용시설","SK아파트제2경로당","서울특별시 동대문구 전농로10길 111 (전농동, 전농SK아파트)","서울특별시 동대문구 전농동 10-1","92.00","27","","127.0627213","37.5772103","205540.44337630","553075.37138157"
"2026","1123057000","특정계층이용시설","회원이용시설","전농삼성아파트제2경로당","서울특별시 동대문구  전농로  190   (전농동, 전농동삼성아파트)","서울특별시 동대문구 전농동 155-1","37.80","11","","127.0555410","37.5814590","204905.89762882","553546.52922771"
"2026","1123057000","특정계층이용시설","회원이용시설","성너머경로당","서울특별시 동대문구 사가정로 191-1 (전농동)","서울특별시 동대문구 전농동 산 32-20","49.50","26","","127.0655966","37.5787493","205794.31181508","553246.35616418"
"2026","1123060000","공공시설","복지?문화?체육시설","답십리청소년독서실","서울특별시 동대문구 천호대로65길 17  (답십리동)","서울특별시 동대문구 답십리동 1009-2","","","","127.0490400","37.5709693","204332.27648357","552381.97371281"
"2026","1123060000","공공시설","복지?문화?체육시설","동대문구답십리도서관","서울특별시 동대문구 서울시립대로4길 75  (답십리동)","서울특별시 동대문구 답십리동 474-5","16.30","10","공휴일, 금요일 휴관","127.0504079","37.5731943","204452.98661201","552628.98686180"
"2026","1123060000","특정계층이용시설","회원이용시설","답십리래미안위브아파트경로당","서울특별시 동대문구 답십리로 130 (래미안위브101동)","서울특별시 동대문구 답십리동 1003","","35","","127.0539520","37.5720380","204766.14279342","552500.82481817"
"2026","1123060000","특정계층이용시설","회원이용시설","청계한신휴플러스아파트경로당","서울특별시 동대문구 서울시립대로 14 (청계한신휴플러스110동)","서울특별시 동대문구 답십리동 1002","","30","","127.0460190","37.5723550","204065.32090145","552535.63534263"
"2026","1123060000","특정계층이용시설","회원이용시설","답십리대우아파트제2경로당","서울특별시 동대문구 답십리로41길 33 (답십리동, 답십리대우아파트)","서울특별시 동대문구 답십리동 111","36.20","13","","127.0533282","37.5738877","204710.91951545","552706.08864807"
"2026","1123060000","공공시설","공공청사","답십리1동주민센터","서울특별시 동대문구 사가정로 30","서울특별시 동대문구 답십리동 477-9","","","특보시 연장 추가 운영 검토","127.0511750","37.5718670","204520.83174270","552481.70856923"
"2026","1123060000","특정계층이용시설","회원이용시설","쌈지공원경로당","서울특별시 동대문구 천호대로75길 57 (답십리동)","서울특별시 동대문구 답십리동 486-26","70.25","21","","127.0560908","37.5681775","204955.34107489","552072.46484614"
"2026","1123060000","특정계층이용시설","회원이용시설","답십리3동경로당","서울특별시 동대문구 황물로 30 (답십리동)","서울특별시 동대문구 답십리동 557-1","229.42","60","","127.0452064","37.5741917","203993.43769433","552739.45293877"
"2026","1123061000","공공시설","복지?문화?체육시설","동대문구체육관","서울특별시 동대문구 답십리로 210-3  (답십리동)","서울특별시 동대문구 답십리동 2-294","","","","127.0639799","37.5722968","205651.99230546","552530.10453199"
"2026","1123061000","공공시설","복지?문화?체육시설","답십리2청소년독서실","서울특별시 동대문구 답십리로56길 15  (답십리동)","서울특별시 동대문구 답십리동 990-3","","","","127.0594947","37.5721054","205255.78259299","552508.60101911"
"2026","1123061000","특정계층이용시설","회원이용시설","답십리파크자이아파트경로당","서울특별시 동대문구 답십리로56길 105 (답십리파크자이)","서울특별시 동대문구 답십리동 1014","","50","","127.0595210","37.5677320","205258.41339925","552023.20595466"
"2026","1123061000","특정계층이용시설","회원이용시설","답십리동아아파트경로당","서울특별시 동대문구 한천로11길 10-1 (동아아파트105동)","서울특별시 동대문구 답십리동 10","","40","","127.0617080","37.5693420","205451.50771974","552202.02181406"
"2026","1123061000","특정계층이용시설","회원이용시설","답십리대림e편한세상아파트경로당","서울특별시 동대문구 답십리로60길 38 (대림아파트102동)","서울특별시 동대문구 답십리동 808","","40","","127.0637180","37.5709180","205628.95979456","552377.05799973"
"2026","1129055500","특정계층이용시설","회원이용시설","삼선1SH빌(아)경로당","서울특별시 성북구 보문로29다길 25-9 (삼선1에스에이치빌)","서울특별시 성북구 삼선동3가 115","","","","127.0140710","37.5847110","201242.82746475","553906.10703661"
"2026","1129055500","특정계층이용시설","회원이용시설","삼선SK뷰(아)경로당","서울특별시 성북구 삼선교로16길 35 (삼선 SK VIEW 아파트 102동)","서울특별시 성북구 삼선동3가 116","","","","127.0117350","37.5877270","201036.45738469","554240.82050053"
"2026","1129055500","특정계층이용시설","회원이용시설","삼선현대힐스테이트(아)경로당","서울특별시 성북구 낙산길 243-15 (삼선현대힐스테이트 108동)","서울특별시 성북구 삼선동2가 420","","","","127.0142140","37.5822760","201255.49889707","553635.85167064"
"2026","1129055500","특정계층이용시설","회원이용시설","삼선푸르지오(아)경로당","서울특별시 성북구 보문로29다길 31 (삼선푸르지오 관리사무실)","서울특별시 성북구 삼선동3가 115-2","","","","127.0136060","37.5845060","201201.75942389","553883.34831663"
"2026","1129055500","특정계층이용시설","회원이용시설","삼선코오롱(아)경로당","서울특별시 성북구 삼선교로23길 23 (코오롱 아파트)","서울특별시 성북구 삼선동4가 73","","","","127.0127240","37.5903600","201123.76814741","554533.06516070"
"2026","1129055500","특정계층이용시설","회원이용시설","돈암동일하이빌(아)경로당","서울특별시 성북구 보문로38길 11 (돈암동일하이빌 102동)","서울특별시 성북구 동소문동5가 120","","","","127.0147390","37.5916190","201301.70856080","554672.82601707"
"2026","1129055500","공공시설","복지?문화?체육시설","장수마을주민공동이용시설","서울특별시 성북구 삼선교로4길 152 (삼선동1가)","서울특별시 성북구 삼선동1가 300-6","47.41","15","","127.0089510","37.5817231","200790.63273662","553574.42876809"
"2026","1129055500","공공시설","복지?문화?체육시설","곰세마리도서관","서울특별시 성북구 삼선교로 54 (삼선동3가)","서울특별시 성북구 삼선동3가 5-1","66.00","12","매월 4주 월요일 휴관","127.0118129","37.5885524","201043.32613889","554332.43143445"
"2026","1129055500","특정계층이용시설","회원이용시설","삼선실버복지센터","서울특별시 성북구 삼선교로18길 41","서울특별시 성북구 삼선동5가 2-2","200.00","542","","127.0140550","37.5891480","201241.34057218","554398.56357886"
"2026","1129055500","공공시설","공공청사","삼선동주민센터","서울특별시 성북구 보문로 190","서울특별시 성북구 삼선동4가 349-1","637.00","50","","127.0145000","37.5908970","201280.61309910","554592.68884878"
"2026","1129055500","특정계층이용시설","회원이용시설","삼선동제1경로당","서울특별시 성북구 동소문로8길 10 (동소문동2가)","서울특별시 성북구 동소문동2가 291","","","","127.0095850","37.5893808","200846.54658906","554424.35207187"
"2026","1129055500","특정계층이용시설","회원이용시설","삼선동제2경로당","서울특별시 성북구 보문로29길 86","서울특별시 성북구 삼선동3가 68-2","","","","127.0136244","37.5864345","201203.35357233","554097.39016001"
"2026","1129055500","특정계층이용시설","회원이용시설","한성경로당","서울특별시 성북구 삼선교로4길 50 (삼선동1가)","서울특별시 성북구 삼선동1가 11-155","","","","127.0071056","37.5855597","200627.59822028","554000.23375089"
"2026","1129055500","생활밀착민간시설","금융기관","서울누리새마을금고고문(본점)","서울특별시 성북구 동소문로 28-1 (동소문동2가)","서울특별시 성북구 동소문동2가 245","50.00","5","","127.0091924","37.5895747","200811.87007584","554445.86931936"
"2026","1129055500","생활밀착민간시설","금융기관","서울미래새마을금고(제1지점)","서울특별시 성북구 삼선교로 40-1","서울특별시 성북구 삼선동2가 119","50.00","5","","127.0101993","37.5881539","200900.81631231","554288.18573766"
"2026","1129055500","생활밀착민간시설","금융기관","서울미래새마을금고(제2지점)","서울특별시 성북구 보문로38길 11","서울특별시 성북구 동소문동5가 120","50.00","5","","127.0141637","37.5915422","201250.90090809","554664.29426239"
"2026","1129057500","특정계층이용시설","회원이용시설","동소문동2차한신휴(아)경로당","서울특별시 성북구 동소문로15길 99 (한신휴아파트 119동)","서울특별시 성북구 동소문동7가 23","","","","127.0143450","37.5952980","201266.84918061","555081.14842012"
"2026","1129057500","공공시설","복지?문화?체육시설","청년공간동선이음","서울특별시 성북구 아리랑로 50 (동선동5가)","서울특별시 성북구 동선동5가 147-10","117.96","20","매주 일요일, 월요일 정기 휴관 ","127.0150986","37.5972575","201333.36685040","555298.64150817"
"2026","1114057000","공공시설","공공청사","필동주민센터","서울특별시 중구 퇴계로36길 42","서울특별시 중구 필동2가 78-2","943.68","30","특보 시 주말 공휴일 9시~18시 추가운영, 중대경보 시 평일 22시까지 연장운영","126.9955807","37.5601546","199609.53513727","551180.54755101"
"2026","1114058000","생활밀착민간시설","종교시설","신광교회","서울특별시 중구 동호로27길 36 (신광교회)","서울특별시 중구 묵정동 23-4","","","","127.0021020","37.5609520","200185.71909448","551269.04242100"
"2026","1114058000","생활밀착민간시설","종교시설","남산다눔교회다눔카페","서울특별시 중구 동호로25길 33","서울특별시 중구 장충동2가 193-69","","","(토) 10:00~17:00/ (일) 13:30~17:00","127.0013630","37.5591980","200120.42866786","551074.36796969"
"2026","1114058000","생활밀착민간시설","종교시설","장충단교회","서울특별시 중구 동호로30길 20","서울특별시 중구 장충동2가 186-213","","","","127.0040390","37.5608200","200356.86048816","551254.39757171"
"2026","1114058000","공공시설","복지?문화?체육시설","장충문화체육센터","서울특별시 중구 퇴계로50길 59 (장충공영주차장)","서울특별시 중구 장충동2가 193-39","50.00","15","매월 2,4주 일요일 및 공휴일 휴무","127.0014440","37.5599220","200127.58423606","551154.72350361"
"2026","1114058000","특정계층이용시설","회원이용시설","장충경로당","서울특별시 중구 동호로25길 38 (장충동2가)","서울특별시 중구 장충동2가 193-114","236.46","40","","127.0015723","37.5594476","200138.92102923","551102.07090180"
"2026","1114058000","특정계층이용시설","회원이용시설","공원장충경로당","서울특별시 중구 동호로 257-10","서울특별시 중구 장충동2가 197","425.76","50","","127.0038870","37.5585110","200343.44132786","550998.12534180"
"2026","1114058000","공공시설","공공청사","장충동주민센터","서울특별시 중구 장충단로8길 22","서울특별시 중구 장충동1가 37-14","60.00","18","특보 시 주말 공휴일 9시~18시 운영","127.0078704","37.5619114","200695.36861058","551375.55153277"
"2026","1114059000","공공시설","복지?문화?체육시설","중구구민회관","서울특별시 중구 을지로39길 40 (을지로6가)","서울특별시 중구 을지로6가 18-14","105.00","11","","127.0061091","37.5686023","200539.70528145","552118.15135157"
"2026","1114059000","공공시설","공공청사","중구청","서울특별시 중구 창경궁로 17 (예관동)","서울특별시 중구 예관동 120-1","50.00","15","폭염특보 시 24시간 운영","126.9980697","37.5637821","199829.45765577","551583.14983386"
"2026","1114059000","특정계층이용시설","회원이용시설","묵정경로당","서울특별시 중구 퇴계로45길 32-12","서울특별시 중구 충무로5가 21","195.17","50","","126.9997340","37.5638800","199976.49888401","551594.01386437"
"2026","1114059000","공공시설","공공청사","광희동주민센터","서울특별시 중구 퇴계로 303-9","서울특별시 중구 광희동1가 252","225.06","30","특보 시 주말 공휴일 9시~18시 추가운영, 중대경보 시 평일 22시까지 연장운영","127.0049860","37.5644512","200440.51003653","551657.42200232"
"2026","1114059000","특정계층이용시설","회원이용시설","광희경로당","서울특별시 중구 퇴계로 303-9","서울특별시 중구 광희동1가 252","254.12","30","","127.0050323","37.5644485","200444.60062913","551657.12255207"
"2026","1114060500","공공시설","공공청사","을지로동주민센터","서울특별시 중구 을지로 117","서울특별시 중구 을지로3가 65-8","30.00","10","특보 시 주말 공휴일 9시~18시 추가운영, 중대경보 시 평일 22시까지 연장운영","126.9909720","37.5666830","199202.40554187","551905.15225399"
"2026","1114060500","특정계층이용시설","회원이용시설","을지경로당","서울특별시 중구 을지로28길 16 (을지경노당)","서울특별시 중구 을지로4가 178-1","204.65","45","","126.9988890","37.5659950","199901.84585823","551828.75458173"
"2026","1114061500","공공시설","복지?문화?체육시설","충무아트센터","서울특별시 중구 퇴계로 387 (흥인동)","서울특별시 중구 흥인동 131","130.00","27","","127.0147874","37.5658373","201306.43350130","551811.35393345"
"2026","1114061500","공공시설","복지?문화?체육시설","신당누리도서관","서울특별시 중구 다산로33길 3 (신당동)","서울특별시 중구 신당동 300-6","468.00","117","일요일, 공휴일 휴관","127.0145763","37.5620989","201287.84764396","551396.43257249"
"2026","1114061500","공공시설","복지?문화?체육시설","충무스포츠센터","서울특별시 중구 퇴계로 387 (흥인동)","서울특별시 중구 흥인동 131","130.00","27","휴관일 : 매월 둘째주 넷째주 일요일, 명절(신정?구정?추석) 연휴, (대체)공휴일, 근로자의 날","127.0147874","37.5658373","201306.43350130","551811.35393345"
"2026","1120061500","특정계층이용시설","회원이용시설","금호자이2차경로당","서울특별시 성동구 금호산8길 14 (금호자이2차 106동)","서울특별시 성동구 금호동3가 700","97.00","29","","127.0220540","37.5503280","201948.82514128","550090.13151588"
"2026","1120061500","특정계층이용시설","회원이용시설","신금호파크자이(아)경로당","서울특별시 성동구 금호로 173 (신금호파크자이 106동)","서울특별시 성동구 금호동2가 1","184.90","56","","127.0185350","37.5558390","201637.74436436","550701.71946717"
"2026","1120061500","특정계층이용시설","회원이용시설","신금호경로당","서울특별시 성동구 무수막10길 4 (금호동2가)","서울특별시 성동구 금호동2가 732","32.40","21","","127.0219004","37.5516097","201935.21897471","550232.38166134"
"2026","1120061500","공공시설","공공청사","금호2-3가동주민센터","서울특별시 성동구 무수막18길 1","서울특별시 성동구 금호동2가 1212","80.00","7","","127.0209160","37.5531853","201848.19400308","550407.23458580"
"2026","1120061500","특정계층이용시설","회원이용시설","금남경로당","서울특별시 성동구 금호산길 5-15","서울특별시 성동구 금호동3가 1266","97.00","29","","127.0189680","37.5492663","201676.15124447","549972.23608500"
"2026","1120061500","특정계층이용시설","회원이용시설","금호3가경로당","서울특별시 성동구 장터3길 1","서울특별시 성동구 금호동3가 905","86.00","26","","127.0198570","37.5484950","201754.72786983","549886.64729323"
"2026","1120062000","공공시설","복지?문화?체육시설","금호스포츠센터","서울특별시 성동구 금호로 20","서울특별시 성동구 금호동4가 56","2,193.00","15","","127.0251860","37.5456410","202225.72700999","549570.00056027"
"2026","1120062000","특정계층이용시설","회원이용시설","금호대우(아)경로당","서울특별시 성동구 독서당로 272 (금호동 대우아파트 유치원)","서울특별시 성동구 금호동4가 800","132.00","40","","127.0197360","37.5462960","201744.08654764","549642.58258064"
"2026","1120062000","특정계층이용시설","회원이용시설","금호대우제2(아)경로당","서울특별시 성동구 독서당로 272 (금호동 대우아파트 유치원)","서울특별시 성동구 금호동4가 800","100.00","30","","127.0195650","37.5459890","201728.98222734","549608.50613462"
"2026","1120062000","특정계층이용시설","회원이용시설","금호브라운스톤경로당","서울특별시 성동구 매봉길 24 (브라운스톤금호 101동)","서울특별시 성동구 금호동4가 1507","100.00","30","","127.0160030","37.5465850","201414.19280619","549674.59538842"
"2026","1120062000","특정계층이용시설","회원이용시설","서울숲푸르지오(아)경로당","서울특별시 성동구 금호로 15 (서울숲푸르지오아파트 103동)","서울특별시 성동구 금호동4가 340","266.00","36","","127.0227830","37.5447980","202013.39273413","549476.38359655"
"2026","1120062000","특정계층이용시설","회원이용시설","금호롯데캐슬(아)경로당","서울특별시 성동구 동호로 84 (롯데아파트 노인정 관리 사무소)","서울특별시 성동구 금호동4가 1250","79.00","25","","127.0168500","37.5466870","201489.04057517","549685.92923326"
"2026","1120062000","특정계층이용시설","회원이용시설","서울숲푸르지오2차경로당","서울특별시 성동구 금호로 17 (서울숲2차푸르지오 206동)","서울특별시 성동구 금호동4가 235","124.00","35","","127.0245210","37.5463210","202166.94021444","549645.45680162"
"2026","1120062000","특정계층이용시설","회원이용시설","무쇠막경로당","서울특별시 성동구 금호로3길 11 (서울숲2차푸르지오 212동)","서울특별시 성동구 금호동4가 235-1","60.00","18","","127.0239420","37.5474530","202115.74153042","549771.08194290"
"2026","1123061000","특정계층이용시설","회원이용시설","동답한신아파트경로당","서울특별시 동대문구 답십리로 210-30 (동답한신아파트)","서울특별시 동대문구 답십리동 42","","35","","127.0625790","37.5708100","205528.34651062","552365.00363340"
"2026","1123061000","특정계층이용시설","회원이용시설","래미안엘파인아파트경로당","서울특별시 동대문구 한천로33길 11 (래미안엘파인아파트관리동)","서울특별시 동대문구 답십리동 1000-1","","30","","127.0668510","37.5756110","205905.36395592","552898.11902531"
"2026","1123061000","특정계층이용시설","회원이용시설","중산경로당","서울특별시 동대문구 답십리로48길 54 (답십리동)","서울특별시 동대문구 답십리동 36-31","247.90","60","","127.0576411","37.5703630","205092.15353399","552315.11277873"
"2026","1123061000","특정계층이용시설","회원이용시설","청솔우성아파트제2경로당","서울특별시 동대문구  답십리로57길  53   (답십리동, 답십리청솔우성아파트)","서울특별시 동대문구 답십리동 80-1","77.00","25","","127.0610140","37.5752420","205389.77204206","552856.81342890"
"2026","1123061000","특정계층이용시설","회원이용시설","동아아파트제2경로당","서울특별시 동대문구 한천로11길 10","서울특별시 동대문구 답십리동 10-1","70.00","21","","127.0611080","37.5682000","205398.58396854","552075.23848107"
"2026","1123061000","특정계층이용시설","회원이용시설","답십리사랑경로당","서울특별시 동대문구 답십리로60길 70 (답십리동)","서울특별시 동대문구 답십리동 2-113","36.30","20","","127.0633999","37.5700972","205600.91974448","552285.93972735"
"2026","1123061000","특정계층이용시설","회원이용시설","두산아파트제2경로당","서울특별시 동대문구 답십리로56길 21-1 (답십리동, 두산아파트)","서울특별시 동대문구 답십리동 990-1","100.50","30","","127.0593631","37.5689747","205244.37651283","552161.12234111"
"2026","1123061000","공공시설","공공청사","답십리2동주민센터","서울특별시 동대문구 한천로11길 18","서울특별시 동대문구 답십리동 10-2","","","특보시 연장 추가 운영 검토","127.0612090","37.5673120","205407.57100526","551976.68665129"
"2026","1123065000","공공시설","복지?문화?체육시설","동대문구민체육센터","서울특별시 동대문구 장안벚꽃로 67  (장안동)","서울특별시 동대문구 장안동 356","","","","127.0734928","37.5664574","206492.87005723","551882.61380388"
"2026","1123065000","특정계층이용시설","회원이용시설","장수경로당(신부파스카아파트)","서울특별시 동대문구 장한로12길 35 (신부파스카아파트 501동 501동)","서울특별시 동대문구 장안동 563","","15","","127.0699630","37.5655180","206181.10031562","551778.11337501"
"2026","1123065000","공공시설","공공청사","장안1동주민센터","서울특별시 동대문구 한천로18길 52 (장안1동주민센터)","서울특별시 동대문구 장안동 395-3","350.00","30","특보시 연장 추가 운영 검토","127.0665060","37.5678070","205875.50099865","552031.94386726"
"2026","1123065000","특정계층이용시설","회원이용시설","샛별경로당","서울특별시 동대문구 장한로17길 20","서울특별시 동대문구 장안동 379","140.04","37","","127.0674350","37.5680650","205957.55336214","552060.63734751"
"2026","1123065000","특정계층이용시설","회원이용시설","안골경로당","서울특별시 동대문구 천호대로77다길 20","서울특별시 동대문구 장안동 402","155.60","38","","127.0643460","37.5654010","205684.85769630","551764.77313764"
"2026","1123065000","특정계층이용시설","회원이용시설","미나리경로당","서울특별시 동대문구 천호대로87길 43","서울특별시 동대문구 장안동 449","240.57","50","","127.0679400","37.5636740","206002.51997742","551573.31986583"
"2026","1123065000","공공시설","복지?문화?체육시설","장안종합사회복지관","서울특별시 동대문구 한천로18길 48","서울특별시 동대문구 장안동 395-2","400.00","30","","127.0661585","37.5679618","205844.78886343","552049.10319159"
"2026","1123066000","공공시설","복지?문화?체육시설","동대문청소년독서실","서울특별시 동대문구 장한로 191 (동대문구청소년독서실)","서울특별시 동대문구 장안동 300","","","","127.0709140","37.5771640","206264.14392738","553070.74728964"
"2026","1123066000","특정계층이용시설","회원이용시설","정은스카이빌아파트경로당","서울특별시 동대문구 답십리로69길 99 (장안동정은스카이빌아파트 101동)","서울특별시 동대문구 장안동 327","","15","","127.0738680","37.5769160","206525.10535092","553043.42319171"
"2026","1123066000","공공시설","공공청사","장안2동주민센터","서울특별시 동대문구 사가정로 230-1","서울특별시 동대문구 장안동 286-3","180.30","54","특보시 연장 추가 운영 검토","127.0705950","37.5784870","206235.85492508","553217.56388744"
"2026","1129057500","특정계층이용시설","회원이용시설","성북시각장애인경로당","서울특별시 성북구 동소문로25길 6-10","서울특별시 성북구 동선동4가 294","","","","127.0191057","37.5949886","201687.28760223","555046.88335037"
"2026","1129057500","특정계층이용시설","회원이용시설","동선동희망경로당","서울특별시 성북구 아리랑로4길 49-1","서울특별시 성북구 동선동5가 71-1","","","","127.0182832","37.5958747","201614.63075822","555145.21609948"
"2026","1129057500","특정계층이용시설","회원이용시설","성신경로당","서울특별시 성북구 보문로32길 80-5","서울특별시 성북구 동선동2가 273","","","","127.0207410","37.5902848","201831.82165032","554524.84494410"
"2026","1129057500","공공시설","공공청사","동선동주민센터","서울특별시 성북구 동소문로26길 27","서울특별시 성북구 동선동3가 130-7","159.70","80","","127.0203940","37.5939410","201801.08688875","554930.63538985"
"2026","1129057500","특정계층이용시설","회원이용시설","동선동제1경로당","서울특별시 성북구 동소문로28길 40","서울특별시 성북구 동선동3가 40-4","","","","127.0207160","37.5956960","201829.48120778","555125.42700219"
"2026","1129057500","특정계층이용시설","회원이용시설","동선동제2경로당","서울특별시 성북구 아리랑로 27-3","서울특별시 성북구 동소문동6가 239","","","","127.0155860","37.5952750","201376.44596834","555078.61314127"
"2026","1129057500","공공시설","복지?문화?체육시설","성북시각장애인복지관","서울특별시 성북구 동소문로25가길 20 (동선동4가)","서울특별시 성북구 동선동4가 279-1","554.60","191","","127.0192078","37.5953640","201696.29586978","555088.55039707"
"2026","1129057500","생활밀착민간시설","금융기관","국민은행돈암동지점","서울특별시 성북구 동소문로 114","서울특별시 성북구 동선동1가 117","50.00","5","","127.0176486","37.5930247","201558.64723753","554828.88724733"
"2026","1129057500","생활밀착민간시설","금융기관","새마을금고삼선(본점)","서울특별시 성북구 아리랑로 16","서울특별시 성북구 동선동4가 53","50.00","5","공휴일 미운영","127.0164414","37.5942534","201452.00873427","554965.23984002"
"2026","1129058000","특정계층이용시설","회원이용시설","금호어울림경로당","서울특별시 성북구 동소문로34길 73 (길음역금호어울림센터힐)","서울특별시 성북구 돈암동 643","","","","127.0227550","37.6008050","202009.41294461","555692.51091871"
"2026","1129058000","특정계층이용시설","회원이용시설","돈암동부센트레빌(아)경로당","서울특별시 성북구 정릉로 388 (동부센트레빌아파트 101동)","서울특별시 성북구 돈암동 633","","","","127.0263000","37.6023500","202322.41123698","555864.07061999"
"2026","1129058000","특정계층이용시설","회원이용시설","돈암1동현대(아)경로당","서울특별시 성북구 정릉로 404 (돈암현대아파트 105동)","서울특별시 성북구 돈암동 1","","","","127.0295280","37.6040940","202607.39765356","556057.72014803"
"2026","1129058000","특정계층이용시설","회원이용시설","돈암1동풍림(아)제2경로당","서울특별시 성북구 북악산로 898 (풍림아파트)","서울특별시 성북구 돈암동 632-1","","","","127.0219750","37.5970660","201940.63103387","555277.50700462"
"2026","1129058000","특정계층이용시설","회원이용시설","돈암1동풍림(아)경로당","서울특별시 성북구 동소문로34길 24 (돈암동 삼성아파트 105동)","서울특별시 성북구 돈암동 15-1","","","","127.0226380","37.5984600","201999.14383480","555432.23941232"
"2026","1129058000","특정계층이용시설","회원이용시설","돈암1동삼성(아)제2경로당","서울특별시 성북구 동소문로34길 24 (돈암동 삼성아파트 105동)","서울특별시 성북구 돈암동 15-1","","","","127.0235960","37.5999310","202083.70303305","555595.52492228"
"2026","1129058000","특정계층이용시설","회원이용시설","돈암1동삼성(아)제1경로당","서울특별시 성북구 동소문로34길 24 (돈암동 삼성아파트 106동)","서울특별시 성북구 돈암동 15-1","","","","127.0232500","37.5985060","202053.18780640","555437.35810598"
"2026","1129058000","특정계층이용시설","회원이용시설","돈암1동범양(아)경로당","서울특별시 성북구 정릉로 402-16 (범양아파트 105동)","서울특별시 성북구 돈암동 631","","","","127.0281400","37.6031890","202484.86381582","555957.23747180"
"2026","1129058000","공공시설","공공청사","돈암1동주민센터","서울특별시 성북구 정릉로 392","서울특별시 성북구 돈암동 1-1","740.00","50","","127.0263220","37.6034570","202324.31949666","555986.93596403"
"2026","1114061500","공공시설","공공청사","신당동주민센터","서울특별시 중구 다산로33길 3 (신당동)","서울특별시 중구 신당동 300-6","550.00","50","특보 시 주말 공휴일 9시~18시 추가운영, 중대경보 시 평일 22시까지 연장운영","127.0145515","37.5621050","201285.65640546","551397.10926102"
"2026","1114061500","특정계층이용시설","회원이용시설","신당경로당","서울특별시 중구 다산로29길 10 (신당동)","서울특별시 중구 신당동 304-738","662.90","37","","127.0134947","37.5610295","201192.30298488","551277.72752329"
"2026","1114061500","특정계층이용시설","회원이용시설","신일경로당","서울특별시 중구 청구로 121","서울특별시 중구 신당동 393-9","577.70","50","","127.0101967","37.5626078","200900.89437860","551452.86347742"
"2026","1114062500","공공시설","복지?문화?체육시설","다산성곽도서관","서울특별시 중구 동호로17길 173 (신당동)","서울특별시 중구 신당동 432-612","975.00","243","월요일, 공휴일 휴관","127.0043243","37.5517319","200382.11419419","550245.72776801"
"2026","1114062500","공공시설","복지?문화?체육시설","가온도서관","서울특별시 중구 동호로14길 18 (신당동)","서울특별시 중구 신당동 425-11","966.00","241","월요일, 공휴일 휴관","127.0108465","37.5563698","200958.38511983","550760.52577448"
"2026","1114062500","특정계층이용시설","회원이용시설","장수경로당","서울특별시 중구 동호로11다길 18","서울특별시 중구 신당동 353-47","444.00","30","","127.0070570","37.5519585","200623.58571454","550270.89226919"
"2026","1114062500","공공시설","복지?문화?체육시설","신당종합사회복지관","서울특별시 중구 동호로11길 22","서울특별시 중구 신당동 361-18","97.26","50","","127.0095547","37.5544522","200844.26468877","550547.68264354"
"2026","1114062500","특정계층이용시설","회원이용시설","다산경로당","서울특별시 중구 동호로12길 97","서울특별시 중구 신당동 386-66","452.00","30","","127.0120608","37.5595449","201065.63414981","551112.93725772"
"2026","1114062500","특정계층이용시설","회원이용시설","충현경로당","서울특별시 중구 동호로17나길 5-4","서울특별시 중구 신당동 828-5","284.00","30","","127.0056789","37.5544732","200501.79423655","550549.98564322"
"2026","1114062500","공공시설","공공청사","다산동주민센터","서울특별시 중구 동호로15길 50","서울특별시 중구 신당동 432-24","85.00","30","특보 시 주말 공휴일 9시~18시 추가운영, 중대경보 시 평일 22시까지 연장운영","127.0083084","37.5542653","200734.14196741","550526.92851151"
"2026","1114063500","생활밀착민간시설","종교시설","약수교회","서울특별시 중구 다산로8길 32 (대한예수교장로회약수교회)","서울특별시 중구 신당동 372-87","","","","127.0110660","37.5525080","200977.83036139","550331.91433369"
"2026","1114063500","공공시설","복지?문화?체육시설","중구청소년센터","서울특별시 중구 동호로5길 19 (중구청소년센터)","서울특별시 중구 신당동 844-5","","","매월 둘째주 일요일 휴관","127.0125840","37.5518400","201111.97606168","550257.79120891"
"2026","1114063500","공공시설","복지?문화?체육시설","남산타운어린이도서관","서울특별시 중구 다산로 32 (신당동, 남산타운)","서울특별시 중구 신당동 844-1","274.00","68","평  일 9:00~22:00(1,3,5주 월요일 휴관) 토요일 9:00~18:00 일요일 9:00~18:00 (2,4주 일요일, 공휴일 휴관)","127.0119000","37.5496000","201051.56636593","550009.17023390"
"2026","1114063500","공공시설","공공청사","중구시설관리공단","서울특별시 중구 동호로8다길 22 (신당동)","서울특별시 중구 신당동 349-234","60.00","10","","127.0133663","37.5522000","201181.09775485","550297.75643634"
"2026","1114063500","특정계층이용시설","회원이용시설","약수노인종합복지관","서울특별시 중구 다산로6길 11 (신당동)","서울특별시 중구 신당동 366-18","76.00","20","","127.0092108","37.5524799","200813.89872309","550328.77789042"
"2026","1114063500","공공시설","공공청사","약수동주민센터","서울특별시 중구 다산로 92","서울특별시 중구 신당동 366-15","1,317.00","200","특보 시 주말 공휴일 9시~18시 추가운영, 중대경보 시 평일 22시까지 연장운영","127.0089583","37.5524756","200791.58697936","550328.29848575"
"2026","1114063500","특정계층이용시설","회원이용시설","동호경로당","서울특별시 중구 동호로8길 42-22","서울특별시 중구 신당동 349-120","144.00","60","","127.0130250","37.5524119","201150.93591347","550321.27056508"
"2026","1114063500","특정계층이용시설","회원이용시설","약수경로당","서울특별시 중구 다산로10길 10-10 (약수노인정)","서울특별시 중구 신당동 368-81","177.00","70","","127.0102120","37.5532410","200902.35910451","550413.26002182"
"2026","1120062000","특정계층이용시설","회원이용시설","힐스테이트서울숲리버경로당","서울특별시 성동구 독서당로 344 (힐스테이트 서울숲리버 104동)","서울특별시 성동구 금호동4가 1553","260.00","27","","127.0266670","37.5472820","202356.55368718","549752.16781907"
"2026","1120062000","야외시설","정자?파고라 등","금호나들목샘물창고","","서울특별시 성동구 금호동4가 1523-2","3.30","5","","127.0244000","37.5437000","202156.32284037","549354.55476702"
"2026","1120062000","공공시설","복지?문화?체육시설","금호독서당(책마루)","서울특별시 성동구 금호로 30","서울특별시 성동구 금호동4가 56","786.00","50","※ 평일 9시~21시, 주말 9시~18시 운영  8월15일(금) 휴관","127.0251460","37.5456162","202222.19288225","549567.24711421"
"2026","1120062000","특정계층이용시설","회원이용시설","금강경로당","서울특별시 성동구  독서당로47가길  16-19","서울특별시 성동구 금호동4가 1168-1","116.00","35","","127.0190920","37.5476445","201687.14534508","549792.23804370"
"2026","1120062000","특정계층이용시설","회원이용시설","정우회경로당","서울특별시 성동구 금호로3길 18-60","서울특별시 성동구 금호동4가 154-3","73.00","21","","127.0248860","37.5478147","202199.15167271","549811.24794204"
"2026","1120062000","공공시설","공공청사","금호4가동주민센터","서울특별시 성동구  독서당로46길  26","서울특별시 성동구 금호동4가 803","295.00","11","","127.0223510","37.5471484","201975.15376002","549737.24040550"
"2026","1120064500","특정계층이용시설","회원이용시설","옥수리버젠제2경로당","서울특별시 성동구 매봉길 17 (래미안 옥수 리버젠 203동)","서울특별시 성동구 옥수동 562","108.24","32","","127.0151120","37.5460660","201335.46396583","549616.97963393"
"2026","1120064500","특정계층이용시설","회원이용시설","옥수리버젠제1경로당","서울특별시 성동구 매봉길 15 (래미안 옥수 리버젠 104동)","서울특별시 성동구 옥수동 561","193.70","46","","127.0154880","37.5449600","201368.71171808","549494.23242894"
"2026","1120064500","특정계층이용시설","회원이용시설","유정경로당","서울특별시 성동구 한림말길 50 (옥수하이츠아파트 관리실)","서울특별시 성동구 옥수동 100","96.00","29","","127.0161420","37.5408680","201426.58523553","549040.07988311"
"2026","1120064500","특정계층이용시설","회원이용시설","옥수파크경로당","서울특별시 성동구 매봉길 50","서울특별시 성동구 옥수동 528","178.00","29","","127.0143500","37.5480650","201268.09132884","549838.83394411"
"2026","1120064500","특정계층이용시설","회원이용시설","옥수힐스경로당","서울특별시 성동구 매봉길 50","서울특별시 성동구 옥수동 528-1","126.00","38","","127.0125050","37.5470870","201105.06545193","549730.26445922"
"2026","1120064500","특정계층이용시설","회원이용시설","옥수삼성(아)경로당","서울특별시 성동구 독서당로 218 (옥수삼성아파트 102동)","서울특별시 성동구 옥수동 250","81.00","20","","127.0135780","37.5421610","201199.96529579","549183.55132386"
"2026","1120064500","특정계층이용시설","회원이용시설","한림정경로당","서울특별시 성동구 독서당로 218 (옥수삼성아파트 유치원)","서울특별시 성동구 옥수동 250","81.00","24","","127.0144900","37.5423490","201280.56072193","549204.42906616"
"2026","1120064500","특정계층이용시설","회원이용시설","극동(아)경로당","서울특별시 성동구 독서당로 191 (옥수동극동아파트 노인정,관리사무실)","서울특별시 성동구 옥수동 428","111.00","29","","127.0116140","37.5441950","201026.36753011","549409.27736102"
"2026","1120064500","특정계층이용시설","회원이용시설","옥수풍림(아)경로당","서울특별시 성동구 뚝섬로 51 (옥수강변풍림아이원 101동)","서울특별시 성동구 옥수동 60","46.00","13","","127.0189420","37.5419230","201674.01789201","549157.21819550"
"2026","1123065000","특정계층이용시설","회원이용시설","장평경로당","서울특별시 동대문구 한천로28길 27","서울특별시 동대문구 장안동 143-26","181.40","50","","127.0684290","37.5732910","206044.94603941","552640.72614858"
"2026","1123065000","특정계층이용시설","회원이용시설","근린경로당","서울특별시 동대문구 장한로 191","서울특별시 동대문구 장안동 300","118.80","36","","127.0712290","37.5771360","206291.97161549","553067.66065981"
"2026","1123066000","특정계층이용시설","회원이용시설","늘봄경로당","서울특별시 동대문구 장한로26나길 6","서울특별시 동대문구 장안동 343","220.30","60","","127.0725760","37.5713090","206411.45762358","552421.02197314"
"2026","1123070500","공공시설","복지?문화?체육시설","동대문구정보화도서관","서울특별시 동대문구 회기로10길 60  (청량리동)","서울특별시 동대문구 청량리동 206-19","3,094.00","250","","127.0470868","37.5896924","204158.68595334","554459.93536475"
"2026","1123070500","특정계층이용시설","회원이용시설","홍릉동부센트레빌아파트경로당","서울특별시 동대문구 홍릉로10길 48 (홍릉동부아파트)","서울특별시 동대문구 청량리동 212","","38","","127.0461920","37.5861310","204079.85198001","554064.62095779"
"2026","1123070500","특정계층이용시설","회원이용시설","청량리미주아파트경로당","서울특별시 동대문구 약령시로 154 (미주아파트)","서울특별시 동대문구 청량리동 235-11","","15","","127.0456920","37.5823630","204035.89350428","553646.39418847"
"2026","1123070500","특정계층이용시설","회원이용시설","홍릉경로당","서울특별시 동대문구 제기로23길 10 (청량리동)","서울특별시 동대문구 청량리동 203-286","59.40","18","","127.0427737","37.5872027","203777.88062895","554183.42455065"
"2026","1123070500","특정계층이용시설","회원이용시설","청량한신아파트경로당","서울특별시 동대문구 제기로 129 (청량리동, 한신아파트)","서울특별시 동대문구 청량리동 59","148.50","45","","127.0477545","37.5877319","204217.76756067","554242.37175491"
"2026","1123070500","공공시설","공공청사","청량리동주민센터","서울특별시 동대문구 왕산로 239 (청량리동)","서울특별시 동대문구 청량리동 235-6","50.00","20","특보시 연장 추가 운영 검토","127.0483875","37.5831770","204273.93572891","553736.85813199"
"2026","1123070500","특정계층이용시설","회원이용시설","홍릉동부아파트제2경로당","서울특별시 동대문구 제기로26길 26 (청량리동, 동부센트레빌아파트)","서울특별시 동대문구 청량리동 213","57.60","17","","127.0450777","37.5853472","203981.47453432","553977.58023163"
"2026","1123070500","특정계층이용시설","회원이용시설","시립동대문노인종합복지관","서울특별시 동대문구 제기로33길 25","서울특별시 동대문구 청량리동 11-1","96.00","40","","127.0499060","37.5871820","204407.82453973","554181.43785563"
"2026","1123070500","특정계층이용시설","회원이용시설","청량경로당","서울특별시 동대문구 왕산로43다길 5 (청량리동)","서울특별시 동대문구 청량리동 57-6","290.60","40","","127.0472583","37.5862632","204174.02424875","554079.34050707"
"2026","1123071000","공공시설","공공청사","회기동주민센터","서울특별시 동대문구 회기로25길 12-1 (회기동)","서울특별시 동대문구 회기동 347-9","","","특보시 연장 추가 운영 검토","127.0553551","37.5907989","204888.86633529","554583.14264375"
"2026","1123071000","특정계층이용시설","회원이용시설","회기동경로당","서울특별시 동대문구 이문로3길 54","서울특별시 동대문구 회기동 64-17","148.50","45","","127.0520380","37.5907110","204595.91120547","554573.21924698"
"2026","1123072000","특정계층이용시설","회원이용시설","휘경1동경로당","서울특별시 동대문구 회기로29길 20-1 (휘경동, )","서울특별시 동대문구 휘경동 183-103","63.54","15","","127.0581937","37.5910560","205139.54890136","554611.82939526"
"2026","1123072000","특정계층이용시설","회원이용시설","아름경로당","서울특별시 동대문구 휘경로 78","서울특별시 동대문구 휘경동 119-15","245.66","45","","127.0682430","37.5936230","206026.87566946","554897.33501749"
"2026","1123072000","공공시설","공공청사","휘경1동주민센터","서울특별시 동대문구 외대역동로6길 3 (휘경동)","서울특별시 동대문구 휘경동 373","","","특보시 연장 추가 운영 검토","127.0657307","37.5929051","205805.05781307","554817.49789878"
"2026","1123073000","특정계층이용시설","기타","동대문시각특화장애인복지관","서울특별시 동대문구 장안벚꽃로7길 5","서울특별시 동대문구 휘경동 49-39","","","","127.0731950","37.5832330","206465.10986803","553744.49145525"
"2026","1123073000","공공시설","복지?문화?체육시설","휘경어린이도서관","서울특별시 동대문구 망우로18가길 38  (휘경동)","서울특별시 동대문구 휘경동 282-4","346.34","20","","127.0606123","37.5886807","205353.32486634","554348.33292286"
"2026","1129058000","특정계층이용시설","회원이용시설","고운경로당","서울특별시 성북구 동소문로35가길 29","서울특별시 성북구 돈암동 38-19","","","","127.0212100","37.5997590","201873.00572174","555576.38456089"
"2026","1129059000","공공시설","복지?문화?체육시설","해오름도서관","서울특별시 성북구 성북로4길 52 (한신한진아파트)","서울특별시 성북구 돈암동 609-1","","","매주 월요일 및 공휴일 휴관","127.0103210","37.5941780","200911.49155392","554956.79427139"
"2026","1129059000","공공시설","복지?문화?체육시설","아리랑어린이도서관","서울특별시 성북구 아리랑로 75 (돈암코오롱하늘채101동)","서울특별시 성북구 돈암동 644","","","매주 월요일 및 공휴일 휴관 ","127.0125700","37.5992700","201110.03469687","555521.97375227"
"2026","1129059000","특정계층이용시설","회원이용시설","돈암코오롱하늘채(아)경로당","서울특별시 성북구 아리랑로 75 (돈암동)","서울특별시 성북구 돈암동 644","","","","127.0132190","37.5991540","201167.34856343","555509.10690867"
"2026","1129059000","특정계층이용시설","회원이용시설","돈암신일해피트리(아)경로당","서울특별시 성북구 아리랑로5길 92 (돈암동 해피트리 아파트 104동)","서울특별시 성북구 돈암동 642","","","","127.0119030","37.5982880","201051.14690904","555412.97497850"
"2026","1129059000","특정계층이용시설","회원이용시설","한진(아)북악경로당","서울특별시 성북구 성북로4길 52 (한신한진아파트 한진북악경로당)","서울특별시 성북구 돈암동 609-1","","","","127.0090540","37.5966730","200799.57068026","555233.69987370"
"2026","1129059000","특정계층이용시설","회원이용시설","한신팔각정(아)경로당","서울특별시 성북구 성북로4길 52 (한신한진아파트 경로당)","서울특별시 성북구 돈암동 609-1","","","","127.0105800","37.5947560","200934.35772240","555020.94835302"
"2026","1129059000","특정계층이용시설","회원이용시설","일신건영휴먼빌(아)경로당","서울특별시 성북구 아리랑로 89 (일신건영휴먼빌아파트 상가동)","서울특별시 성북구 돈암동 524","","","","127.0130230","37.6011410","201150.00953512","555729.63948367"
"2026","1129059000","특정계층이용시설","회원이용시설","브라운스톤돈암(아)경로당","서울특별시 성북구 북악산로 844 (브라운스톤 돈암 아파트)","서울특별시 성북구 돈암동 636","","","토요일 09시 ~ 18시 운영","127.0180280","37.5977510","201592.05349180","555353.46014528"
"2026","1129059000","특정계층이용시설","회원이용시설","돈암힐스테이트(아)경로당","서울특별시 성북구 아리랑로 68 (돈암 힐스테이트아파트 105동)","서울특별시 성북구 돈암동 639","","","","127.0151910","37.5988330","201341.49846623","555473.50581295"
"2026","1129059000","특정계층이용시설","회원이용시설","돈암더샵(아)경로당","서울특별시 성북구 아리랑로5길 85 (돈암동더?騁팎컷? 102동)","서울특별시 성북구 돈암동 603","","","","127.0104220","37.5976950","200920.36797646","555347.14302446"
"2026","1129059000","특정계층이용시설","회원이용시설","돈암2동한진(아)경로당","서울특별시 성북구 성북로4길 52 (한신한진아파트 212동(한진아파트))","서울특별시 성북구 돈암동 609-1","","","","127.0129520","37.5949070","201143.83523403","555037.73390952"
"2026","1129059000","공공시설","공공청사","돈암2동주민센터","서울특별시 성북구 흥천사길 7 (돈암동)","서울특별시 성북구 돈암동 603-1","298.00","20","법정공휴일 미운영","127.0105121","37.5980523","200928.32027842","555386.80023870"
"2026","1129059000","공공시설","복지?문화?체육시설","아리랑도서관","서울특별시 성북구 아리랑로 82","서울특별시 성북구 돈암동 538-98","2,018.00","150","둘째, 넷째 월요일 및 공휴일 휴무","127.0139874","37.5999020","201235.19236223","555592.13644523"
"2026","1129059000","공공시설","복지?문화?체육시설","아리랑시네센터","서울특별시 성북구 아리랑로 82","서울특별시 성북구 돈암동 538-98","100.00","10","매월 2주 월요일 휴관일","127.0137606","37.6000022","201215.16259088","555603.25457607"
"2026","1129060000","특정계층이용시설","회원이용시설","안암래미안(아)경로당","서울특별시 성북구 고려대로17가길 64 (래미안 안암 102동)","서울특별시 성북구 안암동1가 361","","","","127.0241340","37.5893430","202131.51443341","554420.38734236"
"2026","1129060000","공공시설","공공청사","안암동주민센터","서울특별시 성북구 고려대로 16","서울특별시 성북구 안암동2가 140-4","53.00","30","","127.0213469","37.5858009","201885.44715327","554027.19471160"
"2026","1129060000","특정계층이용시설","회원이용시설","개운경로당","서울특별시 성북구 개운사길 15","서울특별시 성북구 안암동5가 101-16","","","","127.0290680","37.5871060","202567.36206515","554172.22902725"
"2026","1114064500","특정계층이용시설","회원이용시설","삼성경로당","서울특별시 중구 청구로1길 23","서울특별시 중구 신당동 843","240.00","40","","127.0178868","37.5581449","201580.42099904","550957.63585834"
"2026","1114064500","특정계층이용시설","회원이용시설","대양경로당","서울특별시 중구 동호로10길 30","서울특별시 중구 신당동 842","96.36","30","","127.0147545","37.5548532","201303.71823554","550592.24826735"
"2026","1114064500","특정계층이용시설","회원이용시설","청송경로당","서울특별시 중구 청구로1길 23","서울특별시 중구 신당동 843-1","83.85","30","","127.0180876","37.5595366","201598.13332717","551112.10145742"
"2026","1114064500","공공시설","공공청사","청구동주민센터","서울특별시 중구 청구로3길 55","서울특별시 중구 신당동 333-17","50.00","20","특보 시 주말 공휴일 9시~18시 추가운영, 중대경보 시 평일 22시까지 연장운영","127.0146791","37.5571022","201297.01685722","550841.85944396"
"2026","1114064500","특정계층이용시설","회원이용시설","청구경로당","서울특별시 중구 청구로3길 69","서울특별시 중구 신당동 333-36","130.64","50","","127.0143731","37.5565360","201269.98889858","550779.01379877"
"2026","1114065000","생활밀착민간시설","종교시설","예수마을교회","서울특별시 중구 퇴계로88길 38 (예수마을교회)","서울특별시 중구 신당동 144-32","","","","127.0202610","37.5640590","201790.05629477","551614.07368059"
"2026","1114065000","특정계층이용시설","회원이용시설","신당5동경로당","서울특별시 중구 다산로42길 53","서울특별시 중구 신당동 132-10","71.14","40","","127.0192147","37.5643603","201697.60900959","551647.49502560"
"2026","1114065000","공공시설","공공청사","신당5동주민센터","서울특별시 중구 다산로44길 85","서울특별시 중구 신당동 150-7","251.30","30","특보 시 주말 공휴일 9시~18시 추가운영, 중대경보 시 평일 22시까지 연장운영","127.0218667","37.5651172","201931.89232249","551731.55324825"
"2026","1114065000","공공시설","복지?문화?체육시설","유락종합사회복지관","서울특별시 중구 퇴계로 460","서울특별시 중구 신당동 160-2","76.00","30","","127.0228270","37.5651315","202016.73309831","551733.16055436"
"2026","1114065000","특정계층이용시설","회원이용시설","유락경로당","서울특별시 중구 퇴계로90길 42","서울특별시 중구 신당동 155-10","71.26","40","","127.0216395","37.5634445","201911.86226697","551545.89855642"
"2026","1114066500","공공시설","복지?문화?체육시설","중구교육지원센터","서울특별시 중구 다산로38길 85","서울특별시 중구 신당동 62-44","","","법정임시공휴일 휴관","127.0196740","37.5613990","201738.25673363","551318.83399598"
"2026","1114066500","공공시설","복지?문화?체육시설","어울림도서관","서울특별시 중구 다산로38길 66-35 (신당동)","서울특별시 중구 신당동 52-164","299.00","74","월요일, 공휴일 휴관","127.0189662","37.5617067","201675.71359486","551352.97220954"
"2026","1114066500","특정계층이용시설","회원이용시설","동화경로당","서울특별시 중구 청구로 64","서울특별시 중구 신당동 852","105.00","30","","127.0166912","37.5604892","201474.73536398","551217.80596043"
"2026","1114066500","특정계층이용시설","회원이용시설","청구e편한세상경로당","서울특별시 중구 청구로 64","서울특별시 중구 신당동 852","128.00","50","","127.0166611","37.5604011","201472.07763993","551208.02743019"
"2026","1114066500","특정계층이용시설","회원이용시설","현대아파트경로당","서울특별시 중구 다산로36길 109 (현대아파트 경로당)","서울특별시 중구 신당동 840","102.00","40","","127.0202250","37.5596890","201786.98007164","551129.05454269"
"2026","1114066500","특정계층이용시설","회원이용시설","푸르지오경로당","서울특별시 중구 다산로36길 110","서울특별시 중구 신당동 850","119.00","50","","127.0195265","37.5592014","201725.27533955","551074.92366593"
"2026","1114066500","공공시설","공공청사","동화동주민센터","서울특별시 중구 다산로36길 100","서울특별시 중구 신당동 850","100.00","50","특보 시 주말 공휴일 9시~18시 추가운영, 중대경보 시 평일 22시까지 연장운영","127.0193990","37.5599648","201713.99251508","551159.64969534"
"2026","1114066500","특정계층이용시설","회원이용시설","동화동구립경로당","서울특별시 중구 퇴계로80길 52","서울특별시 중구 신당동 50-12","138.00","70","","127.0172988","37.5632367","201528.36316791","551522.75575690"
"2026","1120064500","특정계층이용시설","회원이용시설","옥수현대(아)경로당","서울특별시 성동구 독서당로40길 25","서울특별시 성동구 옥수동 4","76.00","21","","127.0191760","37.5442200","201694.64587960","549412.16147817"
"2026","1120064500","특정계층이용시설","회원이용시설","한남하이츠(아)경로당","서울특별시 성동구 독서당로 156 (한남하이츠아파트 6동)","서울특별시 성동구 옥수동 220-1","66.00","18","","127.0150800","37.5402130","201332.74027592","548967.36729112"
"2026","1120064500","특정계층이용시설","회원이용시설","극동그린(아)경로당","서울특별시 성동구 독서당로 175 (극동그린아파트 103동)","서울특별시 성동구 옥수동 436","149.00","20","","127.0098660","37.5417020","200871.92003037","549132.56701498"
"2026","1120064500","특정계층이용시설","회원이용시설","옥수하이츠(아)경로당","서울특별시 성동구 한림말길 50 (옥수하이츠아파트 관리실)","서울특별시 성동구 옥수동 100","96.00","29","","127.0164960","37.5404940","201457.87805695","548998.57587385"
"2026","1120064500","특정계층이용시설","회원이용시설","옥향경로당","서울특별시 성동구 독서당로 218 (옥수삼성아파트 111동)","서울특별시 성동구 옥수동 250","64.00","19","","127.0146080","37.5420760","201290.99373604","549174.13100134"
"2026","1120064500","야외시설","정자?파고라 등","옥수나들목샘물창고","서울특별시 성동구 동호로 21 (옥수동)","서울특별시 성동구 옥수동 168-1","3.30","8","","127.0172000","37.5399000","201520.10799664","548932.66027120"
"2026","1120064500","공공시설","복지?문화?체육시설","매봉산숲속도서관","서울특별시 성동구 매봉길 49-29","서울특별시 성동구 옥수동 528-6","28.00","5","화~일 10:00~18:00 ","127.0109489","37.5458265","200967.56936035","549590.34704346"
"2026","1120064500","특정계층이용시설","회원이용시설","옥수실버문화센터경로당","서울특별시 성동구 한림말길 49","서울특별시 성동구 옥수동 385-4","139.00","42","","127.0165750","37.5415200","201464.83982030","549112.45059517"
"2026","1120064500","공공시설","복지?문화?체육시설","옥수종합사회복지관","서울특별시 성동구 한림말길 16-5","서울특별시 성동구 옥수동 204-8","3,074.00","10","","127.0127310","37.5404430","201125.13689124","548992.86378470"
"2026","1120064500","공공시설","공공청사","옥수동주민센터","서울특별시 성동구 독서당로 203 (옥수동)","서울특별시 성동구 옥수동 428-5","749.83","8","","127.0135188","37.5436331","201194.70996329","549346.93577766"
"2026","1120065000","특정계층이용시설","회원이용시설","동아(아)경로당","서울특별시 성동구 왕십리로 80 (동아아파트 13동)","서울특별시 성동구 성수동1가 656-320","140.00","30","","127.0452170","37.5446620","203995.95077366","549462.00616251"
"2026","1120065000","특정계층이용시설","회원이용시설","한진타운(아)경로당","서울특별시 성동구 뚝섬로 310 (한진타운아파트 노인정,관리실)","서울특별시 성동구 성수동1가 704","52.00","15","","127.0455820","37.5409530","204028.40638995","549050.36779316"
"2026","1120065000","특정계층이용시설","회원이용시설","성수현대그린(아)경로당","서울특별시 성동구 뚝섬로3길 8","서울특별시 성동구 성수동1가 33-3","63.00","19","","127.0496800","37.5410130","204390.57237751","549057.21051771"
"2026","1120065000","특정계층이용시설","회원이용시설","대림로즈빌(아)경로당","서울특별시 성동구 뚝섬로 311","서울특별시 성동구 성수동1가 656-254","34.00","10","","127.0462260","37.5417280","204085.27897963","549136.41114217"
"2026","1120065000","특정계층이용시설","회원이용시설","강변건영(아)경로당","서울특별시 성동구 왕십리로 36 (강변 건영아파트 101동)","서울특별시 성동구 성수동1가 710","60.00","18","","127.0449170","37.5402730","203969.67164587","548974.86780026"
"2026","1174056000","공공시설","공공청사","고덕2동주민센터","서울특별시 강동구  아리수로78길  43-12, 고덕2동 주민센터 (고덕동)","서울특별시 강동구 고덕동 226-4","260.00","79","폭염특보 발령시 주말, 휴일 운영","127.1643569","37.5605075","214521.60173113","551232.40291006"
"2026","1174056000","특정계층이용시설","회원이용시설","방죽말경로당","서울특별시 강동구 아리수로72길 60-16","서울특별시 강동구 고덕동 253","99.54","35","특정계층 이용시설이나 관리주체(회원) 동의로 일반인 이용 가능","127.1627522","37.5616522","214379.59984817","551359.20450031"
"2026","1174057000","특정계층이용시설","회원이용시설","프라이어팰리스경로당","서울특별시 강동구 고덕로 130 (암사동)","서울특별시 강동구 암사동 413","190.64","58","특정계층 이용시설(회원만 이용)","127.1396630","37.5535540","212340.94053892","550457.11781292"
"2026","1174057000","특정계층이용시설","회원이용시설","암사한솔아파트경로당","서울특별시 강동구 암사19길 25 (암사동한솔아파트)","서울특별시 강동구 암사동 419","23.40","7","특정계층 이용시설(회원만 이용)","127.1402250","37.5520490","212390.84932745","550290.15462399"
"2026","1174057000","특정계층이용시설","회원이용시설","동원베네스트경로당","서울특별시 강동구 고덕로 52-11 (동원베네스트 동원베네스트)","서울특별시 강동구 암사동 670","31.05","9","특정계층 이용시설(회원만 이용)","127.1310670","37.5540860","211581.29573380","550515.06973180"
"2026","1174057000","특정계층이용시설","회원이용시설","새장터경로당","서울특별시 강동구  암사1가길  16 , 502-95 (암사동)","서울특별시 강동구 암사동 468-2","101.20","31","특정계층 이용시설이나 관리주체(회원) 동의로 일반인 이용 가능","127.1305781","37.5521271","211538.39770710","550297.59499802"
"2026","1174057000","특정계층이용시설","회원이용시설","복지말경로당","서울특별시 강동구 고덕로16길 46","서울특별시 강동구 암사동 471-29","99.50","30","특정계층 이용시설이나 관리주체(회원) 동의로 일반인 이용 가능","127.1329555","37.5526038","211748.39944824","550350.79748371"
"2026","1174057000","특정계층이용시설","회원이용시설","강암경로당","서울특별시 강동구  상암로15길  38-15  (암사동)","서울특별시 강동구 암사동 492-20","162.94","49","특정계층 이용시설(회원만 이용)","127.1320645","37.5504568","211670.00238235","550112.39508736"
"2026","1174057000","특정계층이용시설","회원이용시설","암사1동제1경로당","서울특별시 강동구  구천면로59길  19 , 지하동제2호 (암사동)","서울특별시 강동구 암사동 425-177","173.56","43","특정계층 이용시설(회원만 이용)","127.1379406","37.5507745","212189.19794147","550148.40165612"
"2026","1174057000","특정계층이용시설","회원이용시설","암사1동제2경로당","서울특별시 강동구  고덕로24길  23 , 암사동제2경로당 (암사동)","서울특별시 강동구 암사동 453-8","90.00","27","특정계층 이용시설(회원만 이용)","127.1357187","37.5536386","211992.39948608","550465.99690822"
"2026","1174057000","특정계층이용시설","회원이용시설","암사1동제3경로당","서울특별시 강동구  암사13길  13-3, 암사4동 제3경로당 (암사동)","서울특별시 강동구 암사동 474-19","147.00","45","특정계층 이용시설(회원만 이용)","127.1367444","37.5525923","212083.20153740","550350.00138550"
"2026","1174057000","특정계층이용시설","회원이용시설","장생경로당","서울특별시 강동구 상암로23길 7-10","서울특별시 강동구 암사동 489-52","54.15","16","특정계층 이용시설(회원만 이용)","127.1337938","37.5480222","211823.19820550","549842.39966999"
"2026","1174057000","공공시설","공공청사","암사1동주민센터","서울특별시 강동구  올림픽로98가길  57 , 암사제1동주민센터 (암사동)","서울특별시 강동구 암사동 493-13","299.00","91","폭염특보 발령시 주말, 휴일 운영","127.1326412","37.5514797","211720.80285494","550225.99653349"
"2026","1174057000","생활밀착민간시설","금융기관","강동농협선사지점","서울특별시 강동구  올림픽로  802   (암사동)","서울특별시 강동구 암사동 463-6","60.00","18","시설 운영시간 내 쉼터 탄력적 운영(공휴일 등 미운영)","127.1286686","37.5525401","211369.60391617","550343.20042345"
"2026","1174057000","생활밀착민간시설","금융기관","강동농협본점지점","서울특별시 강동구 구천면로 331 (암사동)","서울특별시 강동구 암사동 487-33","258.00","78","시설 운영시간 내 쉼터 탄력적 운영(공휴일 등 미운영)","127.1361000","37.5491000","212026.82127030","549962.31509382"
"2026","1174057000","생활밀착민간시설","금융기관","동서울신용협동조합암사본점","서울특별시 강동구 상암로 43","서울특별시 강동구 암사동 501-25","50.00","15","시설 운영시간 내 쉼터 탄력적 운영(공휴일 등 미운영)","127.1284230","37.5499740","211348.29090507","550058.36424875"
"2026","1159060500","특정계층이용시설","회원이용시설","해피경로당","서울특별시 동작구 흑석로13마길 61 (흑석동)","서울특별시 동작구 흑석동 194-13","92.27","40","","126.9588800","37.5074160","196364.30528572","545327.99821147"
"2026","1159062000","특정계층이용시설","회원이용시설","르메이에르아파트경로당","서울특별시 동작구 사당로20길 119 (르메이에르)","서울특별시 동작구 사당동 1141","23.04","5","","126.9737410","37.4784590","197677.36938256","542113.67994373"
"2026","1100000000","특정계층이용시설","특수근로자 쉼터","휴서울이동노동자사당역쉼터","서울특별시 동작구 남부순환로 지하 2089 (사당역(2호선))","서울특별시 동작구 사당동 1129","72.00","20","","126.9813340","37.4765820","198348.93532688","541905.19785917"
"2026","1159062000","공공시설","공공청사","사당1동주민센터","서울특별시 동작구  동작대로17길  28 , 사당1동 주민센터 (사당동)","서울특별시 동작구 사당동 1004-52","472.27","50","","126.9786930","37.4831526","198115.49582837","542634.49638519"
"2026","1159062000","특정계층이용시설","회원이용시설","송학경로당(사당동)","서울특별시 동작구 동작대로9가길 24-4","서울특별시 동작구 사당동 1027-23","224.40","56","","126.9789173","37.4797852","198135.25042890","542260.75534054"
"2026","1159062000","공공시설","복지?문화?체육시설","사당어르신종합복지관","서울특별시 동작구  남부순환로  2081   (사당동)","서울특별시 동작구 사당동 1044-42","255.84","50","","126.9798592","37.4770530","198218.49594465","541957.49942792"
"2026","1159062000","특정계층이용시설","회원이용시설","사당1동경로당","서울특별시 동작구 사당로20길 132","서울특별시 동작구 사당동 316-40","137.27","30","","126.9732310","37.4788873","197632.27296651","542161.22822251"
"2026","1159063000","특정계층이용시설","회원이용시설","이수스위첸포레힐즈실버클럽경로당","서울특별시 동작구 동작대로45길 10 (이수스위첸포레힐즈아파트 경로당)","서울특별시 동작구 동작동 89-9","126.90","37","","126.9829660","37.4983220","198493.72727344","544318.02356516"
"2026","1159063000","특정계층이용시설","회원이용시설","삼성아파트경로당","서울특별시 동작구 동작대로35아길 14 (사당동삼성아파트)","서울특별시 동작구 동작동 328-6","48.00","25","","126.9793600","37.4936750","198174.74488819","543802.33096329"
"2026","1159063000","특정계층이용시설","회원이용시설","금강KCC아파트경로당","서울특별시 동작구 동작대로39가길 55 (동작동금강KCC아파트)","서울특별시 동작구 동작동 331","39.00","30","","126.9785610","37.4940270","198104.09589589","543841.41415294"
"2026","1159063000","특정계층이용시설","회원이용시설","극동아파트경로당","서울특별시 동작구 동작대로29길 119 (극동아파트)","서울특별시 동작구 사당동 105","100.00","80","","126.9739920","37.4904290","197699.93752444","543442.18514100"
"2026","1159063000","특정계층이용시설","회원이용시설","우성3단지아파트경로당","서울특별시 동작구 동작대로29길 115 (사당우성아파트 304동)","서울특별시 동작구 사당동 105","100.00","80","","126.9756550","37.4902860","197847.00370457","543426.27468796"
"2026","1159063000","특정계층이용시설","회원이용시설","이수힐스테이트아파트경로당","서울특별시 동작구 동작대로39길 22 (이수힐스테이트 109동)","서울특별시 동작구 동작동 333","179.10","30","","126.9799220","37.4945020","198224.46375786","543894.10640306"
"2026","1159063000","특정계층이용시설","회원이용시설","사당신동아A경로당","서울특별시 동작구 동작대로29길 110","서울특별시 동작구 사당동 105-2","41.00","49","","126.9781620","37.4895190","198068.69526507","543341.09339135"
"2026","1159063000","공공시설","공공청사","사당2동주민센터","서울특별시 동작구  동작대로29길  52 , 사당2동 주민센터 (사당동)","서울특별시 동작구 사당동 105-12","866.85","50","","126.9792455","37.4887525","198164.49887057","543256.00030647"
"2026","1159063000","공공시설","복지?문화?체육시설","동작이수사회복지관","서울특별시 동작구  동작대로35차길  7 , 동작이수사회복지관 (사당동)","서울특별시 동작구 사당동 52-3","169.79","60","","126.9768640","37.4931422","197954.00182613","543743.24845972"
"2026","1159063000","특정계층이용시설","회원이용시설","배나무골경로당","서울특별시 동작구  동작대로29바길  3 , 동작동노인정(배나무골경로당) (사당동)","서울특별시 동작구 사당동 77-24","247.55","80","","126.9804665","37.4896695","198272.50364939","543357.75212879"
"2026","1100000000","특정계층이용시설","특수근로자 쉼터","휴서울이동노동자서초쉼터","서울특별시 서초구 사평대로 354 (호진빌딩)","서울특별시 서초구 서초동 1302-16","226.00","35","","127.0220150","37.5034310","201946.59709089","544885.14779862"
"2026","1165053100","공공시설","공공청사","서초4동주민센터","서울특별시 서초구 서운로26길 3 (서초동)","서울특별시 서초구 서초동 1302-6","86.31","26","","127.0221797","37.5026915","201961.17943831","544803.07626009"
"2026","1165053100","특정계층이용시설","회원이용시설","명달경로당","서울특별시 서초구 서운로23길 17 (서초동)","서울특별시 서초구 서초동 1313-17","132.00","33","","127.0209822","37.4985307","201855.39671886","544341.25706104"
"2026","1165053100","특정계층이용시설","회원이용시설","장안경로당","서울특별시 서초구 서초대로55길 13 (서초동)","서울특별시 서초구 서초동 1697-18","172.00","43","","127.0153395","37.4959159","201356.47597739","544050.95201519"
"2026","1165054000","특정계층이용시설","기타","금호베스트빌(아)경로당","서울특별시 서초구 나루터로 46 (금호베스트빌아파트 101동)","서울특별시 서초구 잠원동 58","66.00","8","","127.0138930","37.5146820","201228.25412333","546133.72787183"
"2026","1165054000","생활밀착민간시설","기타","영동공인중개사사무소쉼터","서울특별시 서초구 강남대로97길 64 (대일빌딩)","서울특별시 서초구 잠원동 23-12","","10","주말, 공휴일 미운영","127.0162480","37.5139800","201436.46872107","546055.84813052"
"2026","1165054000","생활밀착민간시설","기타","그린공인중개사사무소쉼터","서울특별시 서초구 잠원로4길 50 (메이플자이 근린생활시설)","서울특별시 서초구 잠원동 60-3","","10","주말, 공휴일 미운영","127.0123760","37.5116550","201094.18318211","545797.75063634"
"2026","1165054000","공공시설","기타","주흥어린이공원서초에코쉼터","","서울특별시 서초구 잠원동 33-6","","10","7~8월 : 09시~20시 운영","127.0166740","37.5121840","201474.16626096","545856.52155683"
"2026","1165054000","특정계층이용시설","회원이용시설","서초구립주흥경로당","서울특별시 서초구 신반포로41길 30 (잠원동)","서울특별시 서초구 잠원동 44-11","91.00","15","","127.0166064","37.5111596","201468.20973813","545742.82515296"
"2026","1165054000","공공시설","공공청사","잠원동주민센터","서울특별시 서초구 나루터로 38 (잠원동)","서울특별시 서초구 잠원동 58-27","1,943.00","20","","127.0139641","37.5149576","201234.53540147","546164.31690688"
"2026","1165054000","특정계층이용시설","회원이용시설","잠원동경로당","서울특별시 서초구 강남대로107길 24 (잠원동)","서울특별시 서초구 잠원동 7-9","214.00","20","","127.0173141","37.5178786","201530.64188240","546488.56017725"
"2026","1165055000","생활밀착민간시설","기타","반포디에이치클래스트금빛공인중개사사무소쉼터","서울특별시 서초구 신반포로3길 8 (반포프라자)","서울특별시 서초구 반포동 1313","","8","주말, 공휴일 미운영","126.9869470","37.5021030","198845.81504603","544737.60930439"
"2026","1165056000","생활밀착민간시설","기타","한미공인중개사사무소쉼터","서울특별시 서초구 서초중앙로 230 (동화반포프라자)","서울특별시 서초구 반포동 32-2","","8","주말, 공휴일 미운영","127.0119880","37.5022530","201060.01237595","544754.24483815"
"2026","1165056000","생활밀착민간시설","기타","반포자이행복한부동산중개법인(주)쉼터","서울특별시 서초구 사평대로45길 10-25 (베리타스타운)","서울특별시 서초구 반포동 20-51","","10","/주말, 공휴일 미운영","127.0139390","37.5066790","201232.45247651","545245.49760132"
"2026","1165056000","생활밀착민간시설","기타","서담공인중개사사무소쉼터","서울특별시 서초구 사평대로57길 77 (반포동반야빌)","서울특별시 서초구 반포동 724-39","","10","주말, 공휴일 미운영","127.0219280","37.5074990","201938.79922538","545336.64169554"
"2026","1165056000","공공시설","기타","반포1동경로당시니어라운지","서울특별시 서초구 사평대로55길 90  (반포동)","서울특별시 서초구 반포동 724-12","116.00","31","","127.0212731","37.5078854","201880.88549787","545379.51385185"
"2026","1165056000","공공시설","기타","서초스마트시니어센터시니어라운지","서울특별시 서초구 사평대로 273 (반포1동 주민센터)","서울특별시 서초구 반포동 20-48","","","","127.0133790","37.5051210","201182.96322201","545072.57243689"
"2026","1165056000","공공시설","복지?문화?체육시설","서초구립반포도서관","서울특별시 서초구 고무래로 34 (반포동)","서울특별시 서초구 반포동 32-12","20.00","6","매주 월요일, 법정 공휴일 휴관 / 폭염 특보시 주말 연장쉼터 운영(13~17시)","127.0125076","37.5024829","201105.95346545","544779.76674745"
"2026","1171055000","특정계층이용시설","회원이용시설","하마천경로당","서울특별시 송파구 성내천로23길 12 (마천동)","서울특별시 송파구 마천동 11","155.04","22","누구나 무더위쉼터 이용가능에 동의","127.1453923","37.5017339","212856.08502617","544706.49423535"
"2026","1171055000","특정계층이용시설","회원이용시설","남천경로당","서울특별시 송파구 성내천로33가길 16 (남천경로당)","서울특별시 송파구 마천동 산 1-5","171.60","66","누구나 무더위쉼터 이용가능에 동의","127.1545270","37.5000770","213664.10890770","544523.88661216"
"2026","1171055000","공공시설","공공청사","마천2동주민센터","서울특별시 송파구 마천로 287 (마천2동주민센터)","서울특별시 송파구 마천동 127-1","1,575.18","20","","127.1485830","37.4969200","213139.06125613","544172.65396333"
"2026","1171056100","특정계층이용시설","회원이용시설","한양3차(아)경로당","서울특별시 송파구 오금로 251 (잠실3차(방이동) 한양아파트 상가)","서울특별시 송파구 방이동 225","63.39","13","누구나 무더위쉼터 이용가능에 동의","127.1230250","37.5057210","210877.71242610","545146.19083952"
"2026","1171056100","특정계층이용시설","회원이용시설","코오롱(아)경로당","서울특별시 송파구 오금로31길 28 (코오롱아파트)","서울특별시 송파구 방이동 215","86.13","25","누구나 무더위쉼터 이용가능에 동의","127.1226590","37.5078450","210845.04389417","545381.88547514"
"2026","1171056100","특정계층이용시설","회원이용시설","대림(아)경로당","서울특별시 송파구 양재대로 1109 (대림가락아파트 관리사무실)","서울특별시 송파구 방이동 217","152.70","13","누구나 무더위쉼터 이용가능에 동의","127.1252760","37.5083980","211076.34750157","545443.56625138"
"2026","1171056100","특정계층이용시설","회원이용시설","왕천경로당","서울특별시 송파구 양재대로71길 20-10 (왕천경로당)","서울특별시 송파구 방이동 189","106.84","30","누구나 무더위쉼터 이용가능에 동의","127.1250830","37.5112270","211058.86591655","545757.52659654"
"2026","1171056100","공공시설","공공청사","방이1동주민센터","서울특별시 송파구 위례성대로16길 22 (방이동)","서울특별시 송파구 방이동 200","1,313.79","100","","127.1238944","37.5110088","210953.81099404","545733.17013282"
"2026","1171056200","특정계층이용시설","회원이용시설","몽촌경로당","서울특별시 송파구 위례성대로2길 28-1 (방이동)","서울특별시 송파구 방이동 55-13","108.33","42","누구나 무더위쉼터 이용가능에 동의","127.1122877","37.5146423","209927.15225438","546135.15473703"
"2026","1171056200","공공시설","공공청사","방이2동주민센터","서울특별시 송파구 올림픽로34길 5-13","서울특별시 송파구 방이동 41-9","957.05","20","","127.1114183","37.5163969","209850.05953460","546329.80182527"
"2026","1171056600","특정계층이용시설","회원이용시설","오륜3단지경로당","서울특별시 송파구 양재대로 1218","서울특별시 송파구 방이동 89","129.24","49","누구나 무더위쉼터 이용가능에 동의","127.1377200","37.5166960","212175.24322922","546366.07684207"
"2026","1171056600","특정계층이용시설","회원이용시설","오륜2단지경로당","서울특별시 송파구 양재대로 1218","서울특별시 송파구 방이동 89-2","129.24","16","누구나 무더위쉼터 이용가능에 동의","127.1336640","37.5128150","211817.28116800","545934.81760987"
"2026","1171056600","특정계층이용시설","회원이용시설","오륜1단지경로당","서울특별시 송파구 양재대로 1218","서울특별시 송파구 방이동 89-2","129.24","22","누구나 무더위쉼터 이용가능에 동의","127.1303460","37.5127340","211523.94794326","545925.41608499"
"2026","1171056600","공공시설","공공청사","오륜동주민센터","서울특별시 송파구 양재대로 1232 (방이동)","서울특별시 송파구 방이동 89-10","1,024.17","20","","127.1342558","37.5154512","211869.18494505","546227.47703880"
"2026","1174057000","공공시설","복지?문화?체육시설","암사도서관","서울특별시 강동구 고덕로20길 42","서울특별시 강동구 암사동 471-37","100.00","30","시설 운영시간 내 쉼터 운영(공휴일 등 미운영)","127.1333159","37.5527893","211780.21643329","550371.43087972"
"2026","1174058000","특정계층이용시설","회원이용시설","선사현대아파트경로당","서울특별시 강동구 상암로 11 (암사동)","서울특별시 강동구 암사동 509-1","270.00","82","특정계층 이용시설(회원만 이용)","127.1255150","37.5523260","211090.97248860","550319.06113338"
"2026","1174058000","특정계층이용시설","회원이용시설","삼성광나루아파트경로당","서울특별시 강동구 상암로3길 77 (삼성 광나루 아파트 관리동,노인정,주민공동시설)","서울특별시 강동구 암사동 508","98.21","30","특정계층 이용시설(회원만 이용)","127.1271500","37.5540330","211235.19097688","550508.71199154"
"2026","1174058000","생활밀착민간시설","금융기관","국민은행암사역지점","서울특별시 강동구 올림픽로 767","서울특별시 강동구 암사동 512-18","345.22","105","시설 운영시간 내 쉼터 탄력적 운영(공휴일 등 미운영)","127.1270020","37.5495940","211222.77903156","550016.01820924"
"2026","1174058000","특정계층이용시설","회원이용시설","암사2동제2경로당","서울특별시 강동구  상암로  12-19, 11 (암사동)","서울특별시 강동구 암사동 515","111.21","34","특정계층 이용시설(회원만 이용)","127.1255454","37.5500207","211094.00043883","550063.20392252"
"2026","1174058000","공공시설","공공청사","암사2동주민센터","서울특별시 강동구 상암로3길 28","서울특별시 강동구 암사동 503-8","42.00","9","폭염특보 발령시 주말, 휴일 운영","127.1272729","37.5517055","211246.40037824","550250.40187572"
"2026","1174058000","생활밀착민간시설","금융기관","우리은행암사역지점","서울특별시 강동구  올림픽로  769 , 삼정빌딩 (암사동)","서울특별시 강동구 암사동 512-17","65.40","20","시설 운영시간 내 쉼터 탄력적 운영(공휴일 등 미운영)","127.1271794","37.5499649","211238.39964608","550057.20486737"
"2026","1174059000","특정계층이용시설","회원이용시설","한강현대경로당","서울특별시 강동구 올림픽로104길 36 (한강현대아파트 상가동)","서울특별시 강동구 암사동 442-1","104.58","32","특정계층 이용시설(회원만 이용)","127.1319280","37.5551900","211657.20317721","550637.70706616"
"2026","1174059000","특정계층이용시설","회원이용시설","한강포스파크경로당","서울특별시 강동구 고덕로19길 30 (한강포스파크아파트)","서울특별시 강동구 암사동 445","73.15","22","특정계층 이용시설이나 관리주체(회원) 동의로 일반인 이용 가능","127.1342740","37.5562110","211864.33476572","550751.31950234"
"2026","1174059000","특정계층이용시설","회원이용시설","양지마을경로당","서울특별시 강동구 아리수로25길 58 (양지마을회관)","서울특별시 강동구 암사동 275-3","66.00","20","특정계층 이용시설이나 관리주체(회원) 동의로 일반인 이용 가능","127.1367920","37.5592900","212086.32585403","551093.37298997"
"2026","1174059000","특정계층이용시설","회원이용시설","강동현대홈타운경로당","서울특별시 강동구 고덕로27길 36 (강동 현대홈타운 관리동)","서울특별시 강동구 암사동 400","113.00","34","특정계층 이용시설이나 관리주체(회원) 동의로 일반인 이용 가능","127.1389840","37.5567150","212280.42380008","550807.86246434"
"2026","1174059000","특정계층이용시설","회원이용시설","강동롯데캐슬경로당","서울특별시 강동구 고덕로 131 (강동롯데캐슬퍼스트아파트 101동)","서울특별시 강동구 암사동 414-2","343.92","104","특정계층 이용시설이나 관리주체(회원) 동의로 일반인 이용 가능","127.1430400","37.5566230","212638.82178117","550798.18918586"
"2026","1174059000","특정계층이용시설","회원이용시설","구암경로당","서울특별시 강동구 고덕로 109 (암사동)","서울특별시 강동구 암사동 451-18","119.08","31","특정계층 이용시설이나 관리주체(회원) 동의로 일반인 이용 가능","127.1375000","37.5550000","212149.57808854","550617.32490451"
"2026","1174059000","특정계층이용시설","회원이용시설","서원마을경로당","서울특별시 강동구 올림픽로 936","서울특별시 강동구 암사동 116-51","113.00","34","특정계층 이용시설이나 관리주체(회원) 동의로 일반인 이용 가능","127.1333787","37.5640064","211783.99901386","551616.40465825"
"2026","1174059000","공공시설","공공청사","암사3동주민센터","서울특별시 강동구  고덕로  137 , 암사3동 주민센터 (암사동)","서울특별시 강동구 암사동 414-19","320.00","97","폭염특보 발령시 주말, 휴일 운영","127.1407822","37.5549950","212439.59612543","550617.19925029"
"2026","1174060000","특정계층이용시설","회원이용시설","천호한신아파트경로당","서울특별시 강동구 구천면로42길 16 (한신아파트)","서울특별시 강동구 천호동 237","64.00","19","특정계층 이용시설(회원만 이용)","127.1347310","37.5458110","211906.36917890","549597.10127640"
"2026","1159063000","특정계층이용시설","회원이용시설","남성경로당","서울특별시 동작구  동작대로25길  48 , 남성경로당 (사당동)","서울특별시 동작구 사당동 708-490","121.62","80","","126.9798994","37.4853063","198222.24727978","542873.50506789"
"2026","1159064000","특정계층이용시설","회원이용시설","래미안로이파크아파트경로당","서울특별시 동작구 사당로23길 112 (사당동)","서울특별시 동작구 사당동 1159","183.00","80","","126.9733990","37.4884960","197647.43392173","543227.66223025"
"2026","1159064000","특정계층이용시설","회원이용시설","이수역리가아파트경로당","서울특별시 동작구 사당로27길 130 (이수역리가아파트 102동)","서울특별시 동작구 사당동 1157","106.97","50","","126.9730690","37.4895380","197618.28213141","543343.31880794"
"2026","1159064000","특정계층이용시설","회원이용시설","사당두산위브트레지움아파트경로당","서울특별시 동작구 사당로13길 31 (두산위브 트레지움 101동)","서울특별시 동작구 사당동 1131","107.31","60","","126.9704040","37.4852270","197382.44502903","542864.92545935"
"2026","1159064000","특정계층이용시설","회원이용시설","현대아파트경로당","서울특별시 동작구 사당로17길 111 (현대아파트)","서울특별시 동작구 사당동 169-32","50.00","20","","126.9701420","37.4881590","197359.37620061","543190.34604417"
"2026","1159064000","특정계층이용시설","회원이용시설","사당대림아파트경로당","서울특별시 동작구 사당로23길 137 (대림아파트 상가)","서울특별시 동작구 사당동 169-8","87.00","40","","126.9722600","37.4873970","197546.66594822","543105.71679470"
"2026","1159064000","특정계층이용시설","회원이용시설","동작삼성래미안아파트경로당","서울특별시 동작구 사당로23바길 9 (동작삼성래미안아파트 109동)","서울특별시 동작구 사당동 1133","133.03","60","","126.9705150","37.4891720","197392.39931232","543302.76530319"
"2026","1159064000","특정계층이용시설","회원이용시설","경남아너스빌아파트(대아)경로당","서울특별시 동작구 사당로9가길 82 (경남아너스빌 아파트)","서울특별시 동작구 사당동 1134","155.00","60","","126.9678350","37.4882900","197155.35145186","543204.95252596"
"2026","1159064000","특정계층이용시설","회원이용시설","사당3동경로당","서울특별시 동작구 사당로29다길 32-6","서울특별시 동작구 사당동 141-100","73.83","23","","126.9784600","37.4865330","198094.97390548","543009.68069514"
"2026","1159064000","특정계층이용시설","회원이용시설","사당롯데캐슬2차아파트경로당","서울특별시 동작구 사당로27길 181 (사당 롯데캐슬)","서울특별시 동작구 사당동 1149","49.89","20","","126.9715020","37.4902010","197479.72240166","543416.94388682"
"2026","1159064000","공공시설","공공청사","사당3동주민센터","서울특별시 동작구 사당로17길 86  (사당동)","서울특별시 동작구 사당동 169-12","859.00","30","","126.9720599","37.4866648","197528.94492577","543024.45749591"
"2026","1159064000","특정계층이용시설","회원이용시설","삼화경로당","서울특별시 동작구  사당로13길  42   (사당동)","서울특별시 동작구 사당동 1131-13","100.20","60","","126.9719025","37.4859376","197515.00019870","542943.75205074"
"2026","1159064000","특정계층이용시설","회원이용시설","삼익경로당","서울특별시 동작구  사당로27길  190   (사당동, 롯데캐슬)","서울특별시 동작구 사당동 1132","102.00","60","","126.9723165","37.4901814","197551.75369916","543414.74705051"
"2026","1159064000","특정계층이용시설","회원이용시설","삼일공원경로당","서울특별시 동작구 사당로23길 93 (삼일(3~1)공원)","서울특별시 동작구 사당동 산 24-17","125.50","60","","126.9744150","37.4857470","197737.20504229","542922.53462087"
"2026","1159064000","특정계층이용시설","회원이용시설","학수경로당","서울특별시 동작구 사당로27길 217 (사당동, )","서울특별시 동작구 사당동 177-1","62.21","40","","126.9706893","37.4914810","197407.89388346","543559.02914552"
"2026","1159065000","특정계층이용시설","회원이용시설","진흥아파트경로당","서울특별시 동작구 사당로16아길 43 (진흥아파트)","서울특별시 동작구 사당동 1142","20.00","20","","126.9691650","37.4802960","197272.68509186","542317.68512889"
"2026","1159065000","특정계층이용시설","회원이용시설","휴먼시아아파트경로당","서울특별시 동작구 사당로16길 96 (사당휴먼시아아파트 103동)","서울특별시 동작구 사당동 1154","127.80","20","","126.9701750","37.4789560","197361.97114991","542168.93423357"
"2026","1165056000","공공시설","공공청사","반포1동주민센터","서울특별시 서초구 사평대로 273 (반포동)","서울특별시 서초구 반포동 20-48","650.00","50","","127.0133983","37.5050952","201184.67012421","545069.70921162"
"2026","1165056000","특정계층이용시설","회원이용시설","반포복지관경로당","서울특별시 서초구 사평대로55길 90 (반포동)","서울특별시 서초구 반포동 724-12","117.00","30","","127.0212650","37.5078662","201880.16980863","545377.38273599"
"2026","1165056000","특정계층이용시설","회원이용시설","반포1동경로당","서울특별시 서초구 사평대로55길 90 (반포동)","서울특별시 서초구 반포동 724-12","115.00","20","","127.0212779","37.5078959","201881.30963186","545380.67931327"
"2026","1165057000","생활밀착민간시설","기타","백마공인중개사사무소쉼터","서울특별시 서초구 반포대로 287 (래미안퍼스티지중심상가 쇼핑센터)","서울특별시 서초구 반포동 18-3","","8","주말, 공휴일 미운영","127.0008520","37.5043400","200075.33411780","544985.80774346"
"2026","1165057000","공공시설","기타","반포느티나무쉼터시니어라운지","서울특별시 서초구 신반포로 127 (반포2동주민센터)","서울특별시 서초구 반포동 1-3","","","","126.9982520","37.5044320","199845.44145971","544996.01965283"
"2026","1165057000","공공시설","기타","반포2동경로당시니어라운지","서울특별시 서초구 신반포로15길 28  (반포동)","서울특별시 서초구 반포동 4-2","99.00","22","","126.9948882","37.5050980","199548.01754682","545069.94791921"
"2026","1165057000","공공시설","기타","반포느티나무쉼터","서울특별시 서초구 신반포로 127  (반포동)","서울특별시 서초구 반포동 1-23","119.00","15","","126.9982517","37.5043682","199845.41480210","544988.93867509"
"2026","1165057000","공공시설","공공청사","반포2동주민센터","서울특별시 서초구 신반포로 127  (반포동)","서울특별시 서초구 반포동 1-23","60.00","10","","126.9982544","37.5043895","199845.65358074","544991.30269630"
"2026","1165057000","특정계층이용시설","회원이용시설","반포2동경로당","서울특별시 서초구 신반포로15길 28 (반포동)","서울특별시 서초구 반포동 4-2","231.00","30","","126.9948260","37.5050769","199542.51772938","545067.60639126"
"2026","1165058000","생활밀착민간시설","기타","플러스공인중개사사무소쉼터","서울특별시 서초구 신반포로 195 (반포쇼핑타운)","서울특별시 서초구 잠원동 69-5","","8","주말, 공휴일 미운영","127.0052660","37.5065900","200465.60746336","545235.54149422"
"2026","1165058000","공공시설","기타","반포3동경로당시니어라운지","서울특별시 서초구 신반포로23길 48  (잠원동)","서울특별시 서초구 잠원동 72-1","82.00","19","","127.0035705","37.5093407","200315.68371586","545540.82691061"
"2026","1165058000","특정계층이용시설","회원이용시설","반포3동경로당","서울특별시 서초구 신반포로23길 48  (잠원동)","서울특별시 서초구 잠원동 72-1","82.00","15","","127.0032854","37.5093531","200290.47671432","545542.20223378"
"2026","1165058000","특정계층이용시설","기타","반포종합사회복지관","서울특별시 서초구 신반포로33길 22 (잠원동)","서울특별시 서초구 잠원동 60-5","20.00","6","","127.0109761","37.5099790","200970.43734313","545611.72066210"
"2026","1165058000","공공시설","공공청사","반포3동주민센터","서울특별시 서초구 신반포로23길 78 (잠원동)","서울특별시 서초구 잠원동 71-7","270.00","30","","127.0055541","37.5120789","200491.04463740","545844.74067050"
"2026","1165058100","특정계층이용시설","회원이용시설","현대동궁아파트경로당","서울특별시 서초구 사평대로 154 (현대동궁아파트)","서울특별시 서초구 반포동 64-5","98.00","6","","127.0021250","37.5004150","200187.90302888","544550.18522869"
"2026","1165058100","공공시설","공공청사","반포4동주민센터","서울특별시 서초구 사평대로28길 70 (반포동)","서울특별시 서초구 반포동 74-7","612.00","15","","127.0003062","37.4974546","200027.07679006","544221.61718730"
"2026","1165058100","특정계층이용시설","회원이용시설","반포4동경로당","서울특별시 서초구 사평대로26길 9-14 (반포동)","서울특별시 서초구 반포동 535-12","49.00","10","","126.9994709","37.4996293","199953.21386621","544462.98072385"
"2026","1165059000","생활밀착민간시설","기타","대림공인중개사사무소쉼터","서울특별시 서초구 동광로 65 (방배빌딩)","서울특별시 서초구 방배동 795-9","","6","주말, 공휴일 미운영","126.9896460","37.4928750","199084.35596303","543713.39168373"
"2026","1171057000","특정계층이용시설","회원이용시설","송파더플래티넘경로당","서울특별시 송파구 성내천로 50 (송파더 플래티넘 2동)","서울특별시 송파구 오금동 67","87.57","32","누구나 이용가능에 동의","127.1358420","37.5026870","212011.46168571","544811.01437058"
"2026","1171057000","공공시설","복지?문화?체육시설","오금청소년센터","서울특별시 송파구 동남로28길 40 (오금청소년센터)","서울특별시 송파구 오금동 135","","","","127.1411090","37.5004880","212477.54809258","544567.63886929"
"2026","1171057000","특정계층이용시설","회원이용시설","현대백조경로당101동","서울특별시 송파구 양재대로72길 15 (현대백조아파트 101동)","서울특별시 송파구 오금동 11","40.00","33","누구나 이용가능에 동의","127.1292780","37.5094360","211430.02844734","545559.24963695"
"2026","1171057000","특정계층이용시설","회원이용시설","송파두산위브경로당","서울특별시 송파구 성내천로 103 (송파 두산위브 102동)","서울특별시 송파구 오금동 135","96.90","23","누구나 이용가능에 동의","127.1414330","37.5004740","212506.20010777","544566.12805283"
"2026","1171057000","특정계층이용시설","회원이용시설","오금우방경로당","서울특별시 송파구 성내천로 87 (오금동우방아파트 102동)","서울특별시 송파구 오금동 138","72.77","21","누구나 이용가능에 동의","127.1398240","37.5014270","212363.76721715","544671.68621244"
"2026","1171057000","특정계층이용시설","회원이용시설","삼성경로당","서울특별시 송파구 문정로 197 (삼성아파트 1동)","서울특별시 송파구 오금동 160","61.00","13","누구나 이용가능에 동의","127.1394490","37.4964050","212331.43408926","544114.25978766"
"2026","1171057000","특정계층이용시설","회원이용시설","오금현대경로당","서울특별시 송파구 오금로35길 17 (현대아파트 37동)","서울특별시 송파구 오금동 43","234.00","42","누구나 이용가능에 동의","127.1264160","37.5059770","211177.50224658","545175.00093412"
"2026","1171057000","특정계층이용시설","회원이용시설","누에머리경로당","서울특별시 송파구 동남로30길 29 (누에머리공원)","서울특별시 송파구 오금동 110","153.78","17","누구나 이용가능에 동의","127.1418050","37.5037870","212538.54016275","544933.87802884"
"2026","1171057000","특정계층이용시설","회원이용시설","벌말경로당","서울특별시 송파구 동남로28길 23 (벌말경로당)","서울특별시 송파구 오금동 132","106.84","29","누구나 이용가능에 동의","127.1400270","37.5018250","212381.65153297","544715.88578686"
"2026","1171057000","특정계층이용시설","회원이용시설","목련경로당","서울특별시 송파구 동남로24길 25 (목련경로당)","서울특별시 송파구 오금동 156","90.40","23","누구나 이용가능에 동의","127.1391680","37.4989750","212306.16358644","544399.45980371"
"2026","1171057000","특정계층이용시설","회원이용시설","현대백조경로당(102동)","서울특별시 송파구 양재대로72길 20 (현대백조아파트 102동)","서울특별시 송파구 오금동 20-2","50.40","24","누구나 이용가능에 동의","127.1286780","37.5089960","211377.04660278","545510.34251988"
"2026","1171057000","특정계층이용시설","회원이용시설","백토경로당","서울특별시 송파구 양재대로72길 47-8 (백토근린공원경로당)","서울특별시 송파구 오금동 6","90.40","27","누구나 이용가능에 동의","127.1325810","37.5082080","211722.25315980","545423.36359444"
"2026","1171057000","특정계층이용시설","회원이용시설","오금경로당","서울특별시 송파구 성내천로10길 4 (오금경로당)","서울특별시 송파구 오금동 61-6","159.30","62","누구나 이용가능에 동의","127.1362340","37.5020870","212046.21963910","544744.47217494"
"2026","1171057000","특정계층이용시설","회원이용시설","송파레미니스1단지경로당","서울특별시 송파구 성내천로 6","서울특별시 송파구 오금동 616","228.70","41","누구나 이용가능에 동의","127.1356830","37.5076911","211996.60177623","545366.38521615"
"2026","1174060000","특정계층이용시설","회원이용시설","천호우성아파트경로당","서울특별시 강동구 구천면로 366 (천호동)","서울특별시 강동구 천호동 19-1","66.00","20","","127.1386990","37.5497830","212256.37676809","550038.45558974"
"2026","1174060000","특정계층이용시설","회원이용시설","동아하이빌아파트경로당","서울특별시 강동구 구천면로 278 (동아하이빌아파트 관리사무소)","서울특별시 강동구 천호동 217-132","57.00","17","특정계층 이용시설(회원만 이용)","127.1345460","37.5447180","211890.19405490","549475.76801466"
"2026","1174060000","특정계층이용시설","회원이용시설","천호1동경로당","서울특별시 강동구  구천면로36길  9-4, 103-601 (천호동)","서울특별시 강동구 천호동 278-19","130.56","40","특정계층 이용시설(회원만 이용)","127.1324178","37.5429385","211702.39732431","549277.99797103"
"2026","1174060000","특정계층이용시설","회원이용시설","십자성경로당","서울특별시 강동구 상암로28길 24 (천호동)","서울특별시 강동구 천호동 75-1","199.90","43","특정계층 이용시설(회원만 이용)","127.1370663","37.5450771","212112.86179249","549515.94549715"
"2026","1174060000","특정계층이용시설","회원이용시설","소망경로당","서울특별시 강동구  구천면로68나길  18 , 가동301 (천호동)","서울특별시 강동구 천호동 26-24","95.98","29","특정계층 이용시설(회원만 이용)","127.1417025","37.5485031","212522.00048549","549896.79779072"
"2026","1174060000","공공시설","공공청사","천호1동주민센터","서울특별시 강동구  구천면로42길  59 , 천호1파출소, 천호1동주민센터 (천호동)","서울특별시 강동구 천호동 76-2","275.00","83","폭염특보 발령시 주말, 휴일 운영","127.1367984","37.5450202","212089.19603467","549509.59580194"
"2026","1174060000","생활밀착민간시설","금융기관","국민은행굽은다리역지점","서울특별시 강동구  양재대로  1553 , 선진빌딩 (천호동)","서울특별시 강동구 천호동 44-1","425.99","129","시설 운영시간 내 쉼터 탄력적 운영(공휴일 등 미운영)","127.1420884","37.5443617","212556.79645648","549437.20355538"
"2026","1174060000","생활밀착민간시설","유통?판매?서비스시설","홈플러스강동점","서울특별시 강동구 양재대로 1571","서울특별시 강동구 천호동 42","999.00","303","시설 운영시간 내 쉼터 탄력적 운영(공휴일 등 미운영)","127.1422540","37.5457130","212571.20413997","549587.20373355"
"2026","1174060000","생활밀착민간시설","금융기관","새마을금고천호지점","서울특별시 강동구 구천면로 290 (천호동)","서울특별시 강동구 천호동 237-39","200.00","61","시설 운영시간 내 쉼터 탄력적 운영(공휴일 등 미운영)","127.1336442","37.5455917","211810.36167630","549572.62454035"
"2026","1174060000","공공시설","복지?문화?체육시설","강동구민회관","서울특별시 강동구 상암로 168","서울특별시 강동구 천호동 41","100.00","30","시설 운영시간 내 쉼터 운영(공휴일 등 미운영)","127.1410931","37.5457347","212468.60995825","549589.45758590"
"2026","1174060000","특정계층이용시설","회원이용시설","쉼터경로당","서울특별시 강동구  올림픽로89길  27-23, 천호동쉼터데이케어센터 (천호동)","서울특별시 강동구 천호동 321-22","99.85","30","특정계층 이용시설이나 관리주체(회원) 동의로 일반인 이용 가능","127.1240870","37.5468002","210965.59853382","549705.59591405"
"2026","1174061000","공공시설","복지?문화?체육시설","강동어울림복지관","서울특별시 강동구 올림픽로 741 (강동어울림복지관)","서울특별시 강동구 천호동 316-15","4,442.00","50","","127.1262570","37.5475170","211157.25520783","549785.40741459"
"2026","1174061000","특정계층이용시설","회원이용시설","천호중앙하이츠아파트경로당","서울특별시 강동구 구천면로41길 79 (중앙하이츠101동)","서울특별시 강동구 천호동 305","76.32","28","특정계층 이용시설이나 관리주체(회원) 동의로 일반인 이용 가능","127.1300040","37.5474240","211488.38976419","549775.53679599"
"2026","1174061000","특정계층이용시설","회원이용시설","강동중흥S클래스경로당","서울특별시 강동구 올림픽로78길 60 (강동밀레니얼 중흥S-클래스)","서울특별시 강동구 천호동 423-200","226.19","44","특정계층 이용시설이나 관리주체(회원) 동의로 일반인 이용 가능","127.1269610","37.5414370","211220.37849159","549110.68448458"
"2026","1174061000","공공시설","기타","강동50플러스센터","서울특별시 강동구 올림픽로 752 (강동50플러스센터)","서울특별시 강동구 천호동 287-29","","","시설 운영시간 내 쉼터 운영(공휴일 등 미운영)","127.1271330","37.5482060","211234.56342695","549861.98247124"
"2026","1174061000","공공시설","복지?문화?체육시설","해공체육문화센터","서울특별시 강동구 천중로18길 61","서울특별시 강동구 천호동 399-1","968.96","294","시설 운영시간 내 쉼터 운영(공휴일 등 미운영)","127.1297040","37.5420879","211462.69589589","549183.25735929"
"2026","1159065000","특정계층이용시설","회원이용시설","삼익그린뷰아파트경로당","서울특별시 동작구 남부순환로255길 21 (사당삼익그린뷰아파트)","서울특별시 동작구 사당동 1150","74.84","40","","126.9693340","37.4772780","197287.52383415","541982.72256356"
"2026","1159065000","특정계층이용시설","회원이용시설","사당KCC아파트경로당","서울특별시 동작구 사당로20나길 57 (케이씨씨아파트)","서울특별시 동작구 사당동 1153","30.00","20","","126.9737300","37.4813360","197676.48550666","542432.98883939"
"2026","1159065000","공공시설","공공청사","사당4동주민센터","서울특별시 동작구 사당로20나길 3 (마일스톤316)","서울특별시 동작구 사당동 316-240","271.00","50","","126.9753890","37.4814810","197823.22403389","542449.04226351"
"2026","1159065000","공공시설","복지?문화?체육시설","사당종합사회복지관","서울특별시 동작구  사당로14길  20   (사당동)","서울특별시 동작구 사당동 268-6","41.60","20","","126.9715021","37.4832750","197479.49856478","542648.24937270"
"2026","1159065000","특정계층이용시설","회원이용시설","신남성경로당","서울특별시 동작구  사당로16길  56   (사당동)","서울특별시 동작구 사당동 297-17","258.99","70","","126.9720229","37.4813537","197525.49744659","542434.99679794"
"2026","1159065000","특정계층이용시설","회원이용시설","사당4동경로당","서울특별시 동작구  사당로16라길  9   (사당동)","서울특별시 동작구 사당동 278-34","144.62","60","","126.9703237","37.4826508","197375.25294592","542579.00366004"
"2026","1159065100","특정계층이용시설","회원이용시설","삼호그린아파트경로당","서울특별시 동작구 사당로2가길 188 (삼호그린아파트)","서울특별시 동작구 사당동 1138","87.44","21","","126.9653220","37.4860900","196933.01366556","542960.86046334"
"2026","1159065100","특정계층이용시설","회원이용시설","남해오네뜨아파트경로당","서울특별시 동작구 사당로2가길 173 (남해오네뜨아파트)","서울특별시 동작구 사당동 1143","58.26","14","","126.9655930","37.4870330","196957.01965570","543065.51221163"
"2026","1159065100","특정계층이용시설","회원이용시설","제일아파트경로당","서울특별시 동작구 사당로16다길 57 (제일아파트)","서울특별시 동작구 사당동 240-15","30.00","7","","126.9695350","37.4828980","197305.50454028","542606.46185481"
"2026","1159065100","특정계층이용시설","회원이용시설","사당자이아파트경로당","서울특별시 동작구 사당로2가길 102 (사당자이아파트)","서울특별시 동작구 사당동 1139","66.69","16","","126.9623270","37.4887290","196668.24753093","543253.85642267"
"2026","1159065100","특정계층이용시설","회원이용시설","사당솔밭경로당","서울특별시 동작구 사당로 188-9","서울특별시 동작구 사당동 246-12","62.00","24","","126.9693540","37.4849360","197289.56950796","542832.65802203"
"2026","1159065100","공공시설","복지?문화?체육시설","사당솔밭도서관","서울특별시 동작구 솔밭로 86 (사당동)","서울특별시 동작구 사당동 708-1188","1,724.80","280","","126.9673306","37.4840426","197110.57911432","542733.56263311"
"2026","1159065100","공공시설","공공청사","사당5동주민센터","서울특별시 동작구  사당로2가길  219   (사당동)","서울특별시 동작구 사당동 228-11","1,269.50","50","","126.9670068","37.4856322","197082.00268648","542909.99716667"
"2026","1159065100","특정계층이용시설","회원이용시설","사당5동구립경로당","서울특별시 동작구  사당로6길  3-8  (사당동)","서울특별시 동작구 사당동 214-5","299.49","80","","126.9675831","37.4863757","197133.00044722","542992.49813054"
"2026","1159066000","특정계층이용시설","회원이용시설","대방2차e편한세상아파트경로당","서울특별시 동작구 알마타길 53 (대방2차 e-편한세상)","서울특별시 동작구 대방동 507","21.00","20","","126.9309300","37.5120650","193893.43700585","545845.42475528"
"2026","1159066000","특정계층이용시설","회원이용시설","대방대림아파트경로당","서울특별시 동작구 여의대방로44길 10 (대림아파트)","서울특별시 동작구 대방동 501","168.00","60","","126.9247440","37.5073190","193346.10384580","545319.09873956"
"2026","1159066000","특정계층이용시설","회원이용시설","우정아파트경로당","서울특별시 동작구 여의대방로62길 23 (우정아파트)","서울특별시 동작구 대방동 505","101.00","60","","126.9297310","37.5142170","193787.61031375","546084.34792773"
"2026","1165059000","특정계층이용시설","회원이용시설","롯데캐슬헤론아파트경로당","서울특별시 서초구 동광로1길 112 (롯데캐슬헤론)","서울특별시 서초구 방배동 754-1","150.00","30","","126.9845190","37.4969500","198631.03001725","544165.72569009"
"2026","1165059000","특정계층이용시설","회원이용시설","서초구립기녕당경로당","서울특별시 서초구 방배중앙로 159-6","서울특별시 서초구 방배동 778-16","110.00","15","","126.9859304","37.4933310","198755.77872936","543764.04434031"
"2026","1165059000","공공시설","공공청사","방배본동주민센터","서울특별시 서초구 동광로19길 38 (방배동)","서울특별시 서초구 방배동 774-9","60.00","10","","126.9888264","37.4941178","199011.89195590","543851.33450927"
"2026","1165060000","특정계층이용시설","회원이용시설","소정회경로당","서울특별시 서초구 방배로15길 56","서울특별시 서초구 방배동 929-11","28.00","6","","126.9928460","37.4832850","199367.26338847","542649.00183559"
"2026","1165060000","특정계층이용시설","회원이용시설","방배브라운경로당","서울특별시 서초구 방배로19길 67 (방배 브라운가 아파트 102동)","서울특별시 서초구 방배동 930-1","45.00","10","","126.9920070","37.4835340","199293.06025258","542676.64349887"
"2026","1165060000","공공시설","복지?문화?체육시설","서초방배숲환경도서관","서울특별시 서초구 서초대로 160-7 (방배동)","서울특별시 서초구 방배동 126-1","20.00","6","매주 금요일, 법정 공휴일 휴관 / 폭염 특보시 주말 연장쉼터 운영(13~17시)","127.0001212","37.4890038","200010.71873523","543283.68897771"
"2026","1165060000","공공시설","공공청사","방배1동주민센터","서울특별시 서초구 효령로29길 43 (방배동)","서울특별시 서초구 방배동 922-18","30.00","10","","126.9945046","37.4833701","199513.95906761","542658.43695165"
"2026","1165060000","특정계층이용시설","회원이용시설","방배1동제1경로당","서울특별시 서초구 서초대로 114-8 (방배동)","서울특별시 서초구 방배동 144-18","30.00","10","","126.9947133","37.4875575","199532.44364617","543123.18186655"
"2026","1165061000","생활밀착민간시설","기타","인연공인중개사사무소쉼터","서울특별시 서초구 방배천로2안길 105","서울특별시 서초구 방배동 456-4","","8","주말, 공휴일 미운영","126.9839520","37.4817240","198580.60268115","542475.84850660"
"2026","1165061000","공공시설","기타","청두어린이공원서초에코쉼터","","서울특별시 서초구 방배동 463-14","","10","7~8월 : 09시~20시 운영 수용가능인원 10명","126.9850070","37.4806230","198673.89480029","542353.63678741"
"2026","1165061000","특정계층이용시설","회원이용시설","방배우성아파트경로당","서울특별시 서초구 방배선행길 1 (방배우성아파트 관리동)","서울특별시 서초구 방배동 2525-1","73.00","5","","126.9832310","37.4742620","198516.68491748","541647.67743483"
"2026","1165061000","특정계층이용시설","회원이용시설","방배래미안경로당","서울특별시 서초구 방배선행길 2 (방배래미안아파트 관리.노인정)","서울특별시 서초구 방배동 2626","40.00","5","","126.9839820","37.4726440","198583.08467002","541468.08965246"
"2026","1165061000","특정계층이용시설","회원이용시설","방배팔일경로당","서울특별시 서초구 과천대로 908 (방배에스에이치빌아파트 101동)","서울특별시 서초구 방배동 2626-3","34.00","7","","126.9835210","37.4720650","198542.29442889","541403.83549459"
"2026","1165061000","특정계층이용시설","회원이용시설","남태령경로당","서울특별시 서초구 전원말안길 2 (마을회관)","서울특별시 서초구 방배동 2762-1","66.00","7","","126.9891430","37.4663510","199039.53431450","540769.58670273"
"2026","1165061000","특정계층이용시설","기타","까리따스방배종합사회복지관","서울특별시 서초구 남부순환로 2124 (방배동)","서울특별시 서초구 방배동 3274","20.00","6","","126.9842291","37.4746878","198604.98055267","541694.92025781"
"2026","1165061000","공공시설","공공청사","방배2동주민센터","서울특별시 서초구 청두곶길 36 (방배동)","서울특별시 서초구 방배동 462-13","499.00","30","","126.9855514","37.4797645","198722.03142858","542258.34720794"
"2026","1165061000","특정계층이용시설","회원이용시설","방배노인종합복지관","서울특별시 서초구 방배천로 48 (방배동)","서울특별시 서초구 방배동 455-11","139.50","35","폭염 특보시 주말 연장쉼터 운영(13~17시)","126.9828048","37.4807436","198479.11642074","542367.05507278"
"2026","1171057000","특정계층이용시설","회원이용시설","송파레미니스2단지경로당","서울특별시 송파구 동남로 341 (오금동, 송파레미니스2단지)","서울특별시 송파구 오금동 617","228.70","32","누구나 이용가능에 동의","127.1381181","37.5063981","212212.11527714","545223.19192205"
"2026","1171057000","공공시설","공공청사","오금동주민센터","서울특별시 송파구 중대로25길 5 (오금동주민센터)","서울특별시 송파구 오금동 50-1","1,168.77","20","","127.1280980","37.5029400","211326.68088973","544838.13393886"
"2026","1171058000","특정계층이용시설","회원이용시설","한양1차경로당","서울특별시 송파구 가락로 187 (한양아파트 6동)","서울특별시 송파구 송파동 119","93.00","21","누구나 이용가능에 동의","127.1138320","37.5057750","210064.87163780","545151.16123362"
"2026","1171058000","특정계층이용시설","회원이용시설","송파제1경로당","서울특별시 송파구 송파대로42길 29 (송파동)","서울특별시 송파구 송파동 113","113.94","437","누구나 이용가능에 동의","127.1104941","37.5063428","209769.66493943","545213.82800624"
"2026","1171058000","특정계층이용시설","회원이용시설","호수경로당","서울특별시 송파구 송파대로48길 28 (송파동)","서울특별시 송파구 송파동 34","108.58","38","누구나 이용가능에 동의","127.1071401","37.5099140","209472.65966997","545609.84272300"
"2026","1171058000","공공시설","공공청사","송파1동주민센터","서울특별시 송파구 백제고분로 392 (송파동)","서울특별시 송파구 송파동 113-1","1,482.88","20","","127.1093462","37.5063102","209668.17411393","545210.09127100"
"2026","1171059000","공공시설","복지?문화?체육시설","소나무언덕4호작은도서관","서울특별시 송파구 송이로 34 (소나무언덕4호작은도서관)","서울특별시 송파구 송파동 173-21","246.00","45","","127.1168130","37.5021940","210328.94104885","544754.03917014"
"2026","1171059000","특정계층이용시설","회원이용시설","삼성래미안경로당","서울특별시 송파구 오금로32길 14 (송파삼성래미안아파트 관리사무소)","서울특별시 송파구 송파동 162","132.51","59","누구나 이용가능에 동의 여름휴가로 미개방 (2025.7.28~8.1)","127.1189690","37.5053240","210519.14168344","545101.66781616"
"2026","1171059000","특정계층이용시설","회원이용시설","삼익경로당","서울특별시 송파구 오금로32길 5 (가락삼익맨숀 관리사무소)","서울특별시 송파구 송파동 166","118.80","12","누구나 이용가능에 동의","127.1208020","37.5043720","210681.34973701","544996.21447723"
"2026","1171059000","특정계층이용시설","회원이용시설","송파미성경로당","서울특별시 송파구 오금로32길 10 (미성맨션)","서울특별시 송파구 송파동 161","74.40","20","누구나 이용가능에 동의","127.1190740","37.5057170","210528.37051084","545145.29752900"
"2026","1171059000","특정계층이용시설","회원이용시설","한양2차경로당","서울특별시 송파구 가락로 192 (송파동)","서울특별시 송파구 송파동 151","146.20","29","누구나 이용가능에 동의","127.1150940","37.5045940","210176.61631840","545020.22108090"
"2026","1171059000","특정계층이용시설","회원이용시설","송파제2경로당","서울특별시 송파구 송파대로38길 1 (송파동)","서울특별시 송파구 송파동 97-41","90.50","41","누구나 이용가능에 동의","127.1119000","37.5007000","209894.71647497","544587.69655338"
"2026","1171059000","특정계층이용시설","회원이용시설","래미안송파파인탑경로당","서울특별시 송파구 송파동 오금로32길  31 , 래미안송파파인탑 (송파동, 래미안 송파 파인탑)","서울특별시 송파구 송파동 243","113.06","17","누구나 이용가능에 동의","127.1201893","37.5030558","210627.36115666","544850.06379849"
"2026","1171058000","공공시설","공공청사","송파2동주민센터","서울특별시 송파구 송이로 32 (송파2동주민센터)","서울특별시 송파구 송파동 173","940.90","20","","127.1167220","37.5023340","210320.87529366","544769.56738636"
"2026","1171060000","공공시설","복지?문화?체육시설","돌마리도서관","서울특별시 송파구 백제고분로37길 16 (석촌동주민센터)","서울특별시 송파구 석촌동 265","265.00","60","","127.1036660","37.5035950","209166.27390891","544908.17047058"
"2026","1174060000","특정계층이용시설","회원이용시설","천호2동경로당","서울특별시 강동구  구천면로13길  21 , 천호경로당 (천호동)","서울특별시 강동구 천호동 338-19","156.00","47","특정계층 이용시설이나 관리주체(회원) 동의로 일반인 이용 가능","127.1225191","37.5429708","210827.59660482","549280.39695192"
"2026","1174061000","공공시설","공공청사","천호2동주민센터","서울특별시 강동구 올림픽로80길 60","서울특별시 강동구 천호동 422-12","580.65","176","폭염특보 발령시 주말, 휴일 운영","127.1283410","37.5424530","211342.18430697","549223.61375777"
"2026","1174060000","생활밀착민간시설","금융기관","강동농협로데오지점","서울특별시 강동구  천호대로157길  53 , 강동농협 로데오지점 (천호동)","서울특별시 강동구 천호동 421-10","40.00","12","시설 운영시간 내 쉼터 탄력적 운영(공휴일 등 미운영)","127.1275294","37.5401832","211270.80048957","548971.59586209"
"2026","1174061000","특정계층이용시설","회원이용시설","곡교경로당","서울특별시 강동구 구천면로39길 23","서울특별시 강동구 천호동 300","101.20","31","특정계층 이용시설이나 관리주체(회원) 동의로 일반인 이용 가능","127.1318383","37.5454043","211650.80036145","549551.60008073"
"2026","1174061000","특정계층이용시설","회원이용시설","해공경로당","서울특별시 강동구 천중로12길 23-23 (천호동)","서울특별시 강동구 천호동 363-5","90.00","27","특정계층 이용시설이나 관리주체(회원) 동의로 일반인 이용 가능","127.1284059","37.5438117","211347.71393405","549374.42087774"
"2026","1174060000","생활밀착민간시설","금융기관","농협천호동지점","서울특별시 강동구  올림픽로  659   (천호동)","서울특별시 강동구 천호동 432-10","50.00","15","시설 운영시간 내 쉼터 탄력적 운영(공휴일 등 미운영)","127.1235648","37.5403064","210920.39873595","548984.80175343"
"2026","1174061000","생활밀착민간시설","유통?판매?서비스시설","현대백화점천호점","서울특별시 강동구 천호대로 1005 (천호동)","서울특별시 강동구 천호동 572","999.00","303","시설 운영시간 내 쉼터 탄력적 운영(공휴일 등 미운영)","127.1244335","37.5389797","210997.36750810","548837.65541140"
"2026","1174061000","생활밀착민간시설","유통?판매?서비스시설","이마트천호점","서울특별시 강동구 천호대로 1017","서울특별시 강동구 천호동 454-1","999.00","303","시설 운영시간 내 쉼터 탄력적 운영(공휴일 등 미운영)","127.1251463","37.5387298","211060.40133655","548810.00315125"
"2026","1174061000","특정계층이용시설","회원이용시설","구립해공노인복지관","서울특별시 강동구 천중로17길 42-16","서울특별시 강동구 천호동 302-4","597.79","181","","127.1317270","37.5461810","211640.84378888","549637.79065537"
"2026","1174061000","특정계층이용시설","회원이용시설","천호문구거리경로당","서울특별시 강동구 구천면로18길 24","서울특별시 강동구 천호동 457-45","75.21","23","특정계층 이용시설(회원만 이용)","127.1225878","37.5406534","210834.00327530","549023.20152778"
"2026","1174061000","생활밀착민간시설","종교시설","구강사","서울특별시 강동구 천중로 64","서울특별시 강동구 천호동 363","50.00","15","시설 운영시간 내 쉼터 탄력적 운영(공휴일 등 미운영)","127.1288199","37.5448184","211384.14761125","549486.20248714"
"2026","1174061000","공공시설","복지?문화?체육시설","해공도서관","서울특별시 강동구 올림픽로 702","서울특별시 강동구 천호동 360","100.00","30","공통휴관일: 일요일을 제외한 법정 공휴일, 도서관 사정에 의한 임시 휴관일  어린이, 디지털 자료실은 평일 18시, 주말에는 17시까지 운영","127.1255490","37.5438370","211095.23504458","549376.88791285"
"2026","1174061000","생활밀착민간시설","금융기관","신한은행천호동금융센터점","서울특별시 강동구 올림픽로 674","서울특별시 강동구 천호동 355","50.00","15","시설 운영시간 내 쉼터 탄력적 운영(공휴일 등 미운영)","127.1248217","37.5414405","211031.31388799","549110.81981479"
"2026","1174062000","공공시설","복지?문화?체육시설","북카페도서관다독다독고분다리시장점","서울특별시 강동구 구천면로34길 16","서울특별시 강동구 천호동 397-350","","","","127.1320400","37.5422300","211669.11973221","549199.31607950"
"2026","1174062000","공공시설","복지?문화?체육시설","천호도서관","서울특별시 강동구 성안로31마길 1 (천호3동제2공영주차장)","서울특별시 강동구 천호동 174-1","997.00","175","","127.1341230","37.5405290","211853.47556862","549010.78621391"
"2026","1174062000","특정계층이용시설","회원이용시설","천호현대타워(아)경로당","서울특별시 강동구 천호대로 1095 (현대코아아파트)","서울특별시 강동구 천호동 565","36.30","11","특정계층 이용시설이나 관리주체(회원) 동의로 일반인 이용 가능","127.1336760","37.5359540","211814.69255004","548502.96061113"
"2026","1174062000","특정계층이용시설","회원이용시설","천호성원아파트경로당","서울특별시 강동구 진황도로31길 26 (성원아파트)","서울특별시 강동구 천호동 564","50.50","15","특정계층 이용시설이나 관리주체(회원) 동의로 일반인 이용 가능","127.1342160","37.5387440","211861.97746479","548812.68460652"
"2026","1159066000","특정계층이용시설","회원이용시설","성원아파트경로당","서울특별시 동작구 여의대방로 256 (성원아파트 상가)","서울특별시 동작구 대방동 500","30.00","20","","126.9260750","37.5095820","193463.98396313","545570.16953745"
"2026","1159066000","특정계층이용시설","회원이용시설","대방2차현대아파트경로당","서울특별시 동작구 알마타길 58 (대방2차현대아파트)","서울특별시 동작구 대방동 506","76.00","40","","126.9312660","37.5107920","193923.03997225","545704.11620375"
"2026","1159066000","특정계층이용시설","회원이용시설","대방동현대1차아파트경로당","서울특별시 동작구 등용로 127 (대방동현대아파트)","서울특별시 동작구 대방동 502","114.48","60","","126.9307840","37.5127050","193880.58121849","545916.46610696"
"2026","1159066000","특정계층이용시설","회원이용시설","경남아너스빌아파트경로당","서울특별시 동작구 여의대방로54길 6 (대방동경남아너스빌 관리/노인정)","서울특별시 동작구 대방동 512","82.00","40","","126.9256930","37.5114510","193430.37356305","545777.63132706"
"2026","1159066000","특정계층이용시설","회원이용시설","대방경로당","서울특별시 동작구 여의대방로36길 99 (학구단위노인회)","서울특별시 동작구 대방동 20-6","82.00","40","","126.9315010","37.5086450","193943.64350022","545465.81144731"
"2026","1159066000","특정계층이용시설","회원이용시설","코오롱하늘채아파트경로당","서울특별시 동작구 여의대방로24다길 40 (보라매코오롱하늘채아파트)","서울특별시 동작구 대방동 509","38.00","44","","126.9231290","37.4985520","193202.51589339","544346.19009467"
"2026","1159066000","특정계층이용시설","회원이용시설","대방주공2단지아파트경로당","서울특별시 동작구 여의대방로44길 47 (대방1,2단지주공아파트)","서울특별시 동작구 대방동 503","126.00","60","","126.9294930","37.5095360","193766.17974310","545564.83219994"
"2026","1159066000","공공시설","공공청사","대방동주민센터","서울특별시 동작구  여의대방로44길  20   (대방동)","서울특별시 동작구 대방동 501-2","956.55","50","","126.9263395","37.5081683","193487.24668685","545413.24855420"
"2026","1159066000","공공시설","복지?문화?체육시설","동작종합사회복지관","서울특별시 동작구  등용로  47   (대방동)","서울특별시 동작구 대방동 5-1","115.00","60","","126.9333427","37.5057668","194106.25161796","545146.25117116"
"2026","1159066000","공공시설","복지?문화?체육시설","대방종합사회복지관","서울특별시 동작구  여의대방로44길  47   (대방동, 대방2단지주공아파트)","서울특별시 동작구 대방동 503","22.30","15","","126.9300927","37.5101708","193819.25409045","545635.24734237"
"2026","1159066000","특정계층이용시설","회원이용시설","대방중앙경로당","서울특별시 동작구  여의대방로24라길  4   (대방동)","서울특별시 동작구 대방동 407-48","204.36","80","","126.9226176","37.4981152","193157.25438026","544297.74801544"
"2026","1159066000","특정계층이용시설","회원이용시설","북대방경로당","서울특별시 동작구  여의대방로54길  24   (대방동)","서울특별시 동작구 대방동 346-19","122.80","60","","126.9277976","37.5121291","193616.50312075","545852.74694107"
"2026","1159066000","특정계층이용시설","회원이용시설","대방주공1단지아파트경로당","서울특별시 동작구 여의대방로44길 47","서울특별시 동작구 대방동 503","154.80","60","","126.9301090","37.5101720","193820.69532887","545635.37945653"
"2026","1159066000","특정계층이용시설","회원이용시설","신대방2동경로당","서울특별시 동작구  여의대방로24가길  2   (대방동)","서울특별시 동작구 대방동 407-8","290.00","72","","126.9212576","37.4982089","193037.00142451","544308.24724145"
"2026","1159066000","공공시설","복지?문화?체육시설","동작노인종합복지관","서울특별시 동작구  상도로11길  7 , 동작노인복지관 (대방동)","서울특별시 동작구 대방동 335-10","26.30","25","","126.9291348","37.5004191","193733.74782057","544552.99721794"
"2026","1159067000","특정계층이용시설","회원이용시설","숲속마을신동아파밀리에경로당","서울특별시 동작구 여의대방로10길 100 (숲속마을 신동아 파밀리에)","서울특별시 동작구 신대방동 717","74.47","74","","126.9145520","37.4917200","192443.38768170","543588.58105473"
"2026","1159067000","특정계층이용시설","회원이용시설","동작상떼빌아파트경로당","서울특별시 동작구 신대방1가길 38 (동작상떼빌아파트 101동)","서울특별시 동작구 신대방동 719","164.97","164","","126.9068820","37.4875460","191764.63120027","543125.96514626"
"2026","1165062000","특정계층이용시설","회원이용시설","대우효령아파트경로당","서울특별시 서초구 효령로 84 (대우효령아파트 방배대우효령노인정)","서울특별시 서초구 방배동 1038","60.00","10","","126.9937990","37.4795490","199451.52431023","542234.34959543"
"2026","1165062000","특정계층이용시설","회원이용시설","방배3동제2경로당","서울특별시 서초구 남부순환로287길 17  (방배동, 방배3동 경로당)","서울특별시 서초구 방배동 478-13","113.00","20","","126.9873992","37.4765392","198885.42014652","541900.35856839"
"2026","1165062000","공공시설","기타","방배느티나무쉼터","서울특별시 서초구 남부순환로287길 17-6","서울특별시 서초구 방배동 478-14","535.00","8","","126.9872752","37.4765288","198874.45180579","541899.20578268"
"2026","1165062000","공공시설","공공청사","방배3동주민센터","서울특별시 서초구 방배로 40 (방배동)","서울특별시 서초구 방배동 1023-3","354.00","20","","126.9999906","37.4784478","199999.16856198","542112.11304643"
"2026","1165062100","공공시설","기타","서초시니어라운지","서울특별시 서초구 방배중앙로 118","서울특별시 서초구 방배동 820-28","120.00","15","","126.9877290","37.4897250","198914.78270819","543363.80340497"
"2026","1165062100","공공시설","기타","방배4동느타나무쉼터","서울특별시 서초구 방배중앙로 118","서울특별시 서초구 방배동 820-28","120.00","15","","126.9877290","37.4897250","198914.78270819","543363.80340497"
"2026","1165062100","생활밀착민간시설","기타","미래공인중개사사무소쉼터","서울특별시 서초구 동광로 12-1","서울특별시 서초구 방배동 2106","","6","주말, 공휴일 미운영","126.9842090","37.4907370","198603.50133753","543476.16849819"
"2026","1165062100","생활밀착민간시설","기타","주은공인중개사사무소쉼터","서울특별시 서초구 방배천로 158","서울특별시 서초구 방배동 830-2","","8"," 주말, 공휴일 미운영","126.9872950","37.4892220","198876.39327308","543307.98211631"
"2026","1165062100","생활밀착민간시설","기타","두꺼비공인중개사사무소쉼터","서울특별시 서초구 방배로27길 9 (덕산빌딩)","서울특별시 서초구 방배동 852-1","","8","주말, 공휴일 미운영","126.9916380","37.4897170","199260.48504994","543362.87762605"
"2026","1165062100","공공시설","기타","뒷벌어린이공원서초에코쉼터","","서울특별시 서초구 방배동 821-1","","10","7~8월 : 09시~20시 운영 ","126.9867910","37.4905710","198831.84145171","543457.70950791"
"2026","1165062100","특정계층이용시설","회원이용시설","방배2차현대홈타운경로당","서울특별시 서초구 서초대로1길 34 (방배2차현대홈타운 상가)","서울특별시 서초구 방배동 2001","122.00","30","","126.9839820","37.4902420","198583.41693428","543421.23339474"
"2026","1165062100","특정계층이용시설","회원이용시설","방배1차현대아파트경로당","서울특별시 서초구 서초대로1길 30 (방배1차현대아파트 부대복리시설)","서울특별시 서초구 방배동 1344","76.80","20","","126.9838860","37.4883530","198574.89110097","543211.58070984"
"2026","1165062100","공공시설","공공청사","방배4동주민센터","서울특별시 서초구 방배로 173 (방배동)","서울특별시 서초구 방배동 852-14","552.59","20","","126.9922382","37.4889889","199313.55861620","543282.06356479"
"2026","1165062100","특정계층이용시설","회원이용시설","방배4동경로당","서울특별시 서초구 방배중앙로19길 4 (방배동)","서울특별시 서초구 방배동 821-1","146.00","30","","126.9869113","37.4899572","198842.47089858","543389.58429084"
"2026","1165061000","특정계층이용시설","회원이용시설","방배2동제2경로당","서울특별시 서초구 방배천로16길 5 (방배동)","서울특별시 서초구 방배동 437-8","185.00","25","","126.9830826","37.4822446","198503.71724759","542533.64164288"
"2026","1165062000","공공시설","복지?문화?체육시설","방배유스센터","서울특별시 서초구 방배로5길 11 (구립방배유스센터)","서울특별시 서초구 방배동 1031-4","","20","공휴일 미운영","126.9990660","37.4783050","199917.38674631","542096.26456540"
"2026","1165065100","특정계층이용시설","기타","우면종합사회복지관","서울특별시 서초구 바우뫼로 43 (바우뫼복지문화센터)","서울특별시 서초구 우면동 68-1","20.00","6","","127.0268850","37.4717580","202378.21316834","541369.97455504"
"2026","1165065100","생활밀착민간시설","기타","골드힐스공인중개사사무소쉼터","서울특별시 서초구 양재대로2길 90 (서초힐스)","서울특별시 서초구 우면동 773","","6","주말, 공휴일 미운영","127.0167970","37.4563610","201486.14613574","539660.91060297"
"2026","1171060000","특정계층이용시설","회원이용시설","오봉산경로당","서울특별시 송파구 석촌호수로20길 13 (오봉산경로당)","서울특별시 송파구 석촌동 162","106.84","34","누구나 이용가능에 동의","127.1024850","37.5061960","209061.53404793","545196.73374097"
"2026","1171060000","특정계층이용시설","회원이용시설","돌마리경로당","서울특별시 송파구 가락로7길 4 (돌마리어린이공원경로당)","서울특별시 송파구 석촌동 258","155.79","58","누구나 이용가능에 동의","127.1034450","37.5005190","209147.10805830","544566.75257873"
"2026","1171060000","특정계층이용시설","회원이용시설","석촌경로당","서울특별시 송파구 백제고분로40길 13-16 (석촌주민복지관)","서울특별시 송파구 석촌동 289-2","157.83","27","누구나 이용가능에 동의","127.1074430","37.5035760","209500.24335452","544906.43629142"
"2026","1171060000","공공시설","공공청사","석촌동주민센터","서울특별시 송파구 백제고분로37길 16 (석촌동주민센터)","서울특별시 송파구 석촌동 265","1,051.61","20","","127.1036660","37.5035950","209166.27390891","544908.17047058"
"2026","1171061000","공공시설","복지?문화?체육시설","삼전종합사회복지관","서울특별시 송파구 백제고분로32길 35 (삼전종합사회복지관)","서울특별시 송파구 삼전동 172","","","주말은 둘째주 토요일만 추가 운영","127.0949480","37.4991290","208395.91759617","544411.68865398"
"2026","1171061000","특정계층이용시설","회원이용시설","송파노인종합복지관","서울특별시 송파구 백제고분로32길 41  (삼전동)","서울특별시 송파구 삼전동 172-2","4,901.00","30","누구나 이용 가능","127.0948997","37.4987229","208391.69204090","544366.61250295"
"2026","1171061000","특정계층이용시설","회원이용시설","삼전제1경로당","서울특별시 송파구 백제고분로32길 6-30 (삼전동)","서울특별시 송파구 삼전동 62-1","187.30","25","누구나 이용가능에 동의 7/14부로 연장쉼터 지정해제 요청함(일반쉼터로 전환)","127.0933199","37.5018190","208251.65438242","544710.09992246"
"2026","1171061000","특정계층이용시설","회원이용시설","삼전제2경로당","서울특별시 송파구 백제고분로27길 40-24 (삼전제2경로당)","서울특별시 송파구 삼전동 110-7","54.20","14","누구나 이용가능에 동의","127.0954940","37.5061620","208443.40643925","545192.30996272"
"2026","1171061000","공공시설","공공청사","삼전동주민센터","서울특별시 송파구 백제고분로 236 (삼전동주민센터)","서울특별시 송파구 삼전동 62","1,099.24","20","","127.0925490","37.5027740","208183.38460711","544816.02530925"
"2026","1171062000","특정계층이용시설","회원이용시설","가락쌍용3차경로당","서울특별시 송파구 송이로21길 23 (가락3차 쌍용스윗닷홈 101동)","서울특별시 송파구 가락동 53","40.60","19","누구나 이용가능에 동의","127.1236730","37.4974840","210936.20909363","544232.06491188"
"2026","1171062000","특정계층이용시설","회원이용시설","가락쌍용2차경로당","서울특별시 송파구 송이로15길 31 (가락2차쌍용아파트 노인.관리동)","서울특별시 송파구 가락동 21-6","119.19","20","누구나 이용가능에 동의","127.1222010","37.5021300","210805.37289560","544747.54096113"
"2026","1171062000","특정계층이용시설","회원이용시설","가락대림경로당","서울특별시 송파구 송이로 88","서울특별시 송파구 가락동 70-20","86.00","12","누구나 이용가능에 동의","127.1193120","37.4989830","210550.36167173","544397.93675533"
"2026","1171062000","특정계층이용시설","회원이용시설","가락우성경로당","서울특별시 송파구 송파대로32길 8 (가락우성아파트 상가)","서울특별시 송파구 가락동 96-1","81.50","48","폭염특보시 연장운영, 누구나 이용가능에 동의","127.1180320","37.4971910","210437.42491611","544198.90522892"
"2026","1171062000","특정계층이용시설","회원이용시설","가락우성2차경로당","서울특별시 송파구 중대로12길 35 (가락우성2차아파트 101동)","서울특별시 송파구 가락동 120-4","26.68","21","누구나 이용가능에 동의","127.1256660","37.4915980","211113.31915629","543579.02883937"
"2026","1174062000","특정계층이용시설","회원이용시설","천호삼성아파트(할아버지)경로당","서울특별시 강동구 성안로25길 6 (삼성아파트)","서울특별시 강동구 천호동 528","23.14","34","특정계층 이용시설이나 관리주체(회원) 동의로 일반인 이용 가능","127.1352030","37.5387560","211949.20641200","548814.14142216"
"2026","1174062000","특정계층이용시설","회원이용시설","천호삼성아파트(할머니)경로당","서울특별시 강동구 성안로25길 15 (삼성아파트)","서울특별시 강동구 천호동 528-2","45.00","30","특정계층 이용시설이나 관리주체(회원) 동의로 일반인 이용 가능","127.1346030","37.5376890","211896.34805139","548695.64132706"
"2026","1174062000","특정계층이용시설","회원이용시설","래미안강동팰리스경로당","서울특별시 강동구 천호대로 1077 (래미안강동팰리스 103동)","서울특별시 강동구 천호동 571","185.55","56","특정계층 이용시설이나 관리주체(회원) 동의로 일반인 이용 가능","127.1320720","37.5373730","211672.70488762","548660.25199935"
"2026","1174062000","특정계층이용시설","회원이용시설","천호태영A제2경로당","서울특별시 강동구 천호대로 1055 (천호동, 천호태영아파트)","서울특별시 강동구 천호동 566","25.50","8","특정계층 이용시설이나 관리주체(회원) 동의로 일반인 이용 가능","127.1301225","37.5387373","211500.19579415","548811.43249385"
"2026","1174062000","특정계층이용시설","회원이용시설","천호태영A제1경로당","서울특별시 강동구 천호대로 1055 (천호동, 천호태영아파트)","서울특별시 강동구 천호동 566","54.60","17","특정계층 이용시설이나 관리주체(회원) 동의로 일반인 이용 가능","127.1297528","37.5380049","211467.63394265","548730.09985579"
"2026","1174062000","생활밀착민간시설","금융기관","동서울신용협동조합천호지점","서울특별시 강동구 구천면로 236","서울특별시 강동구 천호동 529","50.00","15","시설 운영시간 내 쉼터 탄력적 운영(공휴일 등 미운영)","127.1305630","37.5413757","211538.72050733","549104.31684305"
"2026","1174062000","특정계층이용시설","회원이용시설","천호3동(여)경로당","서울특별시 강동구 진황도로23길 7 (천호3동주민센터)","서울특별시 강동구 천호동 555","179.00","25","특정계층 이용시설이나 관리주체(회원) 동의로 일반인 이용 가능","127.1297710","37.5398280","211468.96323380","548932.44401371"
"2026","1174062000","특정계층이용시설","회원이용시설","당말경로당","서울특별시 강동구  성안로31길  11   (천호동)","서울특별시 강동구 천호동 121-72","122.94","37","특정계층 이용시설이나 관리주체(회원) 동의로 일반인 이용 가능","127.1359797","37.5403360","212017.59740764","548989.60122550"
"2026","1174060000","특정계층이용시설","회원이용시설","천삼경로당","서울특별시 강동구  진황도로  13   (천호동)","서울특별시 강동구 천호동 551-9","89.00","27","특정계층 이용시설이나 관리주체(회원) 동의로 일반인 이용 가능","127.1292171","37.5399039","211419.99879827","548940.80057897"
"2026","1174062000","공공시설","공공청사","천호3동주민센터","서울특별시 강동구 진황도로23길 7 (천호3동주민센터)","서울특별시 강동구 천호동 555","303.35","92","폭염특보 발령시 주말, 휴일 운영","127.1297850","37.5399300","211470.18490805","548943.76648327"
"2026","1174068500","공공시설","복지?문화?체육시설","강동종합사회복지관","서울특별시 강동구 진황도로23길 7","서울특별시 강동구 천호동 555","400.00","121","시설 운영시간 내 쉼터 운영(공휴일 등 미운영)","127.1297850","37.5399640","211470.17969972","548947.54007063"
"2026","1174062000","생활밀착민간시설","금융기관","기업은행천호동지점","서울특별시 강동구 천호대로 1033","서울특별시 강동구 천호동 453-15","200.00","61","시설 운영시간 내 쉼터 탄력적 운영(공휴일 등 미운영)","127.1269598","37.5378953","211220.80316548","548717.59865569"
"2026","1174062000","생활밀착민간시설","금융기관","KEB하나은행강동역점","서울특별시 강동구 천호대로 1089","서울특별시 강동구 천호동 447-17","50.00","15","시설 운영시간 내 쉼터 탄력적 운영(공휴일 등 미운영)","127.1332000","37.5361000","211772.59924701","548519.10513427"
"2026","1174062000","특정계층이용시설","회원이용시설","구사거리경로당","서울특별시 강동구 천호대로161길 21 (천호동, 어바니엘)","서울특별시 강동구 천호동 452-22","50.00","15","특정계층 이용시설이나 관리주체(회원) 동의로 일반인 이용 가능","127.1289000","37.5382000","211392.23322837","548751.64992553"
"2026","1174064000","특정계층이용시설","회원이용시설","올림픽파크한양수자인경로당","서울특별시 강동구 성내로 80 (올림픽파크한양수자인105동)","서울특별시 강동구 성내동 606","90.21","37","특정계층 이용시설(회원만 이용)","127.1281950","37.5267470","211331.65767208","547480.42238404"
"2026","1159067000","특정계층이용시설","회원이용시설","보라매롯데낙천대아파트경로당","서울특별시 동작구 여의대방로10길 38 (보라매롯데낙천대아파트)","서울특별시 동작구 신대방동 713","136.20","136","","126.9135110","37.4943070","192351.59041006","543875.78833736"
"2026","1159067000","특정계층이용시설","회원이용시설","경남교수아파트경로당","서울특별시 동작구 여의대방로10길 14 (경남교수아파트)","서울특별시 동작구 신대방동 710","63.00","63","","126.9135560","37.4959820","192355.74058388","544061.68787065"
"2026","1159067000","특정계층이용시설","회원이용시설","신대방현대아파트경로당","서울특별시 동작구 여의대방로 28 (현대아파트)","서울특별시 동작구 신대방동 707","93.00","93","","126.9122300","37.4944890","192238.32761733","543896.09282105"
"2026","1159067000","특정계층이용시설","회원이용시설","우성2차아파트경로당","서울특별시 동작구 여의대방로 8 (신대방2차우성아파트)","서울특별시 동작구 신대방동 565-21","119.00","119","","126.9103590","37.4928110","192072.69405052","543710.01263522"
"2026","1159067000","특정계층이용시설","회원이용시설","우성1차아파트경로당","서울특별시 동작구 여의대방로 22 (우성아파트 2동)","서울특별시 동작구 신대방동 565","125.00","125","","126.9116470","37.4923170","192186.54551639","543655.07740399"
"2026","1159067000","특정계층이용시설","회원이용시설","현진에버빌아파트경로당","서울특별시 동작구 신대방1나길 45 (현진에버빌 관리,노인정)","서울특별시 동작구 신대방동 716","55.62","55","","126.9069890","37.4859640","191773.92083449","542950.37463370"
"2026","1159067000","특정계층이용시설","회원이용시설","경남아파트경로당","서울특별시 동작구 신대방길 85 (경남아파트 노인정/관리사무소)","서울특별시 동작구 신대방동 712","83.00","83","","126.9084280","37.4893940","191901.55918681","543330.93474342"
"2026","1159067000","공공시설","공공청사","신대방1동주민센터","서울특별시 동작구  신대방길  72   (신대방동)","서울특별시 동작구 신대방동 604-8","749.49","60","","126.9100392","37.4889453","192044.00286969","543280.99755235"
"2026","1159067000","특정계층이용시설","회원이용시설","신대방1동경로당","서울특별시 동작구 신대방1길 18 (신대방동)","서울특별시 동작구 신대방동 693-10","162.00","162","","126.9106603","37.4868788","192098.71437721","543051.59093013"
"2026","1159068000","특정계층이용시설","회원이용시설","보라매자이더포레스트","서울특별시 동작구 여의대방로22길 121 (보라매자이 더 포레스트 101동)","서울특별시 동작구 신대방동 724","229.15","57","","126.9260880","37.4985590","193464.17250441","544346.75741730"
"2026","1159068000","특정계층이용시설","회원이용시설","신대방벽산아파트경로당","서울특별시 동작구 여의대방로22길 24 (벽산아파트)","서울특별시 동작구 신대방동 709","24.00","15","","126.9217230","37.4974030","193078.08123337","544218.76847232"
"2026","1159068000","특정계층이용시설","회원이용시설","보라매e편한세상아파트경로당","서울특별시 동작구 보라매로 70 (보라매e편한세상아파트)","서울특별시 동작구 신대방동 720","99.74","24","","126.9285760","37.4954940","193683.92115127","544006.41239272"
"2026","1159068000","특정계층이용시설","회원이용시설","보라매파크빌아파트경로당","서울특별시 동작구 여의대방로10길 59 (보라매파크빌아파트)","서울특별시 동작구 신대방동 711","79.27","19","","126.9155440","37.4944360","192531.38588347","543889.94240943"
"2026","1159068000","특정계층이용시설","회원이용시설","한성아파트경로당","서울특별시 동작구 여의대방로10길 13 (한성아파트)","서울특별시 동작구 신대방동 470-8","40.00","10","","126.9152330","37.4955750","192503.99736291","544016.38129452"
"2026","1100000000","야외시설","공원","보라매공원","서울특별시 동작구 여의대방로20길 33 (보라매공원)","서울특별시 동작구 신대방동 722","41,271.00","9999","- 공원 내 무더위쉼터 지정구역은 안내도 참조 - 주요시설별 운영시간 1. 실내휴게쉼터 'The 보라' : ~21시 2. 야외휴게쉼터 : 24시간 3. 수경시설 4개소 : 08시 ~ 21시 30분(개소별 상이) 4. 정원형 수경시설 7개소 : 08~22시(개소별 상이) 5. 음수대 13개소 : 24시간 ","126.9196850","37.4927890","192897.42695118","543706.82640560"
"2026","1159068000","특정계층이용시설","회원이용시설","행복경로당","서울특별시 동작구 보라매로9다길 5-1","서울특별시 동작구 신대방동 344-106","65.00","20","","126.9266610","37.4947640","193514.51308964","543925.52212620"
"2026","1165065100","생활밀착민간시설","기타","호반써밋공인중개사사무소","서울특별시 서초구 양재대로2길 33 (호반써밋서초파크)","서울특별시 서초구 우면동 788","","6","주말, 공휴일 미운영","127.0230400","37.4581560","202038.45857660","539860.24767458"
"2026","1165065100","공공시설","복지?문화?체육시설","서초문화예술회관(4층북카페)","서울특별시 서초구 강남대로 201 (서초구민회관)","서울특별시 서초구 양재동 25","","60","일요일, 공휴일 미운영","127.0358610","37.4817090","203171.79823800","542474.66675372"
"2026","1165065100","특정계층이용시설","회원이용시설","양재리본타워1단지아파트경로당","서울특별시 서초구 바우뫼로18길 20 (양재리본타워1단지 102동)","서울특별시 서초구 양재동 102","121.00","10","","127.0325520","37.4732060","202879.45330085","541530.84122599"
"2026","1165065100","특정계층이용시설","회원이용시설","서초네이처힐7단지아파트경로당","서울특별시 서초구 태봉로2길 10 (서초네이처힐7단지 701동)","서울특별시 서초구 우면동 735","92.00","10","","127.0231530","37.4618470","202048.35554362","540269.90050685"
"2026","1165065100","특정계층이용시설","회원이용시설","양재우성아파트경로당","서울특별시 서초구 바우뫼로 91 (우성아파트 노인정)","서울특별시 서초구 양재동 152-3","131.00","20","","127.0301380","37.4762710","202665.80915510","541870.94397594"
"2026","1165065100","특정계층이용시설","회원이용시설","호반써밋서초파크뷰아파트경로당","서울특별시 서초구 양재대로2길 11 (호반써밋서초파크뷰 주민복지관1)","서울특별시 서초구 우면동 789","99.00","20","","127.0251380","37.4589260","202224.05583205","539945.75455679"
"2026","1165065100","특정계층이용시설","회원이용시설","LH서초3단지아파트경로당","서울특별시 서초구 양재대로2길 34 (엘에이치서초3단지 301동)","서울특별시 서초구 우면동 784","109.00","20","","127.0220800","37.4585850","201953.51164210","539907.84043844"
"2026","1165065100","특정계층이용시설","회원이용시설","서초네이처힐1단지아파트경로당","서울특별시 서초구 형촌길 35 (서초네이처힐1단지)","서울특별시 서초구 우면동 707","130.00","20","","127.0200100","37.4636950","201770.24945392","540474.93955373"
"2026","1165065100","특정계층이용시설","회원이용시설","서초호반써밋경로당","서울특별시 서초구 양재대로2길 109 (서초호반써밋 102동)","서울특별시 서초구 우면동 753","109.00","20","","127.0131540","37.4565320","201163.82221420","539679.83801153"
"2026","1165065100","특정계층이용시설","회원이용시설","서초네이처힐6단지아파트경로당","서울특별시 서초구 태봉로2길 30 (서초네이처힐6단지 603동)","서울특별시 서초구 우면동 737","84.00","20","","127.0265440","37.4613780","202348.37339727","540217.92706007"
"2026","1165065100","특정계층이용시설","회원이용시설","식유촌경로당","","서울특별시 서초구 우면동 610-5","42.00","8","","127.0126660","37.4576480","201120.62894320","539803.69272698"
"2026","1165065100","특정계층이용시설","기타","양재종합사회복지관","서울특별시 서초구 남부순환로 2610 (양재동)","서울특별시 서초구 양재동 11-13","20.00","6","","127.0362023","37.4845450","203201.86417975","542789.43665690"
"2026","1165065100","공공시설","복지?문화?체육시설","서초구립양재도서관","서울특별시 서초구 양재천로 33 (양재동)","서울특별시 서초구 양재동 102-6","20.00","6","매주 금요일, 법정 공휴일 휴관 / 폭염 특보시 주말 연장쉼터 운영(13~17시)","127.0335764","37.4736916","202970.04947174","541584.76810475"
"2026","1165065100","특정계층이용시설","회원이용시설","서초구립암산경로당","서울특별시 서초구 바우뫼로7길 84 (우면동)","서울특별시 서초구 우면동 55","97.00","20","","127.0244818","37.4735552","202165.57727402","541569.38156341"
"2026","1165065100","특정계층이용시설","회원이용시설","서초구립우면주공아파트경로당","서울특별시 서초구 바우뫼로7길 11 (우면동, 우면주공아파트)","서울특별시 서초구 우면동 63","141.00","20","","127.0242356","37.4702685","202143.89312478","541204.59656682"
"2026","1165065100","특정계층이용시설","회원이용시설","서초구립송동마을경로당","서울특별시 서초구 송동길 27 (우면동)","서울특별시 서초구 우면동 476-6","151.00","20","","127.0171256","37.4601697","201515.14279550","540083.62917562"
"2026","1165065100","특정계층이용시설","회원이용시설","서초구립우면동경로당","서울특별시 서초구 바우뫼로4길 6 (우면동)","서울특별시 서초구 우면동 6-1","195.00","20","","127.0254830","37.4694165","202254.26433071","541110.06521853"
"2026","1171062000","특정계층이용시설","회원이용시설","가락본경로당","서울특별시 송파구 양재대로62길 32-13 (가락본동경로당)","서울특별시 송파구 가락동 85","106.84","33","누구나 이용가능에 동의","127.1192560","37.4965540","210545.75134961","544128.34291663"
"2026","1171062000","특정계층이용시설","회원이용시설","훙이경로당","서울특별시 송파구 송이로17길 48 (흥이경로당)","서울특별시 송파구 가락동 14","106.84","38","누구나 이용가능에 동의","127.1249710","37.5011620","211050.44722596","544640.42704561"
"2026","1171062000","특정계층이용시설","회원이용시설","건너말경로당","서울특별시 송파구 중대로10길 29 (건너말공원경로당)","서울특별시 송파구 가락동 110","123.02","45","폭염특보시 연장운영, 누구나 이용가능에 동의","127.1239480","37.4918010","210961.35746342","543601.35775697"
"2026","1171062000","공공시설","공공청사","가락본동주민센터","서울특별시 송파구 송파대로28길 39 (가락동)","서울특별시 송파구 가락동 77-3","999.03","100","","127.1217594","37.4955755","210767.26638939","544020.02553157"
"2026","1171063100","공공시설","복지?문화?체육시설","가락종합사회복지관","서울특별시 송파구 양재대로 897 (가락종합사회복지관)","서울특별시 송파구 가락동 481-2","","","","127.1072500","37.4957060","209484.17337719","544032.94849992"
"2026","1171063100","공공시설","복지?문화?체육시설","송파책박물관","서울특별시 송파구 송파대로37길 77","서울특별시 송파구 가락동 910","","","월요일 정기 휴관","127.1039670","37.4987910","209193.47769277","544375.01776819"
"2026","1171063100","특정계층이용시설","회원이용시설","헬리오시티5단지경로당","서울특별시 송파구 송파대로 345 (가락동)","서울특별시 송파구 가락동 913","283.96","51","누구나 이용가능에 동의","127.1090830","37.4992610","209645.80930677","544427.69370291"
"2026","1171063100","특정계층이용시설","회원이용시설","헬리오시티3단지경로당","서울특별시 송파구 송파대로 345 (헬리오시티 110동)","서울특별시 송파구 가락동 913","283.96","57","누구나 이용가능에 동의","127.1050760","37.4978950","209291.65415183","544275.68226920"
"2026","1171063100","특정계층이용시설","회원이용시설","헬리오시티4단지경로당","서울특별시 송파구 송파대로 345 (헬리오시티 412동)","서울특별시 송파구 가락동 913","283.96","50","누구나 이용가능에 동의","127.1112940","37.4977260","209841.52143294","544257.55744977"
"2026","1171063100","특정계층이용시설","회원이용시설","헬리오시티2단지경로당","서울특별시 송파구 송파대로 345 (헬리오시티 108동)","서울특별시 송파구 가락동 913","283.96","53","누구나 이용가능에 동의","127.1079270","37.4966100","209543.92581601","544133.34919117"
"2026","1171063100","특정계층이용시설","회원이용시설","헬리오시티1단지경로당","서울특별시 송파구 송파대로 345 (헬리오시티 110동)","서울특별시 송파구 가락동 913","283.96","77","누구나 이용가능에 동의","127.1039230","37.4949460","209190.05807518","543948.26835817"
"2026","1171063100","특정계층이용시설","회원이용시설","가락시장경로당","서울특별시 송파구 양재대로 932","서울특별시 송파구 가락동 600","135.00","82","누구나 이용가능에 동의","127.1150240","37.4943200","210171.82045570","543879.93220226"
"2026","1171063100","공공시설","공공청사","가락1동주민센터","서울특별시 송파구 양재대로 925 (가락동)","서울특별시 송파구 가락동 915","165.00","20","","127.1098699","37.4965083","209715.74863458","544122.26058524"
"2026","1171063200","특정계층이용시설","회원이용시설","래미안파크경로당","서울특별시 송파구 동남로 225 (래미안파크팰리스 경로당,관리실)","서울특별시 송파구 가락동 165","117.62","37","누구나 무더위쉼터 이용가능에 동의","127.1324870","37.4988820","211715.39921387","544388.28543822"
"2026","1156061000","공공시설","복지?문화?체육시설","양평1동작은도서관","서울특별시 영등포구 선유서로34길 10 (양평동3가)","서울특별시 영등포구 양평동3가 36","92.00","24","","126.8875215","37.5268931","190057.60514879","547494.86035112"
"2026","1156061000","공공시설","공공청사","양평1동주민센터","서울특별시 영등포구 영등포로11길 12","서울특별시 영등포구 양평동1가 211-1","796.30","30","","126.8882610","37.5236140","190122.54001551","547130.84310921"
"2026","1156061000","특정계층이용시설","회원이용시설","구립양평3가경로당","서울특별시 영등포구 선유서로34길 10","서울특별시 영등포구 양평동3가 36","67.00","20","","126.8874355","37.5268709","190050.00033631","547492.40552024"
"2026","1156061000","특정계층이용시설","회원이용시설","구립양평1경로당","서울특별시 영등포구 선유로23길 18","서울특별시 영등포구 양평동1가 205","76.00","20","","126.8882550","37.5232170","190121.95728785","547086.78168870"
"2026","1156062000","공공시설","복지?문화?체육시설","창의예술교육센터","서울특별시 영등포구 양평로20길 8-1","서울특별시 영등포구 양평동4가 172-1","67.00","22","","126.8959200","37.5377980","190801.31955644","548704.31546025"
"2026","1156062000","특정계층이용시설","회원이용시설","현대2차아파트경로당","서울특별시 영등포구 선유동2로 29 (현대2차아파트 노인정)","서울특별시 영등포구 양평동3가 79-4","63.00","31","","126.8952490","37.5321310","190741.31540068","548075.41376486"
"2026","1156062000","특정계층이용시설","회원이용시설","경남2차아파트경로당","서울특별시 영등포구 양평로17길 9 (경남아너스빌 상가 에이동)","서울특별시 영등포구 양평동4가 51-1","24.00","27","","126.8962450","37.5357340","190829.79060124","548475.20494750"
"2026","1156062000","특정계층이용시설","회원이용시설","삼호한숲아파트경로당","서울특별시 영등포구 선유로47길 34 (삼호한숲아파트 관리실)","서울특별시 영등포구 양평동4가 94","30.00","39","","126.8937050","37.5368950","190605.44259809","548604.31246078"
"2026","1156062000","특정계층이용시설","회원이용시설","양평2동성원아파트경로당","서울특별시 영등포구 양평로17길 36 (성원아파트 관리사무소)","서울특별시 영등포구 양평동4가 12","35.00","29","","126.8938570","37.5342070","190618.53993356","548305.96219857"
"2026","1156062000","특정계층이용시설","회원이용시설","동양아파트경로당","서울특별시 영등포구 양평로30가길 15 (동양아파트 101동)","서울특별시 영등포구 양평동6가 100","60.00","25","","126.8896520","37.5422970","190247.93409173","549204.28136632"
"2026","1156062000","특정계층이용시설","회원이용시설","6차현대아파트경로당","서울특별시 영등포구 선유로 207 (양평동 6차 현대아파트 종합관리동)","서울특별시 영등포구 양평동3가 101","134.00","40","","126.8937900","37.5318160","190612.31844086","548040.59727375"
"2026","1156062000","특정계층이용시설","회원이용시설","한솔아파트경로당","서울특별시 영등포구 양평로30길 51 (한솔아파트 노인정)","서울특별시 영등포구 양평동6가 99","60.00","30","","126.8878330","37.5443310","190087.44820642","549430.22098284"
"2026","1156062000","특정계층이용시설","회원이용시설","거성파스텔아파트경로당","서울특별시 영등포구 선유로43가길 24 (거성파스텔아파트)","서울특별시 영등포구 양평동3가 90-1","67.00","25","","126.8918610","37.5315080","190441.77877568","548006.60735930"
"2026","1156062000","특정계층이용시설","회원이용시설","한신아파트경로당","서울특별시 영등포구 양평로24길 9 (양평동한신아파트 유치원)","서울특별시 영등포구 양평동5가 76","82.00","40","","126.8920310","37.5405030","190457.95097739","549004.92505426"
"2026","1156062000","공공시설","복지?문화?체육시설","양평2동작은도서관","서울특별시 영등포구 선유로47길 30","서울특별시 영등포구 양평동4가 96","150.00","13","","126.8939038","37.5364968","190622.96307001","548560.09728620"
"2026","1156062000","공공시설","공공청사","양평2동주민센터","서울특별시 영등포구 선유로47길 30 (양평동4가)","서울특별시 영등포구 양평동4가 96","551.13","30","","126.8939996","37.5364445","190631.42356369","548554.28307748"
"2026","1156062000","특정계층이용시설","회원이용시설","구립양화경로당","서울특별시 영등포구 양평로28마길 18-1","서울특별시 영등포구 양평동6가 68","317.00","80","","126.8899416","37.5428786","190273.60321703","549268.80192820"
"2026","1159068000","공공시설","공공청사","신대방2동주민센터","서울특별시 동작구 여의대방로24길 76 (신대방동)","서울특별시 동작구 신대방동 723","1,030.00","50","","126.9245377","37.4984069","193327.07033910","544329.98507173"
"2026","1162052500","특정계층이용시설","회원이용시설","보라매삼성(아)경로당","서울특별시 관악구 보라매로 62","서울특별시 관악구 봉천동 1698-1","79.00","10","","126.9280620","37.4942870","193638.36535340","543872.48574182"
"2026","1162052500","특정계층이용시설","회원이용시설","보라매경로당","서울특별시 관악구 봉천로21길 35 (봉천동)","서울특별시 관악구 봉천동 662-109","366.05","46","","126.9340672","37.4884691","194168.96613467","543226.38618417"
"2026","1162052500","특정계층이용시설","회원이용시설","당곡경로당","서울특별시 관악구 당곡6길 37 (봉천동)","서울특별시 관악구 봉천동 717-17","106.00","14","","126.9294321","37.4922219","193759.35448680","543643.19491549"
"2026","1162052500","공공시설","공공청사","보라매동주민센터","서울특별시 관악구 봉천로 279-8 (봉천동)","서울특별시 관악구 봉천동 661","338.00","26","","126.9328046","37.4881672","194057.27906747","543192.95820972"
"2026","1162052500","특정계층이용시설","회원이용시설","관악노인종합복지관","서울특별시 관악구 보라매로 35 (봉천동)","서울특별시 관악구 봉천동 726-3","424.00","106","","126.9263280","37.4930298","193484.91471524","543733.07156038"
"2026","1162054500","공공시설","복지?문화?체육시설","글빛정보도서관","서울특별시 관악구 관악로30길 23 (글빛정보도서관)","서울특별시 관악구 봉천동 1717-4","694.00","208","","126.9596690","37.4862640","196433.06016289","542980.37132606"
"2026","1162054500","특정계층이용시설","회원이용시설","관악현대(아)경로당","서울특별시 관악구 관악로 304 (현대아파트 104동)","서울특별시 관악구 봉천동 1000","597.00","75","","126.9587140","37.4929000","196348.92139149","543716.91665988"
"2026","1162054500","특정계층이용시설","회원이용시설","푸르지오(아)경로당","서울특별시 관악구 관악로30길 27","서울특별시 관악구 봉천동 1717","221.00","28","","126.9601680","37.4866680","196477.21151416","543025.19120035"
"2026","1162054500","특정계층이용시설","회원이용시설","구립청림경로당","서울특별시 관악구 청림2길 37 (봉천동)","서울특별시 관악구 봉천동 15-41","309.56","39","","126.9582866","37.4866666","196310.81822989","543025.10787945"
"2026","1162054500","특정계층이용시설","회원이용시설","관악푸르지오삼오경로당","서울특별시 관악구 청림5길 28 (관악푸르지오2단지아파트 관리사무소)","서울특별시 관악구 봉천동 1717-1","215.00","27","","126.9601830","37.4900590","196478.69730760","543401.54696141"
"2026","1162054500","공공시설","공공청사","청림동주민센터","서울특별시 관악구 관악로40길 39 (봉천동)","서울특별시 관악구 봉천동 1000","789.96","22","","126.9585971","37.4918447","196338.53196342","543599.79672412"
"2026","1162054500","공공시설","복지?문화?체육시설","봉천종합사회복지관","서울특별시 관악구  관악로  254   (봉천동)","서울특별시 관악구 봉천동 37","140.00","20","","126.9575763","37.4866852","196247.99939630","543027.20030409"
"2026","1162056500","공공시설","복지?문화?체육시설","성현동작은도서관","서울특별시 관악구 관악로37길 56","서울특별시 관악구 봉천동 1703-1","329.00","99","","126.9561810","37.4878990","196124.66016225","543161.97260977"
"2026","1162056500","특정계층이용시설","회원이용시설","관악동부센트레빌(아)경로당","서울특별시 관악구 은천로33길 5","서울특별시 관악구 봉천동 1719","89.00","11","","126.9507940","37.4873880","195648.20575034","543105.49372716"
"2026","1165065100","공공시설","기타","양재느티나무쉼터","서울특별시 서초구 바우뫼로41길 72-9","서울특별시 서초구 양재동 7-32","487.29","5","","127.0405320","37.4838555","203584.83168592","542713.06734242"
"2026","1165065100","공공시설","공공청사","양재1동주민센터","서울특별시 서초구 바우뫼로 41 (우면동)","서울특별시 서초구 우면동 68-2","70.00","21","","127.0266883","37.4716377","202360.81711784","541356.61792936"
"2026","1165065100","특정계층이용시설","회원이용시설","양재노인종합복지관","서울특별시 서초구 강남대로30길 73-7 (양재동)","서울특별시 서초구 양재동 7-44","100.00","22","폭염 특보시 주말 연장쉼터 운영(13~17시)","127.0407910","37.4830294","203607.77852921","542621.39109568"
"2026","1165065100","특정계층이용시설","회원이용시설","말죽거리경로당","서울특별시 서초구 바우뫼로41길 72-9 (양재동)","서울특별시 서초구 양재동 7-32","141.00","20","","127.0404925","37.4838320","203581.33925049","542710.45765082"
"2026","1165065200","생활밀착민간시설","기타","강남공인중개사사무소","서울특별시 서초구 강남대로18길 5","서울특별시 서초구 양재동 241-10","","6","주말, 공휴일 미운영","127.0391490","37.4720670","203463.05691132","541404.64971397"
"2026","1165065200","공공시설","기타","양재천근린공원서초에코쉼터","","서울특별시 서초구 양재동 261-22","","10","7~8월 : 09시~20시 운영 ","127.0417070","37.4761170","203689.13437533","541854.24240172"
"2026","1165065200","특정계층이용시설","회원이용시설","원지경로당","","서울특별시 서초구 원지동 589-3","20.00","7","","127.0576420","37.4429790","205100.89302787","538177.12224728"
"2026","1165065200","특정계층이용시설","회원이용시설","양재리본타워2단지아파트경로당","서울특별시 서초구 매헌로16길 40 (양재리본타워2단지 202동)","서울특별시 서초구 양재동 212","114.00","30","","127.0361570","37.4648530","203198.69680740","540603.88765863"
"2026","1165065200","특정계층이용시설","회원이용시설","서초구립새원마을경로당","서울특별시 서초구 새원3길 8 (원지동)","서울특별시 서초구 원지동 254-14","134.00","20","","127.0499728","37.4538968","204421.58257120","539388.45854819"
"2026","1165065200","공공시설","공공청사","양재2동주민센터","서울특별시 서초구 강남대로12길 44 (양재동)","서울특별시 서초구 양재동 323-1","104.00","31","","127.0412121","37.4706570","203645.62387093","541248.23660365"
"2026","1165065200","특정계층이용시설","회원이용시설","잔디마을경로당","서울특별시 서초구 매헌로6길 58 (양재동)","서울특별시 서초구 양재동 205-4","82.00","30","","127.0355057","37.4662508","203141.01985102","540759.00252156"
"2026","1165065200","특정계층이용시설","회원이용시설","동산마을경로당","서울특별시 서초구 동산로12길 8 (양재동)","서울특별시 서초구 양재동 376-3","200.00","30","","127.0450651","37.4713541","203986.42338868","541325.76140836"
"2026","1165066000","생활밀착민간시설","기타","OK부동산공인중개사사무소","서울특별시 서초구 헌릉로8길 60 (서초더샵포레)","서울특별시 서초구 내곡동 411","","6","주말, 공휴일 미운영","127.0637840","37.4520000","205643.73720364","539178.67770348"
"2026","1165066000","공공시설","복지?문화?체육시설","서초50플러스센터1층","서울특별시 서초구 염곡말길 9 (내곡동종합시설)","서울특별시 서초구 염곡동 180-2","","25","일요일 및 공휴일 미운영","127.0512510","37.4619460","204534.19144327","540281.86987264"
"2026","1165066000","공공시설","기타","청계산수변공원내곡파크골프장서초에코쉼터","","서울특별시 서초구 신원동 310-5","","10","* 화?목요일 ： 06:30~19:00 운영 * 7~8월 : 20시까지 운영 ","127.0511990","37.4526350","204530.15259016","539248.47445200"
"2026","1165066000","공공시설","기타","내곡느티나무쉼터시니어라운지","서울특별시 서초구 염곡말길 9 (내곡동종합시설)","서울특별시 서초구 염곡동 180-2","","","","127.0508550","37.4618640","204499.16211449","540272.75000625"
"2026","1165066000","특정계층이용시설","회원이용시설","흐능날경로당","서울특별시 서초구 헌인릉1길 42 (내곡동)","서울특별시 서초구 내곡동 1-828","45.00","11","","127.0854110","37.4643740","207556.09308817","540553.53700010"
"2026","1165066000","특정계층이용시설","회원이용시설","서초포레스타7단지(아)경로당","서울특별시 서초구 청계산로11길 7-12 (서초포레스타7단지 701동)","서울특별시 서초구 신원동 615","120.00","30","","127.0568420","37.4484500","205029.73264360","538784.28381103"
"2026","1171063200","특정계층이용시설","회원이용시설","가락2쌍용경로당","서울특별시 송파구 동남로 193 (가락쌍용아파트 관리소)","서울특별시 송파구 가락동 140","306.53","60","누구나 무더위쉼터 이용가능에 동의","127.1283880","37.4956070","211353.43346821","544024.30050629"
"2026","1171063200","특정계층이용시설","회원이용시설","미륭경로당","서울특별시 송파구 동남로11길 4 (미륭아파트 관리사무소)","서울특별시 송파구 가락동 138","40.00","14","누구나 무더위쉼터 이용가능에 동의","127.1291880","37.4934450","211424.50733667","543784.44339053"
"2026","1171063200","특정계층이용시설","회원이용시설","샛팽이경로당","서울특별시 송파구 오금로42길 15 (가락동)","서울특별시 송파구 가락동 170-6","146.00","16","누구나 무더위쉼터 이용가능에 동의","127.1339413","37.4967963","211844.32775998","544156.98170821"
"2026","1171063200","특정계층이용시설","회원이용시설","개롱경로당","서울특별시 송파구 동남로14길 17-46 (개롱경로당)","서울특별시 송파구 가락동 198","106.84","60","폭염특보 발효시 연장운영, 누구나 무더위쉼터 이용가능에 동의","127.1330170","37.4931460","211763.16508272","543751.72987932"
"2026","1171063200","특정계층이용시설","회원이용시설","가락골경로당","서울특별시 송파구 송이로23길 16-28 (가락골경로당)","서울특별시 송파구 가락동 145-10","106.84","36","누구나 무더위쉼터 이용가능에 동의","127.1257400","37.4946420","211119.41209508","543916.88193638"
"2026","1171063200","공공시설","공공청사","가락2동주민센터","서울특별시 송파구 중대로20길 6 (가락2동주민센터)","서울특별시 송파구 가락동 154","994.44","30","","127.1266050","37.4987170","211195.29728227","544369.25667764"
"2026","1171064100","특정계층이용시설","회원이용시설","문정현대아파트경로당","서울특별시 송파구 동남로 160 (현대아파트 16동)","서울특별시 송파구 문정동 3","138.84","44","누구나 무더위쉼터 이용가능에 동의","127.1278960","37.4912620","211310.58078058","543542.00282454"
"2026","1171064100","특정계층이용시설","회원이용시설","문정래미안경로당","서울특별시 송파구 문정로 83 (문정래미안아파트 상가동)","서울특별시 송파구 문정동 1","197.50","54","누구나 무더위쉼터 이용가능에 동의","127.1302540","37.4908380","211519.17752365","543495.23028616"
"2026","1171064100","특정계층이용시설","회원이용시설","문정골경로당","서울특별시 송파구 동남로4길 17 (문정골향토회관)","서울특별시 송파구 문정동 30-3","198.34","34","누구나 무더위쉼터 이용가능에 동의","127.1247290","37.4887270","211030.87736328","543260.27518556"
"2026","1171064100","특정계층이용시설","회원이용시설","연화경로당","서울특별시 송파구 송파대로14길 7 (연회주민복지관)","서울특별시 송파구 문정동 67-17","150.56","22","누구나 무더위쉼터 이용가능에 동의","127.1249990","37.4837030","211055.49615200","542702.70894040"
"2026","1171064100","특정계층이용시설","회원이용시설","문정경로당","서울특별시 송파구 동남로6나길 3-6 (문정경로당)","서울특별시 송파구 문정동 25-2","124.20","24","누구나 무더위쉼터 이용가능에 동의","127.1255020","37.4886270","211099.25534446","543249.26735090"
"2026","1171064100","공공시설","공공청사","문정1동주민센터","서울특별시 송파구 동남로 116 (문정1동주민센터)","서울특별시 송파구 문정동 29-21","778.39","20","","127.1241490","37.4900950","210979.38263828","543412.03747054"
"2026","1171064200","공공시설","복지?문화?체육시설","송파청소년센터","서울특별시 송파구 중대로4길 4 (송파청소년수련관)","서울특별시 송파구 문정동 150-8","","","","127.1106170","37.4895610","209782.72047105","543351.27825857"
"2026","1171064200","특정계층이용시설","회원이용시설","송파파크하비오경로당","서울특별시 송파구 송파대로 111 (파크하비오 송파파크하비오푸르지오201동)","서울특별시 송파구 문정동 618","206.16","68","누구나 무더위쉼터 이용가능에 동의","127.1235520","37.4805090","210927.98181444","542348.04828193"
"2026","1156062000","특정계층이용시설","회원이용시설","구립양평동4가경로당","서울특별시 영등포구 양평로20길 14-1","서울특별시 영등포구 양평동4가 238-1","383.00","100","","126.8963000","37.5382000","190834.95349645","548748.89545240"
"2026","1156063000","공공시설","복지?문화?체육시설","신길종합사회복지관","서울특별시 영등포구 영등포로84길 24-5 (신길종합사회복지관)","서울특별시 영등포구 신길동 465-1","34.92","15","","126.9214560","37.5111470","193055.74392607","545744.19545544"
"2026","1156063000","특정계층이용시설","회원이용시설","더샵아파트경로당","서울특별시 영등포구 가마산로79길 37 (더샵 파크프레스티지 보육시설)","서울특별시 영등포구 신길동 4974-7","331.79","60","","126.9173190","37.5074530","192689.62191586","545334.52193734"
"2026","1156063000","특정계층이용시설","회원이용시설","신길1동경남아파트경로당","서울특별시 영등포구 영등포로 351 (신길동경남아파트 주민공동시설)","서울특별시 영등포구 신길동 67-1","74.00","40","","126.9185950","37.5156580","192803.22944423","546245.07423835"
"2026","1156063000","특정계층이용시설","회원이용시설","신길자이아파트경로당","서울특별시 영등포구 가마산로79길 19 (신길자이)","서울특별시 영등포구 신길동 4938","98.00","25","","126.9165170","37.5064020","192618.60825688","545217.93699794"
"2026","1156063000","특정계층이용시설","회원이용시설","신기목련아파트경로당","서울특별시 영등포구 신길로42가길 34 (신길동, 신기목련아파트)","서울특별시 영등포구 신길동 4935","85.00","35","","126.9150147","37.5083365","192485.97191928","545432.76064838"
"2026","1156063000","공공시설","복지?문화?체육시설","신길1동작은도서관","서울특별시 영등포구 영등포로84길 24-5 (신길동)","서울특별시 영등포구 신길동 465-1","97.00","25","","126.9214430","37.5109972","193054.58068546","545727.57052150"
"2026","1156063000","공공시설","공공청사","신길1동주민센터","서울특별시 영등포구 영등포로84길 24-5 (신길동)","서울특별시 영등포구 신길동 465-1","915.59","30","","126.9214263","37.5111560","193053.11891431","545745.19653320"
"2026","1156063000","특정계층이용시설","회원이용시설","구립대신경로당","서울특별시 영등포구 도신로54길 9-17","서울특별시 영등포구 신길동 157-33","111.00","20","","126.9157200","37.5108940","192548.58570226","545716.55445309"
"2026","1156063000","특정계층이용시설","회원이용시설","구립창신경로당","서울특별시 영등포구 여의대방로53나길 43","서울특별시 영등포구 신길동 89-197","390.00","40","","126.9206729","37.5099626","192986.39741762","545612.80022220"
"2026","1156063000","특정계층이용시설","회원이용시설","구립율산경로당","서울특별시 영등포구 여의대방로61길 36-5 (신길동)","서울특별시 영등포구 신길동 9-102","198.00","50","","126.9226634","37.5157515","193162.91300762","546255.14813204"
"2026","1156063000","특정계층이용시설","회원이용시설","구립영길경로당","서울특별시 영등포구 영등포로 343-4 (신길동)","서울특별시 영등포구 신길동 54-8","185.00","56","","126.9177981","37.5155974","192732.77202956","546238.40965927"
"2026","1156065000","특정계층이용시설","회원이용시설","신길센트럴아이파크경로당","서울특별시 영등포구 가마산로 426 (신길센트럴아이파크 상가동)","서울특별시 영등포구 신길동 4955","","","","126.9045510","37.5040750","191560.33744821","544960.67569525"
"2026","1156065000","특정계층이용시설","회원이용시설","래미안프레비뉴경로당","서울특별시 영등포구 가마산로 442 (래미안프레비뉴 101동)","서울특별시 영등포구 신길동 4945","","","","126.9083600","37.5047810","191897.20807904","545038.69785701"
"2026","1156065000","특정계층이용시설","회원이용시설","우성5차아파트경로당","서울특별시 영등포구 도신로 98 (신길우성5차아파트 상가)","서울특별시 영등포구 신길동 4933","","","","126.9034460","37.5068240","191462.94564439","545265.87912345"
"2026","1156065000","특정계층이용시설","회원이용시설","우성1차아파트경로당","서울특별시 영등포구 도신로 68 (신길우성아파트 관리사무소)","서울특별시 영등포구 신길동 365","","","","126.9007320","37.5051980","191222.79037384","545085.66361981"
"2026","1156065000","특정계층이용시설","회원이용시설","건영아파트경로당","서울특별시 영등포구 도림로 313 (건영아파트 다동)","서울특별시 영등포구 신길동 364","","","","126.9013010","37.5057260","191273.16244404","545144.21193483"
"2026","1162056500","특정계층이용시설","회원이용시설","관악드림타운(아)경로당","서울특별시 관악구 성현로 80","서울특별시 관악구 봉천동 1712","324.00","41","","126.9501630","37.4897440","195592.53833015","543367.00805869"
"2026","1162056500","특정계층이용시설","회원이용시설","봉천벽산(아)2차경로당","서울특별시 관악구 구암5가길 49","서울특별시 관악구 봉천동 1716","92.00","12","","126.9460860","37.4925000","195232.15363561","543673.08659061"
"2026","1162056500","특정계층이용시설","회원이용시설","성현동아(아)1단지경로당","서울특별시 관악구 관악로 285","서울특별시 관악구 봉천동 1703","231.00","29","","126.9543740","37.4894670","195964.93393174","543336.07588020"
"2026","1162056500","특정계층이용시설","회원이용시설","구암경로당","서울특별시 관악구 은천로23길 19 (봉천동)","서울특별시 관악구 봉천동 480-111","122.32","16","","126.9480782","37.4876868","195408.03780960","543138.78558686"
"2026","1162056500","특정계층이용시설","회원이용시설","관악드림타운2단지(아)경로당","서울특별시 관악구 구암길 106","서울특별시 관악구 봉천동 1712-1","301.00","38","","126.9480560","37.4916970","195406.32002377","543583.86615399"
"2026","1162056500","특정계층이용시설","회원이용시설","성현동아(아)2단지경로당","서울특별시 관악구 관악로37길 20 (봉천동, 봉천동아아파트)","서울특별시 관악구 봉천동 1703-1","76.00","10","","126.9562429","37.4879609","196130.13777397","543168.84014756"
"2026","1162056500","특정계층이용시설","회원이용시설","성현경로당","서울특별시 관악구 은천로35길 40-3","서울특별시 관악구 봉천동 41-34","479.00","60","","126.9542030","37.4880210","195949.73298476","543175.59626130"
"2026","1162056500","공공시설","공공청사","성현동주민센터","서울특별시 관악구 구암길 38 (봉천동)","서울특별시 관악구 봉천동 1712-9","358.08","32","","126.9481771","37.4895134","195416.89611878","543341.50931841"
"2026","1162056500","공공시설","복지?문화?체육시설","강감찬관악종합사회복지관","서울특별시 관악구 구암5길 8","서울특별시 관악구 봉천동 1736-140","24.00","6","","126.9473060","37.4901780","195339.89922260","543415.31394861"
"2026","1162057500","공공시설","복지?문화?체육시설","관악시니어클럽","서울특별시 관악구 남부순환로247다길 60 (원당경로당)","서울특별시 관악구 봉천동 148-145","185.88","56","","126.9640540","37.4786900","196820.55585325","542139.60086502"
"2026","1162057500","특정계층이용시설","회원이용시설","월드경로당","서울특별시 관악구 관악로28길 30","서울특별시 관악구 봉천동 20-9","56.00","15","","126.9577970","37.4851260","196267.44078651","542854.14094542"
"2026","1162057500","특정계층이용시설","회원이용시설","관악파크푸르지오(아)경로당","서울특별시 관악구 행운10길 21","서울특별시 관악구 봉천동 1728","122.00","16","","126.9614020","37.4829010","196586.17651819","542607.05862912"
"2026","1162057500","특정계층이용시설","회원이용시설","신창경로당","서울특별시 관악구  행운1길  12   (봉천동)","서울특별시 관악구 봉천동 1675-12","162.00","32","","126.9585890","37.4799510","196337.23502315","542279.75358889"
"2026","1162057500","특정계층이용시설","회원이용시설","봉천우성(아)109,110동경로당","서울특별시 관악구 관악로30길 40","서울특별시 관악구 봉천동 1706-1","93.00","25","","126.9611910","37.4847580","196567.59944798","542813.16867441"
"2026","1162057500","특정계층이용시설","회원이용시설","원당경로당","서울특별시 관악구 남부순환로247다길 60","서울특별시 관악구 봉천동 148-145","177.00","28","","126.9641130","37.4786390","196825.77227978","542133.93855585"
"2026","1165066000","특정계층이용시설","회원이용시설","서초포레스타6단지(아)경로당","서울특별시 서초구 청계산로9길 1-12 (서초포레스타6단지 601동)","서울특별시 서초구 신원동 619","213.00","53","","127.0557150","37.4498980","204929.91366301","538944.93211406"
"2026","1165066000","특정계층이용시설","회원이용시설","서초포레스타3단지(아)경로당","서울특별시 서초구 헌릉로8길 22 (서초포레스타3단지 301동)","서울특별시 서초구 신원동 568","183.00","45","","127.0591590","37.4547690","205234.31485442","539485.73143327"
"2026","1165066000","특정계층이용시설","회원이용시설","서초더샵포레시니어하우스경로당","서울특별시 서초구 헌릉로8길 58 (서초더샵포레 주민복지관3)","서울특별시 서초구 내곡동 411","184.00","46","","127.0638690","37.4521970","205651.24335526","539200.54707037"
"2026","1165066000","특정계층이용시설","회원이용시설","탑성마을경로당","서울특별시 서초구 탑성말길 6","서울특별시 서초구 염곡동 209-8","32.00","8","","127.0564020","37.4581680","204990.15305266","539862.82403184"
"2026","1165066000","특정계층이용시설","회원이용시설","내곡신흥경로당","","서울특별시 서초구 내곡동 1-1125","60.00","15","","127.0808970","37.4549330","207157.65076172","539505.36275091"
"2026","1165066000","특정계층이용시설","회원이용시설","새쟁이마을경로당","","서울특별시 서초구 신원동 22-2","65.00","16","","127.0698630","37.4350460","206183.01440868","537297.40261956"
"2026","1165066000","특정계층이용시설","회원이용시설","안골마을경로당","","서울특별시 서초구 내곡동 192-3","50.00","8","","127.0633310","37.4559980","205603.35658197","539622.37344669"
"2026","1165066000","공공시설","복지?문화?체육시설","서초구립내곡도서관","서울특별시 서초구 청계산로7길 9-20 (신원동)","서울특별시 서초구 신원동 294","20.00","6","매주 월요일, 법정 공휴일 휴관 / 폭염 특보시 주말 연장쉼터 운영(13~17시)","127.0544145","37.4520099","204814.70420560","539179.25646609"
"2026","1165066000","특정계층이용시설","회원이용시설","서초구립샘마을경로당","서울특별시 서초구 샘마을길 8 (내곡동)","서울특별시 서초구 내곡동 1-2125","134.00","10","","127.0714841","37.4582190","206324.53400181","539869.39003454"
"2026","1165066000","특정계층이용시설","회원이용시설","서초구립염곡경로당","서울특별시 서초구 염곡말길 9 (염곡동)","서울특별시 서초구 염곡동 180-2","165.00","20","","127.0505059","37.4617719","204468.28257675","540262.51154898"
"2026","1165066000","특정계층이용시설","회원이용시설","서초구립홍씨마을경로당","서울특별시 서초구 홍씨마을길 25 (내곡동)","서울특별시 서초구 내곡동 156-7","165.00","20","","127.0655196","37.4531888","205797.21486628","539310.72342870"
"2026","1165066000","특정계층이용시설","회원이용시설","청룡마을경로당","서울특별시 서초구 청룡마을4길 15","서울특별시 서초구 신원동 251","106.14","10","","127.0580006","37.4474232","205132.32291032","538670.38578666"
"2026","1165066000","공공시설","기타","내곡느티나무쉼터","서울특별시 서초구 염곡말길 9","서울특별시 서초구 염곡동 180-2","164.84","20","","127.0506875","37.4617297","204484.35134208","540257.83655540"
"2026","1165066000","공공시설","공공청사","내곡동주민센터","서울특별시 서초구 청계산로15길 77 (신원동)","서울특별시 서초구 신원동 627","119.00","30","","127.0583117","37.4493013","205159.72235599","538878.84573213"
"2026","1165066000","특정계층이용시설","회원이용시설","본마을경로당","서울특별시 서초구 본마을2길 2 (신원동)","서울특별시 서초구 신원동 446","160.00","30","","127.0534524","37.4544459","204729.42227707","539449.57004444"
"2026","1165066000","특정계층이용시설","회원이용시설","능안마을경로당","서울특별시 서초구 능안말2길 13 (내곡동)","서울특별시 서초구 내곡동 166","144.28","10","","127.0662780","37.4545803","205864.20993659","539465.20764295"
"2026","1168051000","공공시설","공공청사","신사동주민센터","서울특별시 강남구  압구정로  128   (신사동)","서울특별시 강남구 신사동 548-1","157.00","40","","127.0227971","37.5239742","202015.19903317","547165.19850580"
"2026","1168052100","공공시설","복지?문화?체육시설","논현문화마루도서관","서울특별시 강남구 논현로131길 40","서울특별시 강남구 논현동 40-5","1,073.00","133","","127.0271060","37.5138920","202396.41599666","546046.30240855"
"2026","1171064200","특정계층이용시설","회원이용시설","화훼마을경로당","서울특별시 송파구 성남대로 1565","서울특별시 송파구 장지동 613-4","112.50","38","누구나 무더위쉼터 이용가능에 동의","127.1254970","37.4698730","211101.58722619","541167.82189408"
"2026","1171064200","특정계층이용시설","회원이용시설","훼미리제2경로당","서울특별시 송파구 중대로 24","서울특별시 송파구 문정동 150","110.40","45","누구나 무더위쉼터 이용가능에 동의","127.1167760","37.4897400","210327.38422678","543371.80274933"
"2026","1171064200","특정계층이용시설","회원이용시설","훼미리제1경로당","서울특별시 송파구 중대로 24 (올림픽훼밀리타운 노인정)","서울특별시 송파구 문정동 150","110.40","45","누구나 무더위쉼터 이용가능에 동의","127.1167450","37.4897320","210324.64376259","543370.91145379"
"2026","1171064200","공공시설","공공청사","문정2동주민센터","서울특별시 송파구 중대로 16 (문정2동주민센터)","서울특별시 송파구 문정동 150-38","870.48","20","","127.1107980","37.4898760","209798.68656515","543386.25795541"
"2026","1171064600","특정계층이용시설","회원이용시설","파인타운13단지경로당","서울특별시 송파구 송파대로8길 10 (송파파인타운13단지 1302동)","서울특별시 송파구 장지동 857","85.04","20","누구나 무더위쉼터 이용가능에 동의","127.1281770","37.4770530","211337.57815096","541965.02502427"
"2026","1171064600","특정계층이용시설","회원이용시설","파인타운3단지경로당","서울특별시 송파구 충민로 152 (송파파인타운3단지 310동)","서울특별시 송파구 장지동 849","75.89","27","누구나 무더위쉼터 이용가능에 동의","127.1336540","37.4836190","211820.99841569","542694.43750355"
"2026","1171064600","특정계층이용시설","회원이용시설","문정시영경로당","서울특별시 송파구 송이로31길 56 (문정시영아파트 6동)","서울특별시 송파구 문정동 145","158.60","25","누구나 무더위쉼터 이용가능에 동의","127.1355230","37.4913070","211985.07350087","543547.94094611"
"2026","1171064600","공공시설","복지?문화?체육시설","송파글마루도서관","서울특별시 송파구 충민로 120 (송파글마루도서관)","서울특별시 송파구 장지동 846","3,697.00","389","","127.1307470","37.4806290","211564.35013749","542362.22603827"
"2026","1171064600","특정계층이용시설","회원이용시설","문정노인종합복지관","서울특별시 송파구 송이로37길 11","서울특별시 송파구 문정동 141-2","3,257.40","20","누구나 이용 가능","127.1345250","37.4876160","211897.39999686","543138.16163769"
"2026","1171064600","특정계층이용시설","회원이용시설","장지경로당","서울특별시 송파구 새말로10길 3-16 (장지경로당)","서울특별시 송파구 문정동 81","109.36","27","폭염특보 발효시 연장운영, 누구나 무더위쉼터 이용가능에 동의","127.1284290","37.4824140","211359.05666416","542560.05524401"
"2026","1171064600","특정계층이용시설","회원이용시설","잔버들경로당","서울특별시 송파구 새말로15길 17-5 (잔버들경로당)","서울특별시 송파구 문정동 92","144.64","36","누구나 무더위쉼터 이용가능에 동의","127.1288810","37.4851830","211398.61368636","542867.43233313"
"2026","1171064700","특정계층이용시설","회원이용시설","파인타운1단지경로당","서울특별시 송파구 장지동 충민로  188   (장지동, 송파파인타운1단지)","서울특별시 송파구 장지동 833","85.03","21","누구나 무더위쉼터 이용가능에 동의","127.1347780","37.4867970","211919.90547338","543047.29538856"
"2026","1171064700","특정계층이용시설","회원이용시설","파인타운2단지경로당","서울특별시 송파구 장지동 충민로  151   (장지동)","서울특별시 송파구 장지동 835","74.06","26","누구나 무더위쉼터 이용가능에 동의","127.1313089","37.4835168","211613.60228881","542682.80280722"
"2026","1171064700","특정계층이용시설","회원이용시설","파인타운4단지경로당","서울특별시 송파구 장지동 새말로12길  16   (장지동, 송파파인타운4단지)","서울특별시 송파구 장지동 837","91.31","21","누구나 무더위쉼터 이용가능에 동의","127.1296540","37.4818260","211467.49316745","542494.94351031"
"2026","1156065000","공공시설","공공청사","신길3동주민센터","서울특별시 영등포구 가마산로 483 (신길AK 푸르지오)","서울특별시 영등포구 신길동 255-9","290.05","30","","126.9100950","37.5066120","192050.81063766","545241.76741249"
"2026","1156065000","특정계층이용시설","회원이용시설","구립신길3동경로당","서울특별시 영등포구 도신로 134-1","서울특별시 영등포구 신길동 290-8","85.00","30","","126.9065000","37.5085000","191733.15729462","545451.62102806"
"2026","1156065000","특정계층이용시설","회원이용시설","구립수정경로당","서울특별시 영등포구 가마산로63길 3 (신길동)","서울특별시 영등포구 신길동 324-22","50.00","30","","126.9059112","37.5058581","191680.80510487","545158.45580490"
"2026","1156066000","특정계층이용시설","회원이용시설","삼성래미안아파트경로당","서울특별시 영등포구 신길로42길 35 (삼성래미안아파트 경로당)","서울특별시 영등포구 신길동 4934-1","208.00","63","","126.9146710","37.5073900","192455.48820838","545327.73874775"
"2026","1156066000","공공시설","복지?문화?체육시설","드나드리마을도서관","서울특별시 영등포구 신길로42길 1 (신길동)","서울특별시 영등포구 신길동 209-102","127.00","20","","126.9113390","37.5084038","192160.98959225","545440.52994429"
"2026","1156066000","공공시설","공공청사","신길4동주민센터","서울특별시 영등포구 신길로42길 1","서울특별시 영등포구 신길동 209-102","111.10","20","","126.9112660","37.5084200","192154.53695176","545442.33402116"
"2026","1156066000","특정계층이용시설","회원이용시설","삼성아파트112동경로당","서울특별시 영등포구 신길로42길 25","서울특별시 영등포구 신길동 4934-2","66.00","25","","126.9137000","37.5073000","192369.62637884","545317.82819011"
"2026","1156066000","특정계층이용시설","회원이용시설","구립신길4동경로당","서울특별시 영등포구 신길로42길 13-1 (신길동)","서울특별시 영등포구 신길동 209-119","198.00","60","","126.9123520","37.5077970","192250.49182651","545373.09899171"
"2026","1156067000","공공시설","복지?문화?체육시설","영등포종합사회복지관","서울특별시 영등포구 신길로13길 4 (영등포종합사회복지관)","서울특별시 영등포구 신길동 440-56","75.00","30","","126.9076250","37.4973240","191831.40718126","544211.13063276"
"2026","1156067000","공공시설","복지?문화?체육시설","영등포제1스포츠센터","서울특별시 영등포구 신풍로 1 (영등포제1스포츠센터)","서울특별시 영등포구 신길동 426-3","440.73","40","","126.9064440","37.5006850","191727.34375870","544584.26127882"
"2026","1156067000","특정계층이용시설","회원이용시설","대성유니드아파트경로당","서울특별시 영등포구 가마산로50길 27 (신길동 대성 유니드 아파트)","서울특별시 영등포구 신길동 389","","","","126.9029850","37.5015810","191421.58533837","544684.01537827"
"2026","1156067000","특정계층이용시설","회원이용시설","신길뉴타운한화꿈에그린경로당","서울특별시 영등포구 신길로 119 (포레나 신길 경로당,주민공동시설)","서울특별시 영등포구 신길동 4937","","","","126.9097010","37.5029260","192015.58153452","544832.70208608"
"2026","1156067000","특정계층이용시설","회원이용시설","신길센트럴자이아파트경로당","서울특별시 영등포구 신길로29길 17 (신길센트럴자이아파트 101동)","서울특별시 영등포구 신길동 4964","","","","126.9077060","37.5031640","191839.20550339","544859.28814756"
"2026","1156067000","공공시설","복지?문화?체육시설","꿈터마을도서관","서울특별시 영등포구 도림로 264","서울특별시 영등포구 신길동 422","105.00","6","","126.9051222","37.5016464","191610.57159968","544691.08127903"
"2026","1156067000","공공시설","공공청사","신길5동주민센터","서울특별시 영등포구 도림로 264","서울특별시 영등포구 신길동 422","1,261.30","30","","126.9052010","37.5016070","191617.53496951","544686.70136567"
"2026","1156067000","특정계층이용시설","회원이용시설","구립신길5동제1경로당","서울특별시 영등포구 신길로13길 24","서울특별시 영등포구 신길동 440-45","122.00","50","","126.9056540","37.4976910","191657.15517918","544252.03575102"
"2026","1156067000","특정계층이용시설","회원이용시설","구립신풍경로당","서울특별시 영등포구 도림로80길 6","서울특별시 영등포구 신길동 341-3","100.90","30","","126.9054258","37.5017578","191637.42940898","544703.41822323"
"2026","1162057500","특정계층이용시설","회원이용시설","행운경로당","서울특별시 관악구 행운9길 34","서울특별시 관악구 봉천동 1724-2","113.00","20","","126.9596380","37.4833750","196430.18101518","542659.73175698"
"2026","1162057500","공공시설","공공청사","행운동주민센터","서울특별시 관악구 행운1길 43 (봉천동)","서울특별시 관악구 봉천동 1670-7","690.00","26","","126.9570315","37.4806676","196199.51186312","542359.34836365"
"2026","1162058500","공공시설","복지?문화?체육시설","관악구민종합체육센터","서울특별시 관악구 낙성대로3길 37 (관악구민종합체육센터)","서울특별시 관악구 봉천동 225","435.00","120","","126.9600930","37.4729220","196469.93184821","541499.57133596"
"2026","1162058500","특정계층이용시설","회원이용시설","인헌(아)경로당","서울특별시 관악구 낙성대로15길 66","서울특별시 관악구 봉천동 1725","31.00","4","","126.9625550","37.4680640","196687.49952935","540960.30954310"
"2026","1162058500","특정계층이용시설","회원이용시설","백설경로당","서울특별시 관악구  관악로6길  50   (봉천동)","서울특별시 관악구 봉천동 1606-11","63.00","8","","126.9534960","37.4762470","195886.56079822","541868.86939087"
"2026","1162058500","특정계층이용시설","회원이용시설","덕진경로당","서울특별시 관악구  남부순환로234길  37   (봉천동)","서울특별시 관악구 봉천동 1621-23","147.00","19","","126.9568210","37.4777001","196180.74248156","542030.00398797"
"2026","1162058500","공공시설","공공청사","낙성대동주민센터","서울특별시 관악구 낙성대로4가길 5 (봉천동)","서울특별시 관악구 봉천동 1624-24","318.00","50","","126.9584068","37.4763038","196320.94080216","541874.97024585"
"2026","1162052500","공공시설","복지?문화?체육시설","관악구장애인종합복지관","서울특별시 관악구 남부순환로 1914","서울특별시 관악구 봉천동 1660-4","64.22","7","","126.9618457","37.4774484","196625.17462013","542001.87671833"
"2026","1162059500","공공시설","복지?문화?체육시설","관악50플러스센터","서울특별시 관악구 관악로5길 95","서울특별시 관악구 봉천동 1589-13","1,607.00","30","","126.9513290","37.4771570","195694.93436270","541969.96406725"
"2026","1162059500","공공시설","공공청사","관악구청","서울특별시 관악구 관악로 145  (봉천동)","서울특별시 관악구 봉천동 1570-1","1.00","20","","126.9513952","37.4782676","195700.85353308","542093.22279130"
"2026","1162059500","특정계층이용시설","회원이용시설","건영6차(아)경로당","서울특별시 관악구 관악로 133 (건영아파트(6차) 101동)","서울특별시 관악구 봉천동 1701","151.00","19","","126.9517130","37.4772990","195728.90815900","541985.70668092"
"2026","1162059500","특정계층이용시설","회원이용시설","갑을(아)경로당","","서울특별시 관악구 봉천동 1700","71.00","9","","126.9521900","37.4749380","195770.96682809","541723.64579696"
"2026","1162059500","특정계층이용시설","회원이용시설","서울대입구아이원(아)경로당","서울특별시 관악구 청룡길 78 (서울대입구아이원아파트 102동)","서울특별시 관악구 봉천동 1560-61","141.00","18","","126.9454130","37.4782000","195171.71716551","542086.01002172"
"2026","1162059500","특정계층이용시설","회원이용시설","삼성(아)경로당","서울특별시 관악구 관악로 125 (서울대입구삼성아파트 103동)","서울특별시 관악구 봉천동 1591-2","52.00","7","","126.9518120","37.4764140","195737.61466525","541887.47904435"
"2026","1162059500","특정계층이용시설","회원이용시설","e편한세상서울대입구(아)경로당","서울특별시 관악구 청룡16길 43 (e편한세상 서울대입구 2단지)","서울특별시 관악구 봉천동 1730-1","237.00","43","","126.9431690","37.4763260","194973.10724828","541878.13851559"
"2026","1168052100","공공시설","공공청사","논현1동주민센터","서울특별시 강남구  학동로20길  25   (논현동)","서울특별시 강남구 논현동 133-13","65.00","20","","127.0285070","37.5114520","202520.35914045","545775.53005294"
"2026","1168052100","특정계층이용시설","회원이용시설","논현노인종합복지관","서울특별시 강남구  강남대로128길  59   (논현동)","서울특별시 강남구 논현동 125-13","1,631.00","20","","127.0260558","37.5120356","202303.62585557","545840.23938454"
"2026","1168053100","특정계층이용시설","회원이용시설","강남시니어클럽","서울특별시 강남구 학동로43길 17 (논현2동주민센터)","서울특별시 강남구 논현동 114-24","46.00","13","","127.0372350","37.5172920","203291.76205782","546423.96553717"
"2026","1168053100","특정계층이용시설","특수근로자 쉼터","이동노동자쉼터(논현점)","서울특별시 강남구 도산대로34길 21","서울특별시 강남구 논현동 68-15","36.36","11","","127.0313440","37.5189640","202770.90606458","546609.34662928"
"2026","1168053100","특정계층이용시설","회원이용시설","학리시니어센터","서울특별시 강남구 학동로47길 30","서울특별시 강남구 논현동 109-1","71.00","21","","127.0383300","37.5185980","203388.50653681","546568.95393270"
"2026","1168053100","공공시설","공공청사","논현2동주민센터","서울특별시 강남구  학동로43길  17   (논현동)","서울특별시 강남구 논현동 114-24","832.00","50","","127.0371879","37.5172779","203287.59879836","546422.39896837"
"2026","1168054500","특정계층이용시설","회원이용시설","로데오현대경로당","서울특별시 강남구 압구정로50길 28 (신사동, 로데오현대아파트)","서울특별시 강남구 신사동 658-2","331.00","100","","127.0370193","37.5265697","203272.28787457","547453.66633170"
"2026","1168054500","특정계층이용시설","회원이용시설","압구정노인복지관","서울특별시 강남구 도산대로53길 5 (신사동)","서울특별시 강남구 신사동 652-13","68.32","21","","127.0381928","37.5235237","203376.15562444","547115.63983265"
"2026","1168054500","공공시설","공공청사","압구정동주민센터","서울특별시 강남구 압구정로33길 48 (압구정동주민센터)","서울특별시 강남구 압구정동 458","203.00","20","","127.0308300","37.5296600","202725.07780631","547796.45390282"
"2026","1168054500","특정계층이용시설","회원이용시설","압구정경로당","서울특별시 강남구 언주로153길 10-17","서울특별시 강남구 신사동 626-44","98.00","30","","127.0320760","37.5236650","202835.43921776","547131.12040939"
"2026","1168056500","공공시설","복지?문화?체육시설","정다운도서관","서울특별시 강남구 학동로67길 11 (청담2문화센터)","서울특별시 강남구 청담동 35-10","332.00","70","","127.0464350","37.5191090","204104.98902931","546625.99128279"
"2026","1168056500","공공시설","공공청사","청담동주민센터","서울특별시 강남구  압구정로79길  26   (청담동)","서울특별시 강남구 청담동 124-1","50.00","15","","127.0493166","37.5250817","204359.38334412","547289.01574434"
"2026","1168058000","특정계층이용시설","특수근로자 쉼터","이동노동자쉼터(무역센터남문이륜차주차장)","서울특별시 강남구 테헤란로87길 36 (도심공항타워)","서울특별시 강남구 삼성동 159","36.36","5","","127.0588190","37.5125210","205200.22784583","545895.41904171"
"2026","1168058000","특정계층이용시설","회원이용시설","삼성시니어센터","서울특별시 강남구 봉은사로111길 18-3","서울특별시 강남구 삼성동 100-8","64.00","19","","127.0653940","37.5165140","205781.22011617","546338.97514151"
"2026","1168058000","특정계층이용시설","회원이용시설","강남노인종합복지관","서울특별시 강남구 삼성로 628","서울특별시 강남구 삼성동 66","106.00","14","","127.0521410","37.5159270","204609.61178324","546273.09371673"
"2026","1168058000","공공시설","공공청사","삼성1동주민센터","서울특별시 강남구  봉은사로  616   (삼성동)","서울특별시 강남구 삼성동 161-2","33.00","10","","127.0625237","37.5143250","205527.62987963","546095.85134125"
"2026","1168059000","공공시설","공공청사","강남구청","서울특별시 강남구 학동로 426 (강남구청 본관)","서울특별시 강남구 삼성동 16-1","60.00","20","","127.0475940","37.5174780","204207.53958238","546445.02205050"
"2026","1171064700","특정계층이용시설","회원이용시설","파인타운5단지경로당","서울특별시 송파구 장지동 충민로4길  5   (장지동, 송파파인타운5단지)","서울특별시 송파구 장지동 845","65.58","19","누구나 무더위쉼터 이용가능에 동의","127.1297192","37.4796154","211473.59791010","542249.60414747"
"2026","1171064700","특정계층이용시설","회원이용시설","파인타운6단지경로당","서울특별시 송파구 장지동 충민로6길  14   (장지동, 송파파인타운6단지)","서울특별시 송파구 장지동 847","82.84","13","누구나 무더위쉼터 이용가능에 동의","127.1319307","37.4805143","211669.06427748","542349.64189376"
"2026","1171064700","특정계층이용시설","회원이용시설","파인타운7단지경로당","서울특별시 송파구 장지동 충민로4길  19   (장지동)","서울특별시 송파구 장지동 844","53.00","32","폭염특보 발효시 연장운영, 누구나 무더위쉼터 이용가능에 동의","127.1310296","37.4791996","211589.56639937","542203.61634524"
"2026","1171064700","특정계층이용시설","회원이용시설","파인타운8단지경로당","서울특별시 송파구 장지동 충민로4길  6   (장지동)","서울특별시 송파구 장지동 842","71.06","29","누구나 무더위쉼터 이용가능에 동의","127.1284771","37.4794384","211363.76154573","542229.80887265"
"2026","1171064700","특정계층이용시설","회원이용시설","파인타운9단지경로당","서울특별시 송파구 장지동 송파대로8길  17   (장지동, 송파파인타운 9단지)","서울특별시 송파구 장지동 843","145.00","16","누구나 무더위쉼터 이용가능에 동의","127.1291602","37.4780014","211424.40032748","542070.40362789"
"2026","1171064700","특정계층이용시설","회원이용시설","파인타운10단지경로당","서울특별시 송파구 장지동 송파대로8길  20   (장지동)","서울특별시 송파구 장지동 856","89.48","20","누구나 무더위쉼터 이용가능에 동의","127.1311864","37.4781325","211603.60036191","542085.20173615"
"2026","1171064700","특정계층이용시설","회원이용시설","파인타운11단지경로당","서울특별시 송파구 장지동 송파대로8길  58   (장지동)","서울특별시 송파구 장지동 854","57.60","12","누구나 무더위쉼터 이용가능에 동의","127.1337270","37.4801443","211828.00260165","542308.80092502"
"2026","1171064600","공공시설","공공청사","장지동주민센터","서울특별시 송파구 송이로31길 10 (장지동복합청사)","서울특별시 송파구 문정동 656-1","945.00","40","","127.1326770","37.4885030","211733.82393732","543236.37507522"
"2026","1171064700","특정계층이용시설","회원이용시설","송파레이크힐경로당","서울특별시 송파구 위례송파로 89 (송파 레이크힐 1502동)","서울특별시 송파구 거여동 606","191.57","23","누구나 무더위쉼터 이용가능에 동의","127.1445730","37.4860160","212786.31895863","542961.89984913"
"2026","1171064700","특정계층이용시설","회원이용시설","포레나송파경로당","서울특별시 송파구 위례송파로 123 (포레나송파 1714동)","서울특별시 송파구 거여동 651","380.78","62","누구나 무더위쉼터 이용가능에 동의","127.1486530","37.4856160","213147.23244539","542918.06702735"
"2026","1171064700","특정계층이용시설","회원이용시설","힐스테이트송파위례경로당","서울특별시 송파구 위례광장로 170 (힐스테이트송파위례 103동)","서울특별시 송파구 장지동 883","167.30","29","누구나 무더위쉼터 이용가능에 동의","127.1423730","37.4798790","212592.77648909","542280.47731497"
"2026","1171064700","특정계층이용시설","회원이용시설","위례2차아이파크경로당","서울특별시 송파구 위례광장로 230 (위례2차아이파크 203동)","서울특별시 송파구 장지동 884","147.67","44","누구나 무더위쉼터 이용가능에 동의","127.1437040","37.4797860","212710.51817752","542270.33438202"
"2026","1171064700","특정계층이용시설","회원이용시설","위례아이파크1차경로당","서울특별시 송파구 위례광장로 136 (위례아이파크 상가-1)","서울특별시 송파구 장지동 894","125.43","15","누구나 무더위쉼터 이용가능에 동의","127.1425320","37.4765080","212607.40622499","541906.36237086"
"2026","1171064700","특정계층이용시설","회원이용시설","위례송파푸르지오경로당","서울특별시 송파구 위례광장로 185 (위례신도시 송파푸르지오 106동)","서울특별시 송파구 장지동 878","172.47","38","누구나 무더위쉼터 이용가능에 동의","127.1412270","37.4807410","212491.27017186","542375.99525256"
"2026","1156067000","특정계층이용시설","회원이용시설","6.25참전자경로당","서울특별시 영등포구 도림로80길 4","서울특별시 영등포구 신길동 341-6","119.00","40","","126.9052810","37.5017901","191624.62930815","544707.01598294"
"2026","1156068000","특정계층이용시설","회원이용시설","신길파크자이아파트경로당","서울특별시 영등포구 신길로28길 25 (신길파크자이 101동)","서울특별시 영등포구 신길동 4967","","","","126.9136490","37.5031640","192364.69591036","544858.78939887"
"2026","1156068000","특정계층이용시설","회원이용시설","보라매경남아너스빌아파트경로당","서울특별시 영등포구 여의대방로 25 (보라매 경남아너스빌)","서울특별시 영등포구 신길동 4780","","","","126.9102160","37.4951120","192060.29158199","543965.40567920"
"2026","1156068000","특정계층이용시설","회원이용시설","삼성아파트경로당","서울특별시 영등포구 여의대방로 45 (삼성아파트 상가동)","서울특별시 영등포구 신길동 4759","","","","126.9113320","37.4964740","192159.12323781","544116.47641396"
"2026","1156068000","특정계층이용시설","회원이용시설","우성3차아파트경로당","서울특별시 영등포구 대방천로14길 32 (신길우성아파트 관리사무소)","서울특별시 영등포구 신길동 4571","","","","126.9099370","37.4987040","192036.00072723","544364.09460485"
"2026","1156068000","특정계층이용시설","회원이용시설","신길6동분회경로당","서울특별시 영등포구 신풍로 96","서울특별시 영등포구 신길동 4086","","","","126.9166540","37.4997080","192630.06355392","544474.97844612"
"2026","1156068000","특정계층이용시설","회원이용시설","보라매두산위브아파트경로당","서울특별시 영등포구 여의대방로9길 5 (보라매두산위브 101동)","서울특별시 영등포구 신길동 4497","","","","126.9145290","37.4972570","192441.91167321","544203.11772787"
"2026","1156068000","특정계층이용시설","회원이용시설","우성2차아파트경로당","서울특별시 영등포구 대방천로 180 (우성2차아파트 우성쇼핑센타)","서울특별시 영등포구 신길동 4518","","","","126.9126520","37.4982270","192276.03090180","544310.92752105"
"2026","1156068000","특정계층이용시설","회원이용시설","구립늘푸른경로당","서울특별시 영등포구 신풍로25길 15-22 (신길동)","서울특별시 영등포구 신길동 580","177.21","40","","126.9188985","37.5013738","192828.69460373","544659.68732980"
"2026","1156068000","공공시설","복지?문화?체육시설","신길6동작은도서관","서울특별시 영등포구 대방천로 167 (신길동)","서울특별시 영등포구 신길동 3741-11","193.00","40","","126.9098763","37.4993371","192030.70049026","544434.36564668"
"2026","1156068000","공공시설","공공청사","신길6동주민센터","서울특별시 영등포구 대방천로 167 (신길동)","서울특별시 영등포구 신길동 3741-11","84.00","21","","126.9098327","37.4993762","192026.84926292","544438.70893333"
"2026","1156068000","특정계층이용시설","회원이용시설","구립신길6동경로당","서울특별시 영등포구 대방천로 193","서울특별시 영등포구 신길동 3741-37","95.00","30","","126.9124180","37.4991680","192255.43603499","544415.38555994"
"2026","1156069000","특정계층이용시설","회원이용시설","래미안에스티움경로당","서울특별시 영등포구 신풍로 77 (래미안에스티움 103동)","서울특별시 영등포구 신길동 4947","287.95","26","","126.9143900","37.5021850","192430.11757933","544750.07314935"
"2026","1156069000","특정계층이용시설","회원이용시설","삼환아파트경로당","서울특별시 영등포구 여의대방로43라길 9 (삼환아파트 노인정)","서울특별시 영등포구 신길동 897-1","204.00","61","","126.9194780","37.5082880","192880.59282438","545427.03072818"
"2026","1156069000","특정계층이용시설","회원이용시설","한성아파트경로당","서울특별시 영등포구 가마산로 575 (한성아파트 노인정)","서울특별시 영등포구 신길동 769-1","113.80","34","","126.9193790","37.5047640","192871.50459261","545035.91937102"
"2026","1156069000","공공시설","복지?문화?체육시설","마음서랍마을도서관","서울특별시 영등포구 여의대방로43길 10","서울특별시 영등포구 신길동 897-3","39.00","18","","126.9214256","37.5064445","193052.62038424","545222.28025182"
"2026","1156069000","공공시설","공공청사","신길7동주민센터","서울특별시 영등포구 여의대방로43길 10","서울특별시 영등포구 신길동 897-3","2,644.50","30","","126.9214190","37.5063240","193052.02565858","545208.90678339"
"2026","1162059500","특정계층이용시설","회원이용시설","e편한세상서울대입구2차(아)경로당","서울특별시 관악구 참숯1길 19","서울특별시 관악구 봉천동 1733","112.00","33","","126.9423710","37.4779370","194902.63088523","542056.98085914"
"2026","1162059500","특정계층이용시설","회원이용시설","일선경로당","서울특별시 관악구  쑥고개로26길  24   (봉천동)","서울특별시 관악구 봉천동 1587-7","130.00","17","","126.9495272","37.4778233","195535.60049627","542043.99835268"
"2026","1162059500","특정계층이용시설","회원이용시설","송현경로당","서울특별시 관악구 장군봉1길 45-6","서울특별시 관악구 봉천동 927-22","199.00","25","","126.9424730","37.4818890","194911.92090449","542495.59467469"
"2026","1162059500","공공시설","공공청사","청룡동주민센터","서울특별시 관악구 쑥고개로 44 (봉천동)","서울특별시 관악구 봉천동 1539-1","1,441.00","41","","126.9416233","37.4791345","194836.57811810","542189.92810659"
"2026","1162060500","특정계층이용시설","회원이용시설","벽산블루밍(아)1단지경로당","서울특별시 관악구 은천로 93","서울특별시 관악구 봉천동 1718","137.00","17","","126.9448520","37.4894780","195122.82922587","543337.74745420"
"2026","1162060500","특정계층이용시설","회원이용시설","두산(아)2단지경로당","서울특별시 관악구 은천로 86 (두산아파트201동)","서울특별시 관악구 봉천동 1708","190.00","24","","126.9428950","37.4845270","194949.42303130","542788.35496103"
"2026","1162060500","특정계층이용시설","회원이용시설","벽산블루밍(아)2단지경로당","서울특별시 관악구 은천로 93","서울특별시 관악구 봉천동 1718","137.00","17","","126.9447990","37.4893820","195118.13577167","543327.09546358"
"2026","1162060500","특정계층이용시설","회원이용시설","두산(아)1단지경로당","서울특별시 관악구 봉천로 387","서울특별시 관악구 봉천동 1708","178.00","23","","126.9428010","37.4845500","194941.11087445","542790.91270310"
"2026","1162060500","특정계층이용시설","회원이용시설","벽산블루밍3차(아)경로당","서울특별시 관악구 은천로15길 24","서울특별시 관악구 봉천동 1720","56.00","7","","126.9444370","37.4884130","195086.05775092","543219.56804806"
"2026","1162060500","특정계층이용시설","회원이용시설","국지경로당","서울특별시 관악구  국회단지21길  14   (봉천동)","서울특별시 관악구 봉천동 635-68","344.00","43","","126.9415070","37.4902600","194827.05850505","543424.71772965"
"2026","1162060500","특정계층이용시설","회원이용시설","은천경로당","서울특별시 관악구  봉천로27길  45   (봉천동)","서울특별시 관악구 봉천동 936-6","111.00","14","","126.9408350","37.4857580","194767.31486765","542925.09217556"
"2026","1162060500","특정계층이용시설","회원이용시설","벽산블루밍(아)3단지경로당","서울특별시 관악구 양녕로 117 (봉천동, 벽산블루밍아파트)","서울특별시 관악구 봉천동 1718-1","137.00","17","","126.9426935","37.4920548","194932.11019793","543623.85245370"
"2026","1162060500","특정계층이용시설","회원이용시설","두산(아)임대3단지경로당","서울특별시 관악구 양녕로 31 (봉천동, 두산아파트)","서울특별시 관악구 봉천동 1708-2","99.00","13","","126.9457930","37.4851550","195205.77299734","542857.90313630"
"2026","1162060500","특정계층이용시설","회원이용시설","국사봉경로당","서울특별시 관악구 은천로15길 13-2","서울특별시 관악구 봉천동 622-70","202.00","26","","126.9437050","37.4875040","195021.25999037","543118.71948447"
"2026","1162060500","공공시설","공공청사","은천동주민센터","서울특별시 관악구 봉천로33나길 30 (봉천동)","서울특별시 관악구 봉천동 905-29","48.00","35","","126.9424147","37.4853115","194906.99677673","542875.44995313"
"2026","1168059000","공공시설","공공청사","강남구보건소","서울특별시 강남구 선릉로 668  (삼성동)","서울특별시 강남구 삼성동 8","120.00","30","","127.0421356","37.5162818","203725.05008131","546312.02885276"
"2026","1168059000","특정계층이용시설","회원이용시설","봉전경로당","서울특별시 강남구  봉은사로68길  39-3  (삼성동)","서울특별시 강남구 삼성동 123-29","110.00","33","","127.0519014","37.5098625","204588.80082348","545599.99957519"
"2026","1168059000","공공시설","공공청사","삼성2동주민센터","서울특별시 강남구  봉은사로  419   (삼성동)","서울특별시 강남구 삼성동 38-34","786.00","40","","127.0459912","37.5111674","204066.18667068","545744.55502083"
"2026","1168060000","공공시설","공공청사","대치1동주민센터","서울특별시 강남구  남부순환로391길  19   (대치동)","서울특별시 강남구 대치동 646-2","388.00","118","","127.0567749","37.4932457","205020.79813183","543755.99828138"
"2026","1168061000","특정계층이용시설","회원이용시설","대치경로당","서울특별시 강남구 역삼로90길 18","서울특별시 강남구 대치동 971-15","92.00","28","","127.0620106","37.5028334","205483.10792888","544820.40063687"
"2026","1168061000","공공시설","공공청사","대치2동주민센터","서울특별시 강남구  영동대로65길  24   (대치동)","서울특별시 강남구 대치동 980-9","72.00","22","","127.0641871","37.5023060","205675.59858801","544761.99506945"
"2026","1168063000","특정계층이용시설","회원이용시설","대치노인복지관","서울특별시 강남구 역삼로69길 22","서울특별시 강남구 대치동 901-4","24.50","7","","127.0541250","37.5030230","204785.83439900","544841.01357884"
"2026","1168063000","공공시설","공공청사","대치4동주민센터","서울특별시 강남구  도곡로77길  23   (대치동)","서울특별시 강남구 대치동 928-22","301.00","30","","127.0578474","37.4997288","205115.20076472","544475.59575083"
"2026","1168064000","특정계층이용시설","회원이용시설","선정시니어센터","서울특별시 강남구 선릉로105길 5","서울특별시 강남구 역삼동 683-19","36.00","12","","127.0442670","37.5082460","203913.89874950","545420.24381974"
"2026","1168064000","특정계층이용시설","회원이용시설","충현복지관","서울특별시 강남구 논현로98길 16 (충현복지관)","서울특별시 강남구 역삼동 669-3","102.00","21","","127.0367950","37.5035970","203253.45819695","544903.97998884"
"2026","1168064000","특정계층이용시설","회원이용시설","청음복지관","서울특별시 강남구 봉은사로50길 6 (청음회관)","서울특별시 강남구 역삼동 681-50","87.00","14","","127.0423580","37.5094060","203745.05517539","545548.91129626"
"2026","1168064000","특정계층이용시설","회원이용시설","강남구1인가구커뮤니티센터","서울특별시 강남구 테헤란로8길 36","서울특별시 강남구 역삼동 827-61","180.00","50","","127.0318450","37.4964920","202816.04003532","544115.25744167"
"2026","1168064000","특정계층이용시설","특수근로자 쉼터","이동노동자쉼터(파이낸스센터후면)","서울특별시 강남구 테헤란로 152 (강남파이낸스센터)","서울특별시 강남구 역삼동 737","10.00","3","","127.0364600","37.4997850","203224.00099421","544480.88573256"
"2026","1168064000","특정계층이용시설","특수근로자 쉼터","이동노동자쉼터(강남취창업허브센터후면)","서울특별시 강남구 역삼로 160 (강남취창업허브센터)","서울특별시 강남구 역삼동 789-11","5.10","1","","127.0366630","37.4949050","203242.16238059","543939.27618128"
"2026","1168064000","특정계층이용시설","회원이용시설","강남시니어플라자","서울특별시 강남구 봉은사로 332 (역삼동)","서울특별시 강남구 역삼동 682-8","33.00","10","","127.0432192","37.5097588","203821.17963569","545588.10221303"
"2026","1168064000","특정계층이용시설","회원이용시설","상방교경로당","서울특별시 강남구 봉은사로24길 70","서울특별시 강남구 역삼동 632-13","179.00","54","","127.0318787","37.5023877","202818.79848299","544769.60468727"
"2026","1168064000","특정계층이용시설","회원이용시설","하방교경로당","서울특별시 강남구 역삼로11길 9-7","서울특별시 강남구 역삼동 752-11","321.00","50","","127.0345716","37.4952906","203057.20111437","543982.00276826"
"2026","1171064700","특정계층이용시설","회원이용시설","송파꿈에그린경로당","서울특별시 송파구 위례광장로 121 (위례24단지 2403동)","서울특별시 송파구 장지동 901","230.06","32","누구나 무더위쉼터 이용가능에 동의","127.1395690","37.4762760","212345.35752846","541880.22089507"
"2026","1171064700","특정계층이용시설","회원이용시설","위례포레샤인18단지경로당","서울특별시 송파구 위례북로4길 12 (위례포레샤인 18단지)","서울특별시 송파구 거여동 648","232.30","49","누구나 무더위쉼터 이용가능에 동의","127.1519910","37.4876570","213442.08775298","543145.06262492"
"2026","1171064700","공공시설","복지?문화?체육시설","송파위례도서관","서울특별시 송파구 위례광장로 210 (위례동주민센터)","서울특별시 송파구 장지동 882","914.00","140","","127.1439480","37.4811420","212731.86974386","542420.86539402"
"2026","1171064700","특정계층이용시설","회원이용시설","송파와이즈더샵경로당","서울특별시 송파구 위례광장로 270 (송파와이즈더샵 104동)","서울특별시 송파구 장지동 895","114.34","28","누구나 무더위쉼터 이용가능에 동의","127.1432320","37.4758120","212669.44096527","541829.20958936"
"2026","1171064700","특정계층이용시설","회원이용시설","송파더센트레아파트경로당","서울특별시 송파구 위례광장로 163 (송파더센트레 2212동)","서울특별시 송파구 장지동 879","150.66","49","누구나 무더위쉼터 이용가능에 동의","127.1413330","37.4786110","212501.00051199","542139.60755833"
"2026","1171064700","특정계층이용시설","회원이용시설","위례포레샤인13단지경로당","서울특별시 송파구 위례서이로 25 (거여동, 위례포레샤인 13단지)","서울특별시 송파구 거여동 599","225.74","40","누구나 무더위쉼터 이용가능에 동의","127.1377144","37.4823825","212180.32049788","542557.71985273"
"2026","1171064700","특정계층이용시설","회원이용시설","위례포레샤인경로당","서울특별시 송파구 위례순환로 477","서울특별시 송파구 장지동 905","430.39","112","누구나 무더위쉼터 이용가능에 동의","127.1352796","37.4761923","211965.95851972","541870.37762179"
"2026","1171064700","공공시설","공공청사","위례동주민센터","서울특별시 송파구 위례광장로 210","서울특별시 송파구 장지동 882","2,550.00","30","","127.1439239","37.4811530","212729.73628697","542422.08299007"
"2026","1171065000","공공시설","복지?문화?체육시설","잠실종합사회복지관","서울특별시 송파구 올림픽로12길 12 (잠실사회복지관)","서울특별시 송파구 잠실동 188-1","","","","127.0826840","37.5104980","207310.34637602","545672.47830401"
"2026","1171065000","공공시설","복지?문화?체육시설","소나무언덕잠실본동도서관","서울특별시 송파구 탄천동로 205 (소나무언덕잠실본동 도서관)","서울특별시 송파구 잠실동 306","510.00","105","","127.0788730","37.5031020","206974.09210747","544851.32777547"
"2026","1171065000","공공시설","복지?문화?체육시설","잠실청소년센터","서울특별시 송파구 올림픽로8길 22","서울특별시 송파구 잠실동 194-7","","","","127.0801340","37.5096390","207084.97419645","545576.94519694"
"2026","1171065000","특정계층이용시설","회원이용시설","신잠실경로당","서울특별시 송파구 백제고분로18길 20-36","서울특별시 송파구 잠실동 319","106.84","39","경로당 측에서 '누구나 이용 가능'에 동의 하였음.","127.0822620","37.5039130","207273.67494007","544941.59487489"
"2026","1171065000","특정계층이용시설","회원이용시설","우성4차경로당","서울특별시 송파구 백제고분로18길 30 (우성아파트 관리소)","서울특별시 송파구 잠실동 320","32.00","40","경로당 측에서 '누구나 이용 가능'에 동의 하였음.","127.0828080","37.5031510","207322.02714099","544857.06501892"
"2026","1171065000","특정계층이용시설","회원이용시설","신천경로당","서울특별시 송파구 석촌호수로12길 1-17 (신천노인정)","서울특별시 송파구 잠실동 209-4","159.98","39","누구나 무더위쉼터 이용가능에 동의","127.0866300","37.5082290","207659.45626525","545420.96212325"
"2026","1171065000","특정계층이용시설","회원이용시설","잠전경로당","서울특별시 송파구 백제고분로 145 (잠실본동복합청사)","서울특별시 송파구 잠실동 230-4","103.36","58","경로당 측에서 '누구나 이용 가능'에 동의 하였음.","127.0831870","37.5060660","207355.25300427","545180.62212739"
"2026","1156069000","특정계층이용시설","회원이용시설","래미안에스티움2경로당","서울특별시 영등포구 신풍로 77 (신길동, 래미안에스티움)","서울특별시 영등포구 신길동 4950","96.85","29","","126.9130025","37.5007996","192307.28868162","544596.42412887"
"2026","1156069000","특정계층이용시설","회원이용시설","구립신길7동경로당","서울특별시 영등포구 여의대방로43길 10","서울특별시 영등포구 신길동 897-3","314.00","54","","126.9214080","37.5064253","193051.06245012","545220.15059735"
"2026","1156070000","특정계층이용시설","회원이용시설","한신2차아파트경로당","서울특별시 영등포구 디지털로69길 13 (대림동1차한신아파트 101동)","서울특별시 영등포구 대림동 887-1","","","","126.9036500","37.4945580","191479.58913338","543904.49298055"
"2026","1156070000","특정계층이용시설","회원이용시설","현대아파트경로당","서울특별시 영등포구 시흥대로187길 12 (대림동현대아파트)","서울특별시 영등포구 대림동 946-1","","","","126.9083170","37.4931710","191892.15084003","543750.14185606"
"2026","1156070000","특정계층이용시설","회원이용시설","아델포레아파트경로당","서울특별시 영등포구 신길로 29 (e편한세상 영등포 아델포레 111동)","서울특별시 영등포구 대림동 1127","","","","126.9066460","37.4944390","191744.51798568","543891.01855730"
"2026","1156070000","특정계층이용시설","회원이용시설","신대림2차신동아파밀리에경로당","서울특별시 영등포구 디지털로 420 (보라매 신동아파밀리에 101동)","서울특별시 영등포구 대림동 1125","","","","126.9053350","37.4930770","191628.43157067","543739.97010483"
"2026","1156070000","공공시설","복지?문화?체육시설","대림1동작은도서관","서울특별시 영등포구 디지털로 441","서울특별시 영등포구 대림동 899-2","182.00","30","","126.9059076","37.4954555","191679.33254698","544003.90183893"
"2026","1156070000","공공시설","공공청사","대림1동주민센터","서울특별시 영등포구 디지털로 441","서울특별시 영등포구 대림동 899-2","1,853.80","30","","126.9059350","37.4954770","191681.75793645","544006.28563750"
"2026","1156070000","특정계층이용시설","회원이용시설","구립대림1동경로당","서울특별시 영등포구 디지털로 441","서울특별시 영등포구 대림동 899-2","251.00","30","","126.9059350","37.4954770","191681.75793645","544006.28563750"
"2026","1156070000","특정계층이용시설","회원이용시설","구립영인경로당","서울특별시 영등포구 도림로58길 11","서울특별시 영등포구 대림동 759-12","132.00","65","","126.9027253","37.4960638","191397.98887104","544071.70129355"
"2026","1156071000","특정계층이용시설","회원이용시설","신대림한솔솔파크경로당","서울특별시 영등포구 도림천로 431 (新 대림 한솔 솔파크 101동)","서울특별시 영등포구 대림동 1123","35.90","25","","126.8995730","37.4872880","191118.19151709","543097.99498887"
"2026","1156071000","특정계층이용시설","회원이용시설","문영칸타빌레경로당","서울특별시 영등포구 도림천로 391 (대림동문영칸타빌레아파트 101동)","서울특별시 영등포구 대림동 1061","101.00","35","","126.8971910","37.4897910","190907.82969251","543376.02250420"
"2026","1156071000","공공시설","복지?문화?체육시설","서울디지털동행플라자영등포센터","서울특별시 영등포구 디지털로37나길 21","서울특별시 영등포구 대림동 1072-25","825.00","80","","126.8996480","37.4914180","191125.31316795","543556.36373361"
"2026","1156071000","공공시설","복지?문화?체육시설","대림2동작은도서관","서울특별시 영등포구 대림로23길 25","서울특별시 영등포구 대림동 705","68.00","16","","126.8981000","37.4926000","190988.55686712","543687.69734965"
"2026","1156071000","공공시설","공공청사","대림2동주민센터","서울특별시 영등포구 대림로23길 25","서울특별시 영등포구 대림동 705","80.00","24","","126.8982290","37.4927120","190999.97831871","543700.11554611"
"2026","1156071000","특정계층이용시설","회원이용시설","구립다사랑경로당","서울특별시 영등포구 대림로23가길 5","서울특별시 영등포구 대림동 703-6","192.00","30","","126.8992110","37.4928110","191086.83234367","543711.00981909"
"2026","1156071000","특정계층이용시설","회원이용시설","구립큰숲경로당","서울특별시 영등포구 대림로7길 11-13 (대림동)","서울특별시 영등포구 대림동 990-93","253.70","80","","126.9043883","37.4887630","191544.22515134","543261.25720550"
"2026","1162061500","특정계층이용시설","회원이용시설","신봉(아)경로당","서울특별시 관악구 양녕로6나길 18 (신봉아파트 상가동)","서울특별시 관악구 봉천동 1705","55.00","7","","126.9496020","37.4849220","195542.63837578","542831.85607633"
"2026","1162061500","특정계층이용시설","회원이용시설","중앙경로당","서울특별시 관악구  은천로26길  14   (봉천동)","서울특별시 관악구 봉천동 457-208","199.54","25","","126.9504127","37.4859292","195614.39817850","542943.60388216"
"2026","1162061500","특정계층이용시설","회원이용시설","장수경로당","서울특별시 관악구 양녕로6다길 11-4","서울특별시 관악구 봉천동 1512-9","94.00","12","","126.9493680","37.4844640","195521.91532385","542781.03524426"
"2026","1162061500","공공시설","공공청사","중앙동주민센터","서울특별시 관악구 양녕로6다길 7 (봉천동)","서울특별시 관악구 봉천동 1512-7","704.47","14","","126.9497545","37.4841932","195556.08280172","542750.96171892"
"2026","1162061500","공공시설","복지?문화?체육시설","중앙사회복지관","서울특별시 관악구  봉천로41길  33   (봉천동)","서울특별시 관악구 봉천동 890-7","66.00","17","","126.9480710","37.4843604","195407.19741158","542769.59949493"
"2026","1162062500","특정계층이용시설","회원이용시설","반석푸른숲경로당","서울특별시 관악구 인헌16다길 14 (반석푸른숲아파트 102동)","서울특별시 관악구 봉천동 1723","41.00","5","","126.9656270","37.4686920","196959.28359276","541029.90542294"
"2026","1162062500","특정계층이용시설","회원이용시설","낙성대현대(아)경로당","서울특별시 관악구 남부순환로248길 56 (낙성대현대아파트)","서울특별시 관악구 봉천동 181-6","142.00","18","","126.9658240","37.4723710","196976.85884454","541438.21836669"
"2026","1162062500","특정계층이용시설","회원이용시설","은천2단지(아)경로당","서울특별시 관악구 인헌12길 46-1 (은천아파트 204동)","서울특별시 관악구 봉천동 1707-1","99.00","13","","126.9647700","37.4703650","196883.54080982","541215.61379711"
"2026","1162062500","특정계층이용시설","회원이용시설","인헌경로당","서울특별시 관악구  낙성대역3길  6-6  (봉천동)","서울특별시 관악구 봉천동 1709-5","200.00","25","","126.9618197","37.4758529","196622.80307116","541824.79852462"
"2026","1162062500","특정계층이용시설","회원이용시설","덕양경로당","서울특별시 관악구 인헌4길 20","서울특별시 관악구 봉천동 1637-13","400.00","50","","126.9659070","37.4748250","196984.29945937","541710.57668622"
"2026","1162062500","특정계층이용시설","회원이용시설","밤골경로당","서울특별시 관악구 인헌3가길 8","서울특별시 관악구 봉천동 1642-4","98.00","13","","126.9673560","37.4739000","197112.43535107","541607.86870401"
"2026","1162062500","공공시설","공공청사","인헌동주민센터","서울특별시 관악구 남부순환로246가길 20 (봉천동)","서울특별시 관악구 봉천동 1635-40","500.00","28","","126.9653310","37.4751180","196933.36127808","541743.11435259"
"2026","1162063000","특정계층이용시설","회원이용시설","구립예촌경로당","서울특별시 관악구 남현길 41 (남현동)","서울특별시 관악구 남현동 1083-1","198.00","25","","126.9768906","37.4745367","197955.84732387","541678.28418852"
"2026","1162063000","특정계층이용시설","회원이용시설","관수경로당","서울특별시 관악구 승방3나길 14","서울특별시 관악구 남현동 602-196","63.00","8","","126.9805400","37.4728800","198278.61869944","541494.33982199"
"2026","1162063000","공공시설","공공청사","남현동주민센터","서울특별시 관악구 남현1가길 29 (남현동)","서울특별시 관악구 남현동 1086-1","172.00","20","","126.9778753","37.4746879","198042.95336194","541695.04443768"
"2026","1168064000","공공시설","공공청사","역삼1동주민센터","서울특별시 강남구  역삼로7길  16   (역삼동)","서울특별시 강남구 역삼동 829-20","531.00","40","","127.0332825","37.4953738","202943.20144549","543991.19579478"
"2026","1168065000","특정계층이용시설","회원이용시설","역삼노인복지관","서울특별시 강남구 도곡로27길 27 (역삼2노인복지센터)","서울특별시 강남구 역삼동 781-34","33.30","10","","127.0418440","37.4945600","203700.34278275","543901.17674658"
"2026","1168065000","특정계층이용시설","회원이용시설","테헤란아이파크실버클럽","서울특별시 강남구 테헤란로52길 16 (역삼동, 테헤란아이파크)","서울특별시 강남구 역삼동 709-5","141.00","43","","127.0460610","37.5023902","204072.83466705","544770.40141754"
"2026","1168065000","특정계층이용시설","회원이용시설","역삼시니어하우스","서울특별시 강남구 언주로79길 30-3 (역삼동, )","서울특별시 강남구 역삼동 724-5","212.22","64","","127.0414000","37.4992000","203660.85252646","544416.13899815"
"2026","1168065000","공공시설","공공청사","역삼2동주민센터","서울특별시 강남구  도곡로43길  25   (역삼동)","서울특별시 강남구 역삼동 761-26","123.00","37","","127.0468166","37.4959747","204140.00098461","544058.39708731"
"2026","1168065500","특정계층이용시설","회원이용시설","도곡1노인복지관","서울특별시 강남구 강남대로44길 25","서울특별시 강남구 도곡동 950-10","36.00","11","","127.0356200","37.4863760","203150.28654676","542992.63378677"
"2026","1168065500","공공시설","공공청사","도곡1동주민센터","서울특별시 강남구  도곡로18길  57   (도곡동)","서울특별시 강남구 도곡동 892-6","648.00","50","","127.0388787","37.4883118","203438.40217849","543207.59607141"
"2026","1168065600","특정계층이용시설","회원이용시설","매봉시니어센터","서울특별시 강남구 남부순환로378길 20 (더 피크 빌딩)","서울특별시 강남구 도곡동 420-10","30.00","8","","127.0461640","37.4850110","204082.88814654","542841.54186902"
"2026","1168065600","특정계층이용시설","회원이용시설","삼성래미안경로당","서울특별시 강남구 남부순환로 2803 (도곡동, 삼성래미안아파트)","서울특별시 강남구 도곡동 91-5","115.00","35","","127.0506262","37.4897643","204477.25536934","543369.29833308"
"2026","1168065600","특정계층이용시설","회원이용시설","개포4차우성경로당","서울특별시 강남구 언주로 117  (도곡동, 개포4차우성아파트)","서울특별시 강남구 도곡동 465","34.00","100","","127.0492425","37.4853497","204355.14064451","542879.27103937"
"2026","1168065600","공공시설","공공청사","도곡2동주민센터","서울특별시 강남구  남부순환로378길  34-9  (도곡동)","서울특별시 강남구 도곡동 459","463.00","40","","127.0464155","37.4836996","204105.20334513","542696.00477905"
"2026","1168066000","공공시설","공공청사","개포1동주민센터","서울특별시 강남구 선릉로 35 (공공청사(주민센터/지구대))","서울특별시 강남구 개포동 660-1","102.00","15","","127.0588710","37.4831440","205206.86451634","542634.95648734"
"2026","1168066000","특정계층이용시설","회원이용시설","경남아파트경로당","서울특별시 강남구 언주로 110 (개포동, 경남아파트)","서울특별시 강남구 개포동 649","42.00","13","","127.0542472","37.4846180","204797.81674936","542798.30529120"
"2026","1168067000","공공시설","복지?문화?체육시설","일원스포츠문화센터","서울특별시 강남구 영동대로 22 (디에이치자이 개포)","서울특별시 강남구 일원동 743","180.00","54","","127.0752040","37.4908120","206650.76232997","543487.03192619"
"2026","1168067000","공공시설","공공청사","개포2동주민센터","서울특별시 강남구 개포로 511 (개포동)","서울특별시 강남구 개포동 182","117.42","36","","127.0691000","37.4899000","206111.02147607","543385.39815517"
"2026","1168067500","특정계층이용시설","회원이용시설","하상장애인복지관","서울특별시 강남구 개포로 613 (하상장애인복지관)","서울특별시 강남구 개포동 12-5","105.00","15","","127.0750390","37.4925000","206636.02100176","543674.36617672"
"2026","1168067500","특정계층이용시설","회원이용시설","강남장애인복지관","서울특별시 강남구 개포로 605 (강남장애인 문화복지관)","서울특별시 강남구 개포동 12-10","88.00","18","","127.0734630","37.4919960","206496.69218742","543618.31883828"
"2026","1171065000","공공시설","공공청사","잠실본동주민센터","서울특별시 송파구 백제고분로 145 (잠실동)","서울특별시 송파구 잠실동 230-4","696.30","20","","127.0831000","37.5061000","207347.55727864","545184.38889524"
"2026","1171067000","공공시설","복지?문화?체육시설","송파어린이도서관","서울특별시 송파구 올림픽로 105 (어린이도서관)","서울특별시 송파구 잠실동 19-6","1,273.00","250","","127.0824180","37.5121100","207286.67178483","545851.36916645"
"2026","1171067000","특정계층이용시설","회원이용시설","리센츠경로당","서울특별시 송파구 올림픽로 135 (리센츠 218동)","서울특별시 송파구 잠실동 22","317.82","49","누구나 무더위쉼터 이용가능에 동의","127.0905550","37.5132010","208005.95708602","545973.11757098"
"2026","1171067000","특정계층이용시설","회원이용시설","엘스어르신쉼터경로당","서울특별시 송파구 올림픽로 99 (잠실엘스 130동)","서울특별시 송파구 잠실동 19","297.67","47","누구나 무더위쉼터 이용가능에 동의","127.0839910","37.5146700","207425.48894908","546135.61968382"
"2026","1171067000","특정계층이용시설","회원이용시설","잠실엘스경로당","서울특별시 송파구 올림픽로 99 (잠실엘스 160동)","서울특별시 송파구 잠실동 19","365.00","56","누구나 무더위쉼터 이용가능에 동의","127.0796780","37.5142620","207044.22287882","546090.00520180"
"2026","1171072000","공공시설","공공청사","잠실2동주민센터","서울특별시 송파구 올림픽로 159 (잠실2동주민센터)","서울특별시 송파구 잠실동 22-7","1,748.97","20","","127.0885170","37.5119450","207825.90884472","545833.54605384"
"2026","1171068000","공공시설","복지?문화?체육시설","소나무언덕2호도서관","서울특별시 송파구 석촌호수로 155 (잠실3동자치회관2관)","서울특별시 송파구 잠실동 44-4","329.00","68","","127.0941750","37.5072670","208326.66008854","545314.83329410"
"2026","1171068000","특정계층이용시설","회원이용시설","잠실5단지경로당","서울특별시 송파구 송파대로 567 (잠실주공아파트 관리사무실 경로당)","서울특별시 송파구 잠실동 27","205.00","35","누구나 무더위쉼터 이용가능에 동의","127.0944640","37.5159540","208351.24463296","546279.00553559"
"2026","1171068000","특정계층이용시설","회원이용시설","레이크팰리스경로당","서울특별시 송파구 잠실로 88 (레이크팰리스 127동)","서울특별시 송파구 잠실동 44","332.00","40","누구나 무더위쉼터 이용가능에 동의","127.0949130","37.5078450","208391.84706152","545379.04946409"
"2026","1171068000","특정계층이용시설","회원이용시설","트리지움경로당","서울특별시 송파구 잠실로 62 (트리지움 321동)","서울특별시 송파구 잠실동 35","358.22","45","누구나 무더위쉼터 이용가능에 동의","127.0900320","37.5093600","207960.12660367","545546.77103672"
"2026","1171068000","공공시설","공공청사","잠실3동주민센터","서울특별시 송파구 잠실로 51-31 (잠실3동주민센터)","서울특별시 송파구 잠실동 27-4","591.34","20","","127.0942380","37.5132810","208331.56187265","545982.31630911"
"2026","1171069000","특정계층이용시설","회원이용시설","파크리오4경로당","서울특별시 송파구 올림픽로 435 (파크리오 305동)","서울특별시 송파구 신천동 20","243.00","23","누구나 무더위쉼터 이용가능에 동의","127.1126760","37.5215670","209960.56069502","546903.75046012"
"2026","1171069000","특정계층이용시설","회원이용시설","파크리오3경로당","서울특별시 송파구 올림픽로 435 (파크리오 217동)","서울특별시 송파구 신천동 20","243.00","33","누구나 무더위쉼터 이용가능에 동의","127.1105760","37.5219930","209774.86501592","546950.81085546"
"2026","1171069000","특정계층이용시설","회원이용시설","파크리오2경로당","서울특별시 송파구 올림픽로 435 (파크리오 212동)","서울특별시 송파구 신천동 20","243.00","36","누구나 무더위쉼터 이용가능에 동의","127.1087010","37.5209510","209609.24950141","546834.96870992"
"2026","1171069000","특정계층이용시설","회원이용시설","파크리오1경로당","서울특별시 송파구 올림픽로 435 (파크리오 117동)","서울특별시 송파구 신천동 17","243.00","25","누구나 무더위쉼터 이용가능에 동의","127.1068540","37.5202780","209446.05811509","546760.08707810"
"2026","1156071000","특정계층이용시설","회원이용시설","구립행복경로당","서울특별시 영등포구 디지털로53길 6-10 (대림동)","서울특별시 영등포구 대림동 1033-12","201.00","61","","126.9015005","37.4912322","191289.11853648","543535.56933338"
"2026","1156071000","특정계층이용시설","회원이용시설","구립대동경로당","서울특별시 영등포구 대림로21길 5","서울특별시 영등포구 대림동 832-2","63.00","36","","126.9008013","37.4927194","191227.45815074","543700.69402371"
"2026","1156072000","특정계층이용시설","회원이용시설","대림성원아파트경로당","서울특별시 영등포구 대림로 256 (성원아파트 101동)","서울특별시 영등포구 대림동 650","","","","126.8964880","37.5037840","190847.36603450","544929.13205434"
"2026","1156072000","공공시설","복지?문화?체육시설","YDP미래평생학습관","서울특별시 영등포구 도신로4길 20 (한국방송통신대학교)","서울특별시 영등포구 대림동 786-4","478.00","20","","126.8959350","37.5016440","190798.20658149","544691.67350916"
"2026","1156072000","특정계층이용시설","회원이용시설","코오롱아파트경로당","서울특별시 영등포구 도영로 2-5 (대림동코오롱아파트)","서울특별시 영등포구 대림동 607-1","","","","126.8948310","37.5069940","190701.25055158","545285.56336508"
"2026","1156072000","특정계층이용시설","회원이용시설","대림3동현대3차아파트경로당","서울특별시 영등포구 도신로 31 (현대3차아파트 노인정)","서울특별시 영등포구 대림동 608-1","","","","126.8957640","37.5055470","190783.56594365","545124.87309799"
"2026","1156072000","특정계층이용시설","회원이용시설","현대1차아파트","서울특별시 영등포구 도신로4길 10 (현대아파트 상가동)","서울특별시 영등포구 대림동 785-1","","","","126.8949600","37.5022280","190712.06596710","544756.58576251"
"2026","1156072000","특정계층이용시설","회원이용시설","신동아아파트경로당","서울특별시 영등포구 대림로31길 40 (신동아상가 상가)","서울특별시 영등포구 대림동 777-3","","","","126.8948950","37.4953240","190705.46280536","543990.33749953"
"2026","1156072000","특정계층이용시설","회원이용시설","우성아파트경로당","서울특별시 영등포구 도림로 187 (우성아파트 관리사무소)","서울특별시 영등포구 대림동 696","","","","126.9005600","37.4955370","191206.44936503","544013.43342467"
"2026","1156072000","공공시설","공공청사","대림3동주민센터","서울특별시 영등포구 가마산로 364 (성락빌딩)","서울특별시 영등포구 대림동 682-2","300.00","20","","126.8990050","37.5009080","191069.57919966","544609.69126716"
"2026","1156072000","특정계층이용시설","회원이용시설","구립원지경로당","서울특별시 영등포구 도림로47길 28","서울특별시 영등포구 대림동 690","92.40","50","","126.8996000","37.4977000","191121.81191996","544253.58846102"
"2026","1156072000","특정계층이용시설","회원이용시설","구립대림3동경로당","서울특별시 영등포구 대림로41길 12 (대림동)","서울특별시 영등포구 대림동 786-28","280.00","50","","126.8958321","37.5010539","190789.03531014","544626.19008118"
"2026","1156072000","특정계층이용시설","회원이용시설","구립동심경로당","서울특별시 영등포구 대림로35길 7","서울특별시 영등포구 대림동 742","132.00","60","","126.8973390","37.4987505","190922.00294549","544370.39602712"
"2026","1156072000","특정계층이용시설","회원이용시설","구립신우경로당","서울특별시 영등포구 가마산로47길 13","서울특별시 영등포구 대림동 657","82.00","35","","126.8991000","37.5036000","191078.29984000","544908.45959548"
"2026","1156072000","특정계층이용시설","회원이용시설","구립두암경로당","서울특별시 영등포구 도림로31길 14-1","서울특별시 영등포구 대림동 808-4","114.00","68","","126.8955405","37.4936612","190762.34021338","543805.72480411"
"2026","1159051000","특정계층이용시설","회원이용시설","건영아파트경로당","서울특별시 동작구 만양로 26 (건영아파트 관리동,노인정,주민복지시설)","서울특별시 동작구 노량진동 324","195.00","50","","126.9495170","37.5074510","195536.46175444","545332.28569053"
"2026","1159051000","특정계층이용시설","회원이용시설","형인한강아파트경로당","서울특별시 동작구 만양로 36 (형인한강아파트)","서울특별시 동작구 노량진동 331","24.00","10","","126.9483140","37.5077080","195430.11217177","545360.86714008"
"2026","1162064500","특정계층이용시설","회원이용시설","성우(아)경로당","서울특별시 관악구 남부순환로198길 7 (성우아파트 101동)","서울특별시 관악구 신림동 10-622","75.00","10","","126.9372850","37.4836700","194453.19051930","542693.55503137"
"2026","1162064500","특정계층이용시설","회원이용시설","신본경로당","서울특별시 관악구 남부순환로200다길 7 (신림동)","서울특별시 관악구 신림동 1510-6","353.00","44","","126.9364927","37.4825952","194383.03531443","542574.31345763"
"2026","1162064500","특정계층이용시설","회원이용시설","서원경로당","서울특별시 관악구 서원3길 10","서울특별시 관악구 신림동 409-26","238.00","30","","126.9332280","37.4768320","194093.83214689","541934.87482053"
"2026","1162064500","특정계층이용시설","회원이용시설","신관경로당","서울특별시 관악구 신림로48길 25","서울특별시 관악구 신림동 91-50","396.00","50","","126.9334510","37.4794020","194113.75869820","542220.09653319"
"2026","1162064500","공공시설","공공청사","서원동주민센터","서울특별시 관악구 신림로 282 (신림동)","서울특별시 관악구 신림동 1641-65","1,311.00","43","","126.9312704","37.4797827","193920.91602632","542262.48770536"
"2026","1162065500","특정계층이용시설","회원이용시설","동부(아)경로당","서울특별시 관악구 신원로 26 (신림동부아파트 주차요금소)","서울특별시 관악구 신림동 1695","84.00","11","","126.9291850","37.4805460","193736.52757510","542347.34051815"
"2026","1162065500","특정계층이용시설","회원이용시설","신일경로당","서울특별시 관악구 문성로32길 18 (신림동)","서울특별시 관악구 신림동 1630-30","362.00","46","","126.9286988","37.4785019","193693.35217648","542120.50511127"
"2026","1162065500","특정계층이용시설","회원이용시설","신원경로당","서울특별시 관악구 남부순환로170길 6","서울특별시 관악구 신림동 1581-6","254.00","32","","126.9243820","37.4826900","193311.90101804","542585.62636396"
"2026","1162065500","공공시설","공공청사","신원동주민센터","서울특별시 관악구 신원로3길 13 (신림동)","서울특별시 관악구 신림동 1601-3","200.00","23","","126.9274389","37.4816240","193582.18002775","542467.10176621"
"2026","1162066500","특정계층이용시설","회원이용시설","신림현대(아)경로당","서울특별시 관악구 신림로29길 8 (신림현대아파트 106동)","서울특별시 관악구 신림동 1694","298.00","37","","126.9324570","37.4751220","194025.49893494","541745.13636256"
"2026","1162066500","특정계층이용시설","회원이용시설","서림경로당","서울특별시 관악구  서림3길  47   (신림동)","서울특별시 관악구 신림동 103-141","52.00","7","","126.9406227","37.4723230","194747.59832167","541433.99825077"
"2026","1162066500","특정계층이용시설","회원이용시설","서광경로당","서울특별시 관악구 참숯5길 38","서울특별시 관악구 신림동 1564-64","198.00","25","","126.9417476","37.4761071","194847.36460627","541853.92037326"
"2026","1162066500","특정계층이용시설","회원이용시설","행복경로당","서울특별시 관악구 신림로36길 12-10","서울특별시 관악구 신림동 94-115","202.56","26","","126.9379322","37.4756227","194509.84321342","541800.37406657"
"2026","1162066500","공공시설","공공청사","서림동주민센터","서울특별시 관악구 신림로29길 6 (신림동)","서울특별시 관악구 신림동 1694-7","780.00","23","","126.9349893","37.4749906","194249.48292710","541730.39508129"
"2026","1162068500","특정계층이용시설","회원이용시설","신림우방(아)경로당","서울특별시 관악구 관천로27길 2 (우방아파트 상가동)","서울특별시 관악구 신림동 1715","109.00","14","","126.9186550","37.4884730","192805.92604241","543227.88520385"
"2026","1168067500","공공시설","공공청사","개포3동주민센터","서울특별시 강남구 개포로 615 (개포동)","서울특별시 강남구 개포동 12-4","847.74","10","","127.0756000","37.4927000","206685.61482143","543696.60325679"
"2026","1168069000","특정계층이용시설","회원이용시설","포이시니어센터","서울특별시 강남구 논현로16길 11","서울특별시 강남구 개포동 1230","50.00","10","서울특별시 강남구 논현로16길 11, 1층 ","127.0472500","37.4765720","204179.40738009","541904.97288421"
"2026","1168069000","공공시설","복지?문화?체육시설","구민체육관","서울특별시 강남구 개포로28길 47 (구민체육관)","서울특별시 강남구 개포동 1271","200.00","60","","127.0523340","37.4777040","204629.03297690","542030.84751384"
"2026","1168069000","특정계층이용시설","회원이용시설","밀미리경로당","서울특별시 강남구  개포로31길  31   (개포동)","서울특별시 강남구 개포동 1265-4","113.00","34","","127.0486660","37.4809956","204304.40319071","542395.99720557"
"2026","1168069000","공공시설","공공청사","개포4동주민센터","서울특별시 강남구 개포로24길 33 (개포동)","서울특별시 강남구 개포동 1204","85.00","26","","127.0499000","37.4772000","204413.77108672","541974.79338752"
"2026","1168069000","특정계층이용시설","회원이용시설","능인종합사회복지관","서울특별시 강남구  양재대로  340   (개포동)","서울특별시 강남구 개포동 1055","223.00","40","","127.0525940","37.4716775","204652.40397698","541361.99974833"
"2026","1168070000","특정계층이용시설","회원이용시설","성모자애복지관","서울특별시 강남구 헌릉로757길 35 (성모자애장애인 복지관)","서울특별시 강남구 율현동 110","93.00","20","","127.1194760","37.4700450","210568.93925984","541186.21889240"
"2026","1168070000","특정계층이용시설","회원이용시설","세곡커뮤니티센터","서울특별시 강남구 헌릉로590길 68","서울특별시 강남구 세곡동 521-1","231.00","56","","127.1027040","37.4610630","209086.36169471","540187.58872774"
"2026","1168070000","공공시설","공공청사","세곡보건지소","서울특별시 강남구 자곡로 100  (자곡동)","서울특별시 강남구 자곡동 628","81.00","20","","127.0948048","37.4715468","208386.33747413","541350.41576331"
"2026","1168070000","특정계층이용시설","회원이용시설","은곡경로당","서울특별시 강남구 헌릉로571길 48","서울특별시 강남구 세곡동 360-18","42.00","13","","127.0996700","37.4678940","208817.13732376","540945.44858199"
"2026","1168070000","특정계층이용시설","회원이용시설","은곡시니어센터","서울특별시 강남구 헌릉로571길 48","서울특별시 강남구 세곡동 360-18","63.00","10","","127.0997370","37.4678510","208823.06942019","540940.68243769"
"2026","1168070000","공공시설","복지?문화?체육시설","못골도서관","서울특별시 강남구 자곡로 116 (자곡동)","서울특별시 강남구 자곡동 632","1,057.00","196","","127.0963470","37.4717289","208522.73829622","541370.76485717"
"2026","1168070000","특정계층이용시설","회원이용시설","윗반고개경로당","서울특별시 강남구 헌릉로645길 11","서울특별시 강남구 세곡동 100-4","160.00","48","","127.1094701","37.4656188","209684.38027766","540693.89469710"
"2026","1168070000","특정계층이용시설","회원이용시설","반고개경로당","서울특별시 강남구 헌릉로622길 9","서울특별시 강남구 세곡동 128-13","85.00","26","","127.1070291","37.4640471","209468.63294728","540519.20915871"
"2026","1168067500","특정계층이용시설","회원이용시설","강남종합사회복지관","서울특별시 강남구 개포로109길 5 (대치아파트)","서울특별시 강남구 개포동 12","69.31","21","","127.0752150","37.4941850","206651.43601077","543861.39158620"
"2026","1168067500","공공시설","복지?문화?체육시설","개포하늘꿈도서관","서울특별시 강남구 개포로110길 54 (일원동)","서울특별시 강남구 일원동 741-3","1,995.00","240","","127.0803584","37.4907255","207106.60658494","543477.80819216"
"2026","1168070000","특정계층이용시설","회원이용시설","방죽1시니어센터","서울특별시 강남구 밤고개로24길 60","서울특별시 강남구 율현동 308-15","182.00","55","","127.1053217","37.4708649","209316.73679086","541275.72247438"
"2026","1168070000","공공시설","공공청사","세곡동주민센터","서울특별시 강남구  밤고개로  286   (율현동)","서울특별시 강남구 율현동 278-1","160.00","48","","127.1069115","37.4690495","209457.59894277","541074.39599901"
"2026","1171069000","공공시설","공공청사","잠실4동주민센터","서울특별시 송파구 올림픽로35길 16 (잠실4동주민센터)","서울특별시 송파구 신천동 20-5","1,321.34","20","","127.1122330","37.5201130","209921.59199911","546742.32784366"
"2026","1171071000","공공시설","복지?문화?체육시설","송파어린이영어도서관","","서울특별시 송파구 신천동 14","772.00","80","","127.1021830","37.5227240","209032.83952599","547031.10371043"
"2026","1171071000","특정계층이용시설","회원이용시설","장미경로당","서울특별시 송파구 올림픽로35길 120 (잠실6동주민센터)","서울특별시 송파구 신천동 7-6","396.00","60","누구나 무더위쉼터 이용가능에 동의","127.1006570","37.5181370","208898.48786559","546521.85876622"
"2026","1171071000","공공시설","공공청사","송파구청","서울특별시 송파구 올림픽로 326 (송파구청)","서울특별시 송파구 신천동 29-5","26,318.00","30","폭염특보시 09~21시로 연장운영","127.1060890","37.5146140","209379.13978381","546131.37782095"
"2026","1171071000","공공시설","공공청사","잠실6동주민센터","서울특별시 송파구 올림픽로35길 120","서울특별시 송파구 신천동 7-6","766.59","20","","127.1006270","37.5180960","208895.84061012","546517.30544477"
"2026","1171072000","특정계층이용시설","회원이용시설","잠실7우성경로당","서울특별시 송파구 올림픽로4길 42","서울특별시 송파구 잠실동 101-1","256.00","98","누구나 무더위쉼터 이용가능에 동의","127.0722980","37.5065900","206392.42132697","545237.98403152"
"2026","1171072000","특정계층이용시설","회원이용시설","아시아선수촌경로당","서울특별시 송파구 올림픽로4길 15","서울특별시 송파구 잠실동 86","95.00","117","누구나 무더위쉼터 이용가능에 동의","127.0763460","37.5075260","206750.25186283","545342.15072112"
"2026","1171072000","공공시설","공공청사","잠실7동주민센터","서울특별시 송파구 올림픽로4길 17","서울특별시 송파구 잠실동 85-1","351.00","20","","127.0772764","37.5087448","206832.40357200","545477.48908749"
"2026","1174051500","공공시설","복지?문화?체육시설","강일구민체육센터","서울특별시 강동구 아리수로93길 51 (강일구민체육센터)","서울특별시 강동구 강일동 665-5","202.50","56","","127.1727380","37.5669840","215260.78545448","551952.54700240"
"2026","1174051500","공공시설","복지?문화?체육시설","강일도서관","","서울특별시 강동구 강일동 678-1","1,207.00","234","","127.1737740","37.5649770","215352.72432258","551729.96200137"
"2026","1174051500","특정계층이용시설","회원이용시설","강동리버스트8단지경로당","서울특별시 강동구 아리수로93나길 88 (강동리버스트8단지)","서울특별시 강동구 강일동 66","244.76","74","특정계층 이용시설(회원만 이용)","127.1761990","37.5715280","215565.60704622","552457.44631320"
"2026","1174051500","특정계층이용시설","회원이용시설","강일리버파크6단지경로당","서울특별시 강동구 아리수로94길 19 (강일동, 강일리버파크6단지아파트)","서울특별시 강동구 강일동 684","163.06","49","특정계층 이용시설(회원만 이용)","127.1765000","37.5638000","215593.80868184","551599.77749002"
"2026","1174051500","특정계층이용시설","회원이용시설","강동리버스트6단지경로당","서울특별시 강동구 아리수로93가길 77 (강일동, 강동리버스트6단지)","서울특별시 강동구 강일동 215","397.57","120","특정계층 이용시설(회원만 이용)","127.1696000","37.5707000","214982.80978615","552364.47516259"
"2026","1174051500","특정계층이용시설","회원이용시설","강동리버스트4단지경로당","서울특별시 강동구 아리수로93가길 110 (강일동, 강동리버스트4단지)","서울특별시 강동구 강일동 114","390.71","118","특정계층 이용시설(회원만 이용)","127.1721000","37.5730000","215203.19751123","552620.15031507"
"2026","1174051500","특정계층이용시설","회원이용시설","강동리버스트7단지경로당","서울특별시 강동구 아리수로93가길 70 (강일동, 강동리버스트7단지)","서울특별시 강동구 강일동 91","377.08","114","특정계층 이용시설(회원만 이용)","127.1739686","37.5707222","215368.73655874","552367.64463949"
"2026","1174051500","공공시설","복지?문화?체육시설","홀트강동복지관","서울특별시 강동구 아리수로93길 41","서울특별시 강동구 강일동 665-3","71.00","22","시설 운영시간 내 쉼터 운영(공휴일 등 미운영)","127.1732240","37.5662850","215303.86485618","551875.04512762"
"2026","1159051000","특정계층이용시설","회원이용시설","래미안트윈파크아파트경로당","서울특별시 동작구 노량진로23가길 23 (래미안 트윈파크 103동)","서울특별시 동작구 본동 494","189.53","60","","126.9507170","37.5142500","195642.95698073","546086.83177318"
"2026","1159051000","특정계층이용시설","회원이용시설","경동A경로당","서울특별시 동작구 노량진로32길 156 (경동윈츠리버아파트)","서울특별시 동작구 본동 484","83.23","40","","126.9545540","37.5100040","195981.95334189","545615.40903919"
"2026","1159051000","특정계층이용시설","회원이용시설","본동삼성래미안아파트경로당","서울특별시 동작구 매봉로 123 (본동삼성래미안아파트)","서울특별시 동작구 본동 492","74.68","40","","126.9502030","37.5098120","195597.25425702","545594.29417628"
"2026","1159051000","특정계층이용시설","회원이용시설","극동강변아파트경로당","서울특별시 동작구 매봉로 156","서울특별시 동작구 본동 148-8","50.43","20","","126.9519140","37.5118070","195748.64355990","545815.63506027"
"2026","1159051000","특정계층이용시설","회원이용시설","한신휴플러스아파트경로당","서울특별시 동작구 매봉로 99 (한신휴플러스아파트)","서울특별시 동작구 본동 487","109.30","60","","126.9491240","37.5094710","195501.83521664","545556.49856338"
"2026","1159051000","특정계층이용시설","회원이용시설","신동아아파트경로당","서울특별시 동작구 매봉로 134 (신동아아파트)","서울특별시 동작구 본동 481","66.00","40","","126.9521760","37.5097580","195771.69179755","545588.21037961"
"2026","1159051000","특정계층이용시설","회원이용시설","유원강변아파트경로당","서울특별시 동작구 노량진로23가길 16 (유원강변아파트 상가)","서울특별시 동작구 본동 482","60.85","40","","126.9515350","37.5147300","195715.30269469","546140.06812112"
"2026","1159051000","특정계층이용시설","회원이용시설","신동아아파트우리경로당","서울특별시 동작구 만양로 19","서울특별시 동작구 노량진동 326","136.00","60","","126.9416450","37.5060330","194840.34815555","545175.30837299"
"2026","1159051000","특정계층이용시설","회원이용시설","우성아파트경로당","서울특별시 동작구 만양로8길 50 (우성아파트)","서울특별시 동작구 노량진동 323","165.00","60","","126.9477670","37.5097540","195381.87446855","545587.97368296"
"2026","1159051000","특정계층이용시설","회원이용시설","신동아리버파크A경로당","서울특별시 동작구 만양로 19 (신동아리버파크아파트)","서울특별시 동작구 노량진동 325","276.54","80","","126.9435790","37.5079680","195011.47798919","545389.96429070"
"2026","1159051000","공공시설","복지?문화?체육시설","동작자원봉사센터","서울특별시 동작구 만양로3길 14 (노량진동)","서울특별시 동작구 노량진동 325-5","230.00","20","","126.9469115","37.5080684","195306.13078824","545400.93595997"
"2026","1159051000","특정계층이용시설","회원이용시설","한신휴플러스아파트101동경로당","서울특별시 동작구 매봉로 99 (본동, 한신휴플러스아파트)","서울특별시 동작구 본동 487","33.26","33","","126.9499753","37.5090081","195577.07498369","545505.08222431"
"2026","1159051000","공공시설","공공청사","노량진1동주민센터","서울특별시 동작구 노량진로 190  (노량진동, 고려교육타워-어바니엘한강)","서울특별시 동작구 노량진동 333","547.93","50","","126.9465454","37.5132300","195274.08715409","545973.82607373"
"2026","1159051000","특정계층이용시설","회원이용시설","대한경로당","서울특별시 동작구  노량진로14길  44   (노량진동)","서울특별시 동작구 노량진동 84-33","67.60","50","","126.9426659","37.5117093","194930.99829183","545805.24963599"
"2026","1159051000","특정계층이용시설","회원이용시설","노량진1동경로당","서울특별시 동작구  만양로  77   (노량진동)","서울특별시 동작구 노량진동 224-6","249.00","50","","126.9446152","37.5103903","195103.25294526","545658.75421468"
"2026","1159051000","특정계층이용시설","회원이용시설","충신경로당","서울특별시 동작구  노량진로28길  31   (본동)","서울특별시 동작구 본동 47-25","132.00","60","","126.9558768","37.5117555","196098.99807729","545809.74754518"
"2026","1159051000","특정계층이용시설","회원이용시설","한마음경로당","서울특별시 동작구 만양로4길 38 (본동)","서울특별시 동작구 본동 산 11-1","115.50","29","주소지 : 노량진1동(본동) 관리 : 상도1동","126.9502370","37.5082430","195600.16823818","545420.15364138"
"2026","1162068500","특정계층이용시설","회원이용시설","구립어울림경로당","서울특별시 관악구 남부순환로149길 34-2","서울특별시 관악구 신림동 524-14","224.00","28","","126.9154943","37.4835879","192525.91005596","542685.94978274"
"2026","1162068500","특정계층이용시설","회원이용시설","신사경로당","서울특별시 관악구 조원로 151-1 (신림동)","서울특별시 관악구 신림동 480-21","695.00","87","","126.9191148","37.4859096","192846.34589117","542943.34654109"
"2026","1162068500","공공시설","공공청사","신사동주민센터","서울특별시 관악구 조원로 142 (신림동)","서울특별시 관악구 신림동 492-4","196.00","38","","126.9181000","37.4855000","192756.55532214","542897.96393969"
"2026","1162069500","특정계층이용시설","특수근로자 쉼터","관악더포레스트(ForRest)(이동노동자쉼터)","서울특별시 관악구 신림동 1471-5","서울특별시 관악구 신림동 1471-5","14.08","8","24시간 상시 운영","126.9258420","37.4844320","193441.18427043","542778.86257894"
"2026","1162069500","특정계층이용시설","회원이용시설","보라매파크뷰경로당","","서울특별시 관악구 신림동 1718","52.00","7","","126.9222830","37.4893120","193126.85981472","543320.73211878"
"2026","1162069500","특정계층이용시설","회원이용시설","새들경로당","서울특별시 관악구  관천로20길  43   (신림동)","서울특별시 관악구 신림동 1451-8","74.88","10","","126.9250784","37.4884242","193374.00116971","543221.99757363"
"2026","1162069500","특정계층이용시설","회원이용시설","색동경로당","서울특별시 관악구 신림로70길 74 (색동경로당)","서울특별시 관악구 신림동 1418-1","86.00","11","","126.9325760","37.4865880","194036.93629502","543017.70227958"
"2026","1162069500","공공시설","공공청사","신림동주민센터","서울특별시 관악구 봉천로 224","서울특별시 관악구 신림동 1443-13","1,037.00","32","","126.9261960","37.4894630","193472.93110715","543337.21264385"
"2026","1162071500","특정계층이용시설","회원이용시설","휴먼시아(아)4경로당","서울특별시 관악구 난곡로 55 (관악산휴먼시아아파트 204동)","서울특별시 관악구 신림동 1735","70.00","18","","126.9190460","37.4591000","192837.70336174","539967.84681337"
"2026","1162071500","특정계층이용시설","회원이용시설","휴먼시아(아)5경로당","서울특별시 관악구 난곡로 55 (관악산휴먼시아아파트 227동)","서울특별시 관악구 신림동 1735","70.00","18","","126.9186590","37.4582400","192803.38163687","539872.42809894"
"2026","1162071500","특정계층이용시설","회원이용시설","휴먼시아(아)2경로당","서울특별시 관악구 난곡로 55 (관악산휴먼시아아파트 212동)","서울특별시 관악구 신림동 1735","73.00","18","","126.9219100","37.4601650","193091.18994540","540085.83333462"
"2026","1162064500","특정계층이용시설","회원이용시설","난향경로당","서울특별시 관악구 난곡로9길 29-2","서울특별시 관악구 신림동 678-4","97.00","12","","126.9181334","37.4640432","192757.43907812","540516.54427742"
"2026","1162071500","특정계층이용시설","회원이용시설","국회단지경로당","서울특별시 관악구 난향9길 59-1","서울특별시 관악구 신림동 675-330","206.00","26","","126.9149700","37.4603030","192477.20517027","540101.68103532"
"2026","1162071500","특정계층이용시설","회원이용시설","신림SH빌(아)경로당","서울특별시 관악구 난곡로 80","서울특별시 관악구 신림동 1736-1","64.00","8","","126.9198340","37.4624200","192907.73418762","540336.26179843"
"2026","1168070000","특정계층이용시설","회원이용시설","방죽2경로당","서울특별시 강남구 밤고개로23길 14-31","서울특별시 강남구 율현동 201-19","180.00","55","","127.1096964","37.4717861","209703.60292557","541378.40503424"
"2026","1168072000","특정계층이용시설","회원이용시설","강남데시앙포레경로당","서울특별시 강남구 광평로34길 55 (강남데시앙포레113동)","서울특별시 강남구 수서동 795","30.00","10","","127.0908770","37.4809830","208037.87747317","542397.36525597"
"2026","1168072000","공공시설","복지?문화?체육시설","열린도서관","서울특별시 강남구 일원로 115 (일원동)","서울특별시 강남구 일원동 717","436.00","83","","127.0844113","37.4839138","207465.70832509","542722.11287910"
"2026","1168072000","특정계층이용시설","회원이용시설","수서10단지경로당","서울특별시 강남구 광평로19길 10 (수서동, 까치마을아파트)","서울특별시 강남구 수서동 746","116.00","35","","127.0876729","37.4845925","207754.10855476","542797.70322261"
"2026","1168072000","특정계층이용시설","회원이용시설","일원경로당","서울특별시 강남구  광평로3길  21   (일원동)","서울특별시 강남구 일원동 730","116.00","35","","127.0779655","37.4840866","206895.59731647","542740.79979698"
"2026","1168072000","공공시설","공공청사","일원본동주민센터","서울특별시 강남구  광평로  126   (일원동)","서울특별시 강남구 일원동 735-3","65.00","20","","127.0864808","37.4833779","207648.79871555","542662.80118267"
"2026","1168073000","특정계층이용시설","회원이용시설","제일경로당","서울특별시 강남구  양재대로55길  10   (일원동)","서울특별시 강남구 일원동 711","184.00","56","","127.0920920","37.4921710","208144.12705128","543639.19022628"
"2026","1168073000","특정계층이용시설","회원이용시설","대청종합사회복지관","서울특별시 강남구 양재대로55길 10 (수서1단지 에스에이치빌 사회복지관)","서울특별시 강남구 일원동 711","221.00","67","","127.0914180","37.4932380","208084.40705393","543757.55518950"
"2026","1168075000","공공시설","복지?문화?체육시설","강남스포츠문화센터","서울특별시 강남구 밤고개로1길 52 (강남스포츠문화센터)","서울특별시 강남구 수서동 718","230.00","50","","127.1053400","37.4889730","209316.10725678","543285.48268707"
"2026","1168075000","특정계층이용시설","회원이용시설","강남세움복지관","서울특별시 강남구 광평로60길 22 (강남세움센터)","서울특별시 강남구 수서동 721","90.00","20","","127.1069010","37.4870580","209454.40107237","543073.09846496"
"2026","1168075000","특정계층이용시설","특수근로자 쉼터","이동노동자쉼터(수서역2번출구앞)","서울특별시 강남구 밤고개로1길 10 (수서현대벤쳐빌)","서울특별시 강남구 수서동 713","59.10","17","","127.1018580","37.4878110","209008.30399160","543156.17707440"
"2026","1168075000","공공시설","공공청사","강남구보건소분소","서울특별시 강남구 밤고개로1길 52  (수서동)","서울특별시 강남구 수서동 718","60.00","20","","127.1051930","37.4892123","209303.07712261","543312.02731086"
"2026","1168075000","특정계층이용시설","회원이용시설","수서3단지경로당","서울특별시 강남구  광평로51길  49   (수서동)","서울특별시 강남구 수서동 707","145.00","44","","127.0997527","37.4921360","208821.60293465","543635.99601652"
"2026","1168075000","공공시설","공공청사","수서동주민센터","서울특별시 강남구 광평로56길 11 (수서동, 수서6단지아파트)","서울특별시 강남구 수서동 723","11.90","4","","127.1052000","37.4875000","209303.90855218","543121.98519122"
"2026","1168075000","특정계층이용시설","회원이용시설","수서명화종합사회복지관","서울특별시 강남구  광평로51길  49   (수서동)","서울특별시 강남구 수서동 707","180.00","55","","127.1005637","37.4914325","208893.40692915","543557.99302287"
"2026","1168075000","특정계층이용시설","회원이용시설","태화기독교사회복지관","서울특별시 강남구  광평로  185   (수서동)","서울특별시 강남구 수서동 741","180.00","55","","127.0933976","37.4848287","208260.39584851","542824.40516803"
"2026","1168075000","특정계층이용시설","회원이용시설","수서종합사회복지관","서울특별시 강남구 광평로56길 11","서울특별시 강남구 수서동 723","92.60","28","","127.1049528","37.4871752","209282.08631609","543085.91226246"
"2026","1174051500","특정계층이용시설","회원이용시설","강일리버파크1단지경로당","서울특별시 강동구  아리수로93가길  25 , 106-106 (강일동, 강일리버파크)","서울특별시 강동구 강일동 665","103.97","32","특정계층 이용시설(회원만 이용)","127.1716960","37.5682259","215168.47656806","552090.21484383"
"2026","1174051500","특정계층이용시설","회원이용시설","강일리버파크2단지경로당","서울특별시 강동구  아리수로97길  68 , 206-705 (강일동, 강일리버파크)","서울특별시 강동구 강일동 668","107.43","33","특정계층 이용시설(회원만 이용)","127.1765629","37.5702066","215598.02995865","552310.84644120"
"2026","1174051500","특정계층이용시설","회원이용시설","강일리버파크3단지경로당","서울특별시 강동구  아리수로93길  40 , 311-109 (강일동, 강일리버파크)","서울특별시 강동구 강일동 674","114.52","35","특정계층 이용시설(회원만 이용)","127.1739037","37.5662686","215363.91790124","551873.33582223"
"2026","1174051500","특정계층이용시설","회원이용시설","강일리버파크4단지경로당","서울특별시 강동구  아리수로97길  19 , 402-102 (강일동, 강일리버파크)","서울특별시 강동구 강일동 673","132.00","40","특정계층 이용시설(회원만 이용)","127.1757272","37.5670948","215524.84781735","551965.33414251"
"2026","1174051500","특정계층이용시설","회원이용시설","강일리버파크5단지경로당","서울특별시 강동구  아리수로97길  20 , 503-101 (강일동, 강일리버파크)","서울특별시 강동구 강일동 670","110.81","34","특정계층 이용시설(회원만 이용)","127.1786556","37.5681939","215783.32942304","552087.80935793"
"2026","1174051500","특정계층이용시설","회원이용시설","강일리버파크7단지경로당","서울특별시 강동구  아리수로98길  25 , 701-1207 (강일동, 강일리버파크)","서울특별시 강동구 강일동 686","151.61","46","특정계층 이용시설(회원만 이용)","127.1783063","37.5658877","215752.95614383","551831.78920946"
"2026","1174051500","특정계층이용시설","회원이용시설","강일리버파크9단지경로당","서울특별시 강동구 고덕로97길 29 (강일동, 강일리버파크9단지)","서울특별시 강동구 강일동 699","127.10","39","특정계층 이용시설(회원만 이용)","127.1784532","37.5599473","215767.18631996","551172.49857927"
"2026","1174051500","특정계층이용시설","회원이용시설","강일리버파크10단지경로당","서울특별시 강동구  고덕로97길  20 , 1009-301 (강일동, 강일리버파크)","서울특별시 강동구 강일동 695","139.10","42","특정계층 이용시설(회원만 이용)","127.1804100","37.5588838","215940.30558742","551054.79258347"
"2026","1174051500","특정계층이용시설","회원이용시설","고덕리엔파크1단지경로당","서울특별시 강동구  상일로  152 , 107-208 (강일동, 고덕리엔파크1단지)","서울특별시 강동구 강일동 707","117.29","36","특정계층 이용시설(회원만 이용)","127.1714740","37.5605611","215150.41613595","551239.47530661"
"2026","1174051500","특정계층이용시설","회원이용시설","고덕리엔파크2단지경로당","서울특별시 강동구  고덕로  427 , 210-104 (강일동, 고덕리엔파크2단지)","서울특별시 강동구 강일동 717","157.39","48","특정계층 이용시설(회원만 이용)","127.1727816","37.5585833","215266.35145992","551020.17424715"
"2026","1174051500","공공시설","공공청사","강일동주민센터","서울특별시 강동구  아리수로93길  9-14, 강일동복합청사 (강일동)","서울특별시 강동구 강일동 678","554.00","168","폭염특보 발령시 주말, 휴일 운영","127.1739677","37.5650129","215369.83012294","551733.97814569"
"2026","1174051500","생활밀착민간시설","금융기관","강동농협강일지점","서울특별시 강동구 아리수로 427","서울특별시 강동구 강일동 679","50.00","15","시설 운영시간 내 쉼터 탄력적 운영(공휴일 등 미운영)","127.1746551","37.5649689","215430.57018312","551729.20729911"
"2026","1174051500","생활밀착민간시설","금융기관","서울강동새마을금고강일지점","서울특별시 강동구 아리수로97길 20","서울특별시 강동구 강일동 670","200.00","61","시설 운영시간 내 쉼터 탄력적 운영(공휴일 등 미운영)","127.1777313","37.5667989","215701.96489392","551932.82563360"
"2026","1174051500","특정계층이용시설","회원이용시설","강일리버파크11단지경로당","서울특별시 강동구 고덕로97길 100 (강일동, 강일리버파크11단지)","서울특별시 강동구 강일동 689","228.81","69","특정계층 이용시설(회원만 이용)","127.1800250","37.5627326","215905.47029548","551481.89922397"
"2026","1174052500","공공시설","복지?문화?체육시설","숲속도서관","서울특별시 강동구 구천면로 587 (강동숲속도서관)","서울특별시 강동구 상일동 135-4","4,984.00","500","","127.1637500","37.5512870","214469.76235340","550208.94254752"
"2026","1174052500","특정계층이용시설","회원이용시설","고덕아르테온제2경로당","서울특별시 강동구 고덕로 360 (고덕아르테온 339동)","서울특별시 강동구 상일동 520","175.64","30","특정계층 이용시설(회원만 이용)","127.1667930","37.5560800","214737.71324357","550741.38157658"
"2026","1159051000","특정계층이용시설","회원이용시설","본동에스에이치빌아파트경로당","서울특별시 동작구  노량진로22길  60   (본동, 본동 에스에이치빌)","서울특별시 동작구 본동 490","71.97","40","","126.9497923","37.5107755","195560.99973470","545701.24967927"
"2026","1159052000","공공시설","공공청사","노량진2동주민센터","서울특별시 동작구  장승배기로19길  48   (노량진동)","서울특별시 동작구 노량진동 302-97","943.00","50","","126.9373525","37.5085193","194460.99612876","545451.49983273"
"2026","1159052000","특정계층이용시설","회원이용시설","백송경로당","서울특별시 동작구 장승배기로19다길 14","서울특별시 동작구 노량진동 302-30","163.63","40","","126.9376730","37.5088220","194489.35552004","545485.07684613"
"2026","1159053000","특정계층이용시설","회원이용시설","상도패리스경로당","서울특별시 동작구 상도로47바길 40 (상도패리스 상도패리스아파트 101동)","서울특별시 동작구 상도동 460","48.17","12","","126.9537830","37.5038320","195913.44998629","544930.42938768"
"2026","1159053000","특정계층이용시설","회원이용시설","힐스테이트상도센트럴파크아파트경로당","서울특별시 동작구 상도로 346-1 (힐스테이트 상도 센트럴파크 108동)","서울특별시 동작구 상도동 531","208.46","52","","126.9510150","37.4953730","195668.21221906","543991.71381147"
"2026","1159053000","특정계층이용시설","회원이용시설","중앙하이츠아파트경로당","서울특별시 동작구 상도로 320 (중앙하이츠빌아파트 관리소,노인정)","서울특별시 동작구 상도동 415","71.92","18","","126.9497480","37.5000240","195556.44585409","544507.97343102"
"2026","1159053000","특정계층이용시설","회원이용시설","래미안상도3차아파트경로당","서울특별시 동작구 상도로53길 8 (래미안상도3차아파트 301동)","서울특별시 동작구 상도동 431","270.00","68","","126.9538280","37.4983770","195917.13191125","544324.99298426"
"2026","1159053000","특정계층이용시설","회원이용시설","래미안상도2차아파트경로당","서울특별시 동작구 상도로55길 47 (래미안상도2차아파트 노인정)","서울특별시 동작구 상도동 421","85.38","21","","126.9580800","37.4981420","196293.11345019","544298.73508420"
"2026","1159053000","특정계층이용시설","회원이용시설","대림아파트경로당","서울특별시 동작구 상도로60길 20 (대림아파트 상가동)","서울특별시 동작구 상도동 411","68.00","17","","126.9540290","37.4932300","195934.62681876","543753.73436475"
"2026","1159053000","특정계층이용시설","회원이용시설","삼호아파트경로당","서울특별시 동작구 상도로 407 (삼호아파트)","서울특별시 동작구 상도동 408","98.76","25","","126.9580970","37.4930640","196294.36582572","543735.14262332"
"2026","1159053000","특정계층이용시설","회원이용시설","상도현대아파트경로당","서울특별시 동작구 사당로2길 2-32 (상도현대아파트)","서울특별시 동작구 상도동 412","69.25","17","","126.9594860","37.4942380","196417.25621568","543865.38749981"
"2026","1159053000","특정계층이용시설","회원이용시설","삼환나우빌아파트경로당","서울특별시 동작구 상도로55길 25 (삼환나우빌)","서울특별시 동작구 상도동 520","111.01","28","","126.9569080","37.4984340","196189.49109185","544331.19009474"
"2026","1159053000","특정계층이용시설","회원이용시설","힐스테이트상도프레스티지","서울특별시 동작구 상도로 346-2 (힐스테이트 상도 프레스티지 203동)","서울특별시 동작구 상도동 533","141.25","35","","126.9485400","37.4960080","195449.38424910","544062.30731249"
"2026","1159053000","공공시설","복지?문화?체육시설","상도은빛복지관","서울특별시 동작구 매봉로 36 (상도1동)","서울특별시 동작구 상도1동 535","148.00","45","","126.9513111","37.5065081","195695.03594881","545227.55229297"
"2026","1159053000","공공시설","복지?문화?체육시설","김영삼도서관","서울특별시 동작구 매봉로 1 (상도1동)","서울특별시 동작구 상도1동 611","6,045.90","245","","126.9500195","37.5055552","195580.77937718","545121.85249685"
"2026","1159053000","공공시설","공공청사","상도1동주민센터","서울특별시 동작구  상도로53길  9   (상도동)","서울특별시 동작구 상도동 437","624.00","50","","126.9530690","37.4981222","195850.00144011","544296.74668806"
"2026","1159053000","특정계층이용시설","회원이용시설","상도1동경로당","서울특별시 동작구 상도로38길 86","서울특별시 동작구 상도동 159-282","155.22","39","","126.9482213","37.5003623","195421.46741401","544545.59352476"
"2026","1162071500","공공시설","공공청사","난향동주민센터","서울특별시 관악구 난곡로 67 (신림동)","서울특별시 관악구 신림동 1735-5","697.90","56","","126.9188341","37.4615201","192819.18721420","540236.46093437"
"2026","1162071500","공공시설","복지?문화?체육시설","신림종합사회복지관","서울특별시 관악구  난곡로  110   (신림동)","서울특별시 관악구 신림동 664","400.00","50","","126.9198616","37.4648360","192910.40407790","540604.40281560"
"2026","1162072500","특정계층이용시설","회원이용시설","힐스테이트뉴포레(아)경로당","서울특별시 관악구 조원로 25","서울특별시 관악구 신림동 1746","335.00","48","","126.9053990","37.4840960","191633.08970095","542743.19141281"
"2026","1162072500","특정계층이용시설","회원이용시설","조원(아)경로당","서울특별시 관악구 조원로11길 24 (우민조원아파트 101동)","서울특별시 관악구 신림동 1719","58.00","22","","126.9078560","37.4842950","191850.41877922","542765.06227438"
"2026","1162072500","특정계층이용시설","회원이용시설","구립강남경로당","서울특별시 관악구 조원로4길 24 (신림동)","서울특별시 관악구 신림동 1657-3","191.73","24","","126.9047018","37.4823368","191571.22876626","542548.00568838"
"2026","1162072500","특정계층이용시설","회원이용시설","조원경로당","서울특별시 관악구 조원로 48","서울특별시 관악구 신림동 560-6","93.00","12","","126.9077490","37.4834920","191840.86795026","542675.94916423"
"2026","1162072500","공공시설","공공청사","조원동주민센터","서울특별시 관악구 조원로12길 25 (신림동)","서울특별시 관악구 신림동 568-27","2,668.00","29","","126.9078078","37.4825884","191845.97031542","542575.65643860"
"2026","1162073500","공공시설","복지?문화?체육시설","관악청소년센터","서울특별시 관악구 신림로23길 17 (관악청소년센터)","서울특별시 관악구 신림동 1522","4,941.00","750","","126.9352340","37.4702300","194270.76449487","541202.01764700"
"2026","1162073500","공공시설","복지?문화?체육시설","관악중앙도서관","서울특별시 관악구 신림로3길 35 (관악문화재단)","서울특별시 관악구 신림동 209-1","1,440.00","4801","","126.9448050","37.4675150","195117.24383715","540900.15020010"
"2026","1162073500","특정계층이용시설","회원이용시설","건영3차(아)경로당","서울특별시 관악구 신림로3길 40 (건영아파트 상가동)","서울특별시 관악구 신림동 1703-1","225.00","28","","126.9425480","37.4670210","194917.54771453","540845.44229730"
"2026","1162073500","특정계층이용시설","회원이용시설","구립대학경로당","서울특별시 관악구 대학12길 16 (신림동)","서울특별시 관악구 신림동 253-13","96.00","12","","126.9369878","37.4666380","194425.63989855","540803.24904155"
"2026","1162073500","공공시설","공공청사","대학동주민센터","서울특별시 관악구 신림로 111 (신림동)","서울특별시 관악구 신림동 1516","1,184.00","35","","126.9369640","37.4706020","194423.82888346","541243.20079134"
"2026","1162074500","특정계층이용시설","회원이용시설","서울대벤처타운역푸르지오(아)경로당","서울특별시 관악구 약수암길 1-8","서울특별시 관악구 신림동 316-55","132.00","20","","126.9331090","37.4603970","194082.01081319","540110.81972964"
"2026","1162074500","특정계층이용시설","회원이용시설","태흥(아)경로당","서울특별시 관악구 호암로 541 (신림태흥아파트)","서울특별시 관악구 신림동 1698","49.00","6","","126.9310090","37.4660620","193896.67981206","540739.69148550"
"2026","1162074500","특정계층이용시설","회원이용시설","국제산장(아)경로당","서울특별시 관악구 호암로 417 (국제산장아파트 103동)","서울특별시 관악구 신림동 1693","109.00","14","","126.9280370","37.4608160","193633.31563913","540157.65370690"
"2026","1171051000","특정계층이용시설","회원이용시설","씨티극동경로당","서울특별시 송파구 한가람로 478","서울특별시 송파구 풍납동 509","147.33","55","누구나 무더위쉼터 이용가능에 동의","127.1177860","37.5391540","210409.84048967","548856.24393397"
"2026","1171051000","특정계층이용시설","회원이용시설","동아한가람경로당","서울특별시 송파구 한가람로 448 (동아한가람아파트 105동)","서울특별시 송파구 풍납동 506","99.00","41","누구나 무더위쉼터 이용가능에 동의","127.1153300","37.5374480","210193.01314988","548666.62966876"
"2026","1171051000","특정계층이용시설","회원이용시설","풍성경로당","서울특별시 송파구 풍성로25길 21-9","서울특별시 송파구 풍납동 485-15","108.58","16","폭염특보 발효시 연장운영, 누구나 무더위쉼터 이용가능에 동의","127.1205294","37.5356712","210652.79570639","548470.00284207"
"2026","1171051000","특정계층이용시설","회원이용시설","풍납제1경로당","서울특별시 송파구 풍성로 67 (풍납제1경로당)","서울특별시 송파구 풍납동 493-17","92.40","14","누구나 무더위쉼터 이용가능에 동의","127.1200000","37.5336120","210606.29715053","548241.39702464"
"2026","1171051000","공공시설","공공청사","풍납1동주민센터","서울특별시 송파구 천호대로152길 7 (풍납1동주민센터)","서울특별시 송파구 풍납동 476","680.58","20","","127.1220800","37.5380800","210789.49596426","548737.52702436"
"2026","1171052000","공공시설","복지?문화?체육시설","풍납종합사회복지관","서울특별시 송파구 강동대로3길 5 (풍납종합사회복지관)","서울특별시 송파구 풍납동 330-1","","","","127.1138910","37.5277450","210067.13656143","547589.56093586"
"2026","1171052000","공공시설","복지?문화?체육시설","풍납도서관","서울특별시 송파구 풍성로8길 5","서울특별시 송파구 풍납동 222-112","425.27","70","","127.1158390","37.5341490","210238.45025261","548300.53630825"
"2026","1171052000","특정계층이용시설","회원이용시설","해모로경로당","서울특별시 송파구 풍성로26길 47 (송파해모로아파트 상가동)","서울특별시 송파구 풍납동 512","38.00","16","누구나 무더위쉼터 이용가능에 동의","127.1171530","37.5299360","210355.17086746","547833.08898752"
"2026","1171052000","특정계층이용시설","회원이용시설","잠실올림픽공원아이파크경로당","서울특별시 송파구 올림픽로43길 34 (잠실 올림픽공원 아이파크 경로당)","서울특별시 송파구 풍납동 514","230.00","46","누구나 무더위쉼터 이용가능에 동의","127.1142020","37.5254520","210094.93569712","547335.09971168"
"2026","1171052000","특정계층이용시설","회원이용시설","송파현대힐스테이트경로당","서울특별시 송파구 풍성로26길 31 (송파현대힐스테이트 관리동)","서울특별시 송파구 풍납동 511","39.25","23","누구나 무더위쉼터 이용가능에 동의","127.1188020","37.5312500","210500.74206023","547979.10962150"
"2026","1171052000","특정계층이용시설","회원이용시설","대아(아)경로당","서울특별시 송파구 풍성로 52 (대아아파트 관리실, 노인정)","서울특별시 송파구 풍납동 163","96.44","31","누구나 무더위쉼터 이용가능에 동의","127.1182160","37.5335180","210448.62992154","548230.76447918"
"2026","1171052000","특정계층이용시설","회원이용시설","미성(아)경로당","서울특별시 송파구 풍성로 14 (미성맨션 관리실)","서울특별시 송파구 풍납동 219","36.12","35","누구나 무더위쉼터 이용가능에 동의","127.1137320","37.5341470","210052.22289368","548300.08703596"
"2026","1171052000","특정계층이용시설","회원이용시설","풍산경로당","서울특별시 송파구 풍성로22길 35","서울특별시 송파구 풍납동 260-2","293.67","20","누구나 무더위쉼터 이용가능에 동의","127.1166850","37.5311590","210313.63586351","547968.77548777"
"2026","1171052000","특정계층이용시설","회원이용시설","한강극동(아)경로당","서울특별시 송파구 토성로 38-6 (한강극동아파트)","서울특별시 송파구 풍납동 508","300.78","13","누구나 무더위쉼터 이용가능에 동의","127.1123490","37.5295910","209930.59019596","547794.28018239"
"2026","1174052500","특정계층이용시설","회원이용시설","고덕센트럴아이파크경로당","서울특별시 강동구 고덕로80길 99","서울특별시 강동구 상일동 513","502.87","152","특정계층 이용시설(회원만 이용)","127.1666750","37.5522580","214728.03897728","550317.16626122"
"2026","1174052500","특정계층이용시설","회원이용시설","고덕자이아파트경로당","서울특별시 강동구 상일로 55 (상일동)","서울특별시 강동구 상일동 521","736.20","85","특정계층 이용시설(회원만 이용)","127.1708340","37.5522610","215095.54376098","550318.15894706"
"2026","1174052500","특정계층이용시설","회원이용시설","명일중앙하이츠경로당","서울특별시 강동구 구천면로 557 (명일중앙하이츠아파트)","서울특별시 강동구 상일동 476","105.00","32","특정계층 이용시설(회원만 이용)","127.1598230","37.5506610","214122.87103388","550138.86679719"
"2026","1174052500","특정계층이용시설","회원이용시설","고덕아르테온경로당","서울특별시 강동구 고덕로 360 (고덕아르테온 1BL 주민공동시설-1)","서울특별시 강동구 상일동 520","350.08","118","특정계층 이용시설이나 관리주체(회원) 동의로 일반인 이용 가능","127.1679940","37.5555360","214843.94075136","550681.19296815"
"2026","1174052500","특정계층이용시설","회원이용시설","고덕숲아이파크경로당","서울특별시 강동구 고덕로80길 134 (고덕숲아이파크 105동)","서울특별시 강동구 상일동 517","236.91","72","특정계층 이용시설이나 관리주체(회원) 동의로 일반인 이용 가능","127.1646610","37.5512260","214550.27474869","550202.31288279"
"2026","1174052500","특정계층이용시설","회원이용시설","고덕롯데캐슬베네루체경로당","서울특별시 강동구 상암로79길 88 (고덕 롯데캐슬 베네루체 719동)","서울특별시 강동구 상일동 514","547.37","65","특정계층 이용시설이나 관리주체(회원) 동의로 일반인 이용 가능","127.1675360","37.5489000","214804.78446552","549944.60341962"
"2026","1174052500","특정계층이용시설","회원이용시설","상일1동제2경로당","서울특별시 강동구 상암로 413","서울특별시 강동구 상일동 471-3","110.70","34","특정계층 이용시설(회원만 이용)","127.1687241","37.5457707","214910.39759886","549597.47626261"
"2026","1174052500","공공시설","복지?문화?체육시설","한국시각장애인복지관","서울특별시 강동구 구천면로 645","서울특별시 강동구 상일동 126","1,000.00","434","시설 운영시간 내 쉼터 운영(공휴일 등 미운영)","127.1692460","37.5510417","214955.46555400","550182.57729792"
"2026","1174052500","공공시설","복지?문화?체육시설","강동아트센터","서울특별시 강동구 동남로 870","서울특별시 강동구 상일동 477","92.74","28","시설 운영시간 내 쉼터 운영(공휴일 등 미운영)","127.1571187","37.5513171","213883.78181491","550211.28327077"
"2026","1174052500","특정계층이용시설","회원이용시설","상일동경로당","서울특별시 강동구 상일로5길 26","서울특별시 강동구 상일동 278","101.20","31","특정계층 이용시설(회원만 이용)","127.1714689","37.5492728","215152.25091034","549986.60638150"
"2026","1174052500","공공시설","공공청사","상일1동주민센터","서울특별시 강동구 구천면로 633 (상일동)","서울특별시 강동구 상일동 513-2","198.00","60","폭염특보 발령시 주말, 휴일 운영","127.1682581","37.5505955","214868.25809134","550132.89769786"
"2026","1174052500","생활밀착민간시설","금융기관","하나은행고덕역(출)지점","서울특별시 강동구  동남로  892 , 강동경희대병원 지하1층 (상일동)","서울특별시 강동구 상일동 149","200.00","61","시설 운영시간 내 쉼터 탄력적 운영(공휴일 등 미운영) 2025년 사전점검 결과: 시설 관계자 지정해제 요청(상부협의 완료)","127.1574062","37.5535588","213908.77014712","550460.12786819"
"2026","1174052500","생활밀착민간시설","금융기관","서울강동새마을금고상일동본점","서울특별시 강동구 천호대로 1461","서울특별시 강동구 상일동 457-2","200.00","61","시설 운영시간 내 쉼터 탄력적 운영(공휴일 등 미운영)","127.1704430","37.5460170","215062.24988700","549625.08659759"
"2026","1174052500","특정계층이용시설","회원이용시설","게내경로당","서울특별시 강동구 천호대로219길 72","서울특별시 강동구 상일동 280-4","94.83","35","특정계층 이용시설(회원만 이용)","127.1710813","37.5489836","215118.05811224","549954.44622596"
"2026","1174052600","특정계층이용시설","회원이용시설","강동리엔파크13단지경로당","서울특별시 강동구 고덕로98길 161 (상일동, 강동리엔파크13단지)","서울특별시 강동구 상일동 33","232.05","70","특정계층 이용시설이나 관리주체(회원) 동의로 일반인 이용 가능","127.1815646","37.5519182","216043.81478425","550281.88943895"
"2026","1174052600","특정계층이용시설","회원이용시설","강동리엔파크14단지경로당","서울특별시 강동구 고덕로98길 160 (상일동, 강동리엔파크14단지)","서울특별시 강동구 상일동 28","233.32","71","특정계층 이용시설(회원만 이용)","127.1805051","37.5514270","215950.29748860","550227.19176527"
"2026","1159053000","특정계층이용시설","회원이용시설","터널경로당","서울특별시 동작구 매봉로 36","서울특별시 동작구 상도1동 535","39.00","31","","126.9513107","37.5065189","195695.00120188","545228.75097271"
"2026","1159053000","특정계층이용시설","회원이용시설","상도에스에이치빌아파트경로당","서울특별시 동작구 상도로53길 70","서울특별시 동작구 상도동 439","230.73","58","","126.9536310","37.5010550","195899.85815102","544622.22484358"
"2026","1159053000","특정계층이용시설","회원이용시설","청송경로당","서울특별시 동작구  상도로52길  23   (상도동)","서울특별시 동작구 상도동 471-7","192.72","48","","126.9510114","37.4972114","195668.00006058","544195.75243663"
"2026","1159053000","특정계층이용시설","회원이용시설","고경경로당","서울특별시 동작구 상도로53길 27 (상도동, )","서울특별시 동작구 상도동 56-108","206.16","52","","126.9534145","37.4997795","195880.64424004","544480.67030971"
"2026","1159053000","공공시설","복지?문화?체육시설","상도종합사회복지관","서울특별시 동작구  상도로39가길  7 , 상도종합사회복지관 (상도1동)","서울특별시 동작구 상도1동 456","405.60","30","","126.9496932","37.5024930","195551.74661370","544782.00309954"
"2026","1159054000","특정계층이용시설","회원이용시설","파크엘아파트경로당","서울특별시 동작구 양녕로 220 (상도동)","서울특별시 동작구 상도동 904","294.60","60","","126.9472070","37.5007120","195331.79968038","544584.45552512"
"2026","1159054000","특정계층이용시설","회원이용시설","이편한세상상도노빌리티아파트경로당","서울특별시 동작구 만양로 6 (e편한세상 상도 노빌리티 근린생활시설)","서울특별시 동작구 상도동 903","238.69","70","","126.9483820","37.5053590","195435.98148115","545100.15497392"
"2026","1159054000","특정계층이용시설","회원이용시설","동원베네스트아파트경로당","서울특별시 동작구 상도로34길 42 (상도동원베네스트아파트)","서울특별시 동작구 상도동 528","44.47","20","","126.9443870","37.5029440","195082.58864775","544832.32230605"
"2026","1159054000","특정계층이용시설","회원이용시설","브라운스톤상도아파트경로당","서울특별시 동작구 상도로31길 19 (브라운스톤상도아파트)","서울특별시 동작구 상도동 527","159.00","60","","126.9438110","37.5060110","195031.86082409","545172.75010133"
"2026","1159054000","특정계층이용시설","회원이용시설","상도더샵아파트경로당","서울특별시 동작구 장승배기로10길 130 (상도 더?騁팎컷? 상가B동)","서울특별시 동작구 상도동 521","159.00","60","","126.9430480","37.5021270","194964.13673948","544741.71665195"
"2026","1159054000","특정계층이용시설","회원이용시설","상도래미안1차아파트경로당","서울특별시 동작구 등용로 37 (상도래미안1차아파트)","서울특별시 동작구 상도동 450","151.88","60","","126.9340450","37.5046330","194168.25984928","545020.37018364"
"2026","1159054000","특정계층이용시설","회원이용시설","아이파크아파트경로당","서울특별시 동작구 장승배기로 26 (아이파크상도동 105동)","서울특별시 동작구 상도동 416","138.00","60","","126.9429330","37.5008550","194953.88249853","544600.54724682"
"2026","1159054000","공공시설","공공청사","동작구청","서울특별시 동작구 장승배기로 70 (동작구청)","서울특별시 동작구 상도동 176-3","","","","126.9411370","37.5044240","194795.31993956","544996.75802178"
"2026","1159054000","공공시설","공공청사","상도2동주민센터","서울특별시 동작구  상도로  211   (상도동)","서울특별시 동작구 상도동 25-48","636.00","50","","126.9423314","37.5054945","194901.00187982","545115.50437453"
"2026","1159054000","특정계층이용시설","회원이용시설","상도2동경로당","서울특별시 동작구  양녕로36길  13   (상도동)","서울특별시 동작구 상도동 159-330","346.33","80","","126.9461932","37.5022189","195242.25042273","544751.75271891"
"2026","1159054000","특정계층이용시설","회원이용시설","낙원경로당","서울특별시 동작구  상도로30길  73   (상도동)","서울특별시 동작구 상도동 28-24","177.82","60","","126.9448461","37.5039572","195123.24908285","544944.75056197"
"2026","1159054000","특정계층이용시설","회원이용시설","장수경로당","서울특별시 동작구 상도로15길 76 (상도동)","서울특별시 동작구 상도동 358-15","235.71","80","","126.9353919","37.5037088","194287.28232196","544917.71326194"
"2026","1162074500","특정계층이용시설","회원이용시설","삼성산주공(아)경로당","서울특별시 관악구 호암로 399 (삼성산주공아파트 301동)","서울특별시 관악구 신림동 1714","179.00","23","","126.9260310","37.4624680","193455.98548217","540341.14060369"
"2026","1162074500","특정계층이용시설","회원이용시설","신림동벽산블루밍(아)경로당","서울특별시 관악구 호암로 519 (벽산블루밍아파트 102동)","서울특별시 관악구 신림동 1733","68.00","9","","126.9311590","37.4639670","193909.77969812","540507.16527073"
"2026","1162074500","특정계층이용시설","회원이용시설","돌샘경로당","서울특별시 관악구 호암로18나길 5","서울특별시 관악구 신림동 306-12","143.60","18","","126.9328739","37.4652907","194061.59805307","540653.96846032"
"2026","1162074500","특정계층이용시설","회원이용시설","주공2단지(아)경로당","서울특별시 관악구 광신길 86","서울특별시 관악구 신림동 1713","142.00","18","","126.9266970","37.4639150","193515.03127868","540501.69181856"
"2026","1162074500","특정계층이용시설","회원이용시설","원신경로당","서울특별시 관악구 양지10길 15-1","서울특별시 관악구 신림동 368-8","214.00","27","","126.9279940","37.4704500","193630.32874984","541226.89971253"
"2026","1162074500","특정계층이용시설","회원이용시설","주공1단지(아)경로당","서울특별시 관악구 광신길 160","서울특별시 관악구 신림동 1704-1","106.00","13","","126.9279110","37.4659350","193622.60300836","540725.80145868"
"2026","1162074500","공공시설","공공청사","삼성동주민센터","서울특별시 관악구 호암로 589 (신림동)","서울특별시 관악구 신림동 1528","210.25","29","","126.9329724","37.4700990","194070.69176082","541187.61839432"
"2026","1162074500","공공시설","복지?문화?체육시설","성민종합복지관","서울특별시 관악구 호암로 549 (신림동)","서울특별시 관악구 신림동 300-4","156.00","36","","126.9312716","37.4667964","193919.97031803","540821.18293306"
"2026","1162076500","특정계층이용시설","회원이용시설","건영1차(아)경로당","서울특별시 관악구 문성로 74 (건영아파트상가동)","서울특별시 관악구 신림동 746-43","59.94","12","","126.9123220","37.4763140","192244.58483363","541878.90022452"
"2026","1162076500","공공시설","복지?문화?체육시설","신림체육센터","서울특별시 관악구 난곡로58길 13","서울특별시 관악구 신림동 산 197-31","100.00","30","","126.9165320","37.4797930","192617.31587818","542264.68439972"
"2026","1162076500","특정계층이용시설","회원이용시설","신림초원(아)경로당","서울특별시 관악구 미성5길 40 (초원아파트)","서울특별시 관악구 신림동 1712","60.00","30","","126.9141320","37.4734360","192404.39422513","541559.33327451"
"2026","1162076500","특정계층이용시설","회원이용시설","신림동부센트레빌(아)경로당","서울특별시 관악구 미성3길 16 (신림 동부센트레빌 103동)","서울특별시 관악구 신림동 1734","103.00","20","","126.9163420","37.4731380","192599.85433965","541526.08332711"
"2026","1162076500","특정계층이용시설","회원이용시설","신림푸르지오(아)경로당","서울특별시 관악구 남부순환로 1430 (신림푸르지오아파트 103동)","서울특별시 관악구 신림동 1730","280.14","34","","126.9105490","37.4791410","192088.05501177","542192.80698562"
"2026","1162076500","특정계층이용시설","회원이용시설","미성경로당","서울특별시 관악구  난곡로58길  11   (신림동)","서울특별시 관악구 신림동 1566-35","97.20","15","","126.9157435","37.4800566","192547.59978997","542294.00260497"
"2026","1162076500","특정계층이용시설","회원이용시설","삼성경로당","서울특별시 관악구 난곡로63가길 47","서울특별시 관악구 신림동 1476-33","111.96","20","","126.9145100","37.4788510","192438.37648891","542160.29540102"
"2026","1171052000","특정계층이용시설","회원이용시설","쌍용(아)경로당","서울특별시 송파구 올림픽로47길 9 (쌍용아파트 상가동)","서울특별시 송파구 풍납동 401-1","87.75","23","누구나 무더위쉼터 이용가능에 동의","127.1177120","37.5268050","210405.01587178","547485.64840249"
"2026","1171052000","특정계층이용시설","회원이용시설","풍납극동(아)경로당","서울특별시 송파구 올림픽로45길 11 (극동아파트 상가)","서울특별시 송파구 풍납동 391","39.60","21","누구나 무더위쉼터 이용가능에 동의","127.1167360","37.5266260","210318.76810714","547465.67410480"
"2026","1171052000","특정계층이용시설","회원이용시설","풍납현대경로당","서울특별시 송파구 올림픽로 525 (현대아파트 노인정,관리실)","서울특별시 송파구 풍납동 413-1","89.00","31","누구나 무더위쉼터 이용가능에 동의","127.1189350","37.5294000","210512.75739340","547773.79728905"
"2026","1171052000","특정계층이용시설","회원이용시설","토성경로당","서울특별시 송파구 토성로19길 37","서울특별시 송파구 풍납동 503","251.42","18","폭염특보 발효시 연장운영, 누구나 무더위쉼터 이용가능에 동의","127.1195816","37.5315744","210569.60405832","548015.20135555"
"2026","1171052000","공공시설","공공청사","풍납2동주민센터","서울특별시 송파구 토성로 52 (풍납동)","서울특별시 송파구 풍납동 403","1,010.88","20","","127.1156452","37.5292964","210221.98343938","547761.93634734"
"2026","1171053100","공공시설","복지?문화?체육시설","송파종합사회복지관","서울특별시 송파구 오금로51길 34 (종합사회복지관)","서울특별시 송파구 거여동 5-8","","","","127.1418090","37.4983080","212539.81009594","544325.77999237"
"2026","1171053100","특정계층이용시설","회원이용시설","삼호(아)경로당","서울특별시 송파구 거마로9길 19 (삼호아파트 제101동)","서울특별시 송파구 거여동 136","20.74","27","누구나 무더위쉼터 이용가능에 동의","127.1434360","37.4966350","212683.96461760","544140.31661500"
"2026","1171053100","특정계층이용시설","회원이용시설","어울림경로당","서울특별시 송파구 오금로56길 28 (어울림 아파트 103동)","서울특별시 송파구 거여동 593","50.00","13","누구나 무더위쉼터 이용가능에 동의","127.1433080","37.4920260","212673.42443066","543628.76019505"
"2026","1171053100","특정계층이용시설","회원이용시설","현대1차경로당","서울특별시 송파구 오금로54길 10 (현대아파트 1동)","서울특별시 송파구 거여동 362","76.38","17","누구나 무더위쉼터 이용가능에 동의","127.1413130","37.4928000","212496.86781240","543714.39740256"
"2026","1171053100","특정계층이용시설","회원이용시설","거여현대3차경로당","서울특별시 송파구 거마로 41 (현대3차아파트 303동)","서울특별시 송파구 거여동 46","97.93","35","누구나 무더위쉼터 이용가능에 동의","127.1445250","37.4968010","212780.23603798","544158.88777430"
"2026","1171053100","특정계층이용시설","회원이용시설","영풍경로당","서울특별시 송파구 오금로51길 20 (거여동)","서울특별시 송파구 거여동 11","125.58","37","폭염특보 발효시 연장운영, 누구나 무더위쉼터 이용가능에 동의","127.1410177","37.4970482","212470.04689107","544185.85333757"
"2026","1171053100","특정계층이용시설","회원이용시설","거여경로당","서울특별시 송파구 오금로 476-12 (거여동)","서울특별시 송파구 거여동 555-3","93.72","38","폭염특보 발효시 연장운영, 누구나 무더위쉼터 이용가능에 동의","127.1418000","37.4937000","212539.78470272","543814.35046507"
"2026","1171053100","공공시설","공공청사","거여1동주민센터","서울특별시 송파구 오금로53길 32 (거여동)","서울특별시 송파구 거여동 136-16","174.36","20","","127.1433538","37.4969694","212676.63918883","544177.41961658"
"2026","1171053200","공공시설","복지?문화?체육시설","거마도서관","서울특별시 송파구 거마로2길 19 (거여제2동주민센터)","서울특별시 송파구 거여동 195-1","886.00","187","","127.1468200","37.4935850","212983.73799990","543802.26753588"
"2026","1174052600","특정계층이용시설","회원이용시설","강동리엔파크11단지경로당","서울특별시 강동구 고덕로98길 101 (상일동, 강동리엔파크11단지)","서울특별시 강동구 상일동 36-3","225.35","30","특정계층 이용시설(회원만 이용)","127.1809074","37.5537576","215985.34888973","550485.92913116"
"2026","1174052600","특정계층이용시설","회원이용시설","강동리엔파크9단지경로당","서울특별시 강동구 고덕로98길 29 (상일동, 강동리엔파크9단지)","서울특별시 강동구 상일동 554-15","100.00","30","","127.1809852","37.5572512","215991.47689957","550873.69083108"
"2026","1174052600","공공시설","공공청사","상일2동주민센터","서울특별시 강동구 상일동 산 77-27","서울특별시 강동구 상일동 산 77-27","456.00","138","폭염특보 발령시 주말, 휴일 운영","127.1797442","37.5551447","215882.27168802","550639.68370222"
"2026","1174052600","특정계층이용시설","회원이용시설","고덕리엔파크3단지경로당","서울특별시 강동구 상일로 74 (고덕리엔파크3단지아파트 331동)","서울특별시 강동구 상일동 490","482.34","146","특정계층 이용시설(회원만 이용)","127.1766260","37.5526600","215607.26417979","550363.38906829"
"2026","1174052600","생활밀착민간시설","금융기관","우리은행삼성엔지니어링사옥","서울특별시 강동구 상일로6길 26","서울특별시 강동구 상일동 500","217.40","66","시설 운영시간 내 쉼터 탄력적 운영(공휴일 등 미운영)","127.1748460","37.5487779","215450.77865392","549932.22802743"
"2026","1174052600","생활밀착민간시설","금융기관","국민은행상일동지점","서울특별시 강동구 상일로10길 36 (상일동)","서울특별시 강동구 상일동 494","301.67","91","시설 운영시간 내 쉼터 탄력적 운영(공휴일 등 미운영) 2025년 사전점검: 시설폐점으로 미운영 처리","127.1741670","37.5510102","215390.31778253","550179.87541134"
"2026","1174052600","생활밀착민간시설","종교시설","강일동성당","서울특별시 강동구 고덕로 476 (상일동)","서울특별시 강동구 상일동 553","50.00","15","시설 운영시간 내 쉼터 탄력적 운영(공휴일 등 미운영)","127.1785793","37.5578806","215778.76366796","550943.14024853"
"2026","1174053000","특정계층이용시설","회원이용시설","삼익2차아파트경로당","서울특별시 강동구 고덕로 210 (삼익그린맨션302동)","서울특별시 강동구 명일동 15","279.00","36","특정계층 이용시설이나 관리주체(회원) 동의로 일반인 이용 가능","127.1484590","37.5532950","213118.22095391","550429.56299696"
"2026","1174053000","특정계층이용시설","회원이용시설","래미안솔베뉴아파트경로당","서울특별시 강동구 양재대로 1650 (래미안 솔베뉴)","서울특별시 강동구 명일동 359","502.32","33","특정계층 이용시설(회원만 이용)","127.1454650","37.5528210","212853.74463348","550376.54102713"
"2026","1174053000","특정계층이용시설","회원이용시설","삼익가든아파트경로당","서울특별시 강동구 상암로 214 (삼익맨션 상가동)","서울특별시 강동구 명일동 270","86.00","26","2025년 지정해제(시설관리자 지정해제 요청)","127.1480500","37.5473320","213083.12288512","549767.68407362"
"2026","1174053000","특정계층이용시설","회원이용시설","명일지에스아파트경로당","서울특별시 강동구 상암로51길 54 (명일지에스아파트)","서울특별시 강동구 명일동 332-1","104.00","32","특정계층 이용시설(회원만 이용)","127.1468340","37.5488960","212975.39425406","549941.10084521"
"2026","1174053000","특정계층이용시설","회원이용시설","명일1동우성아파트경로당","서울특별시 강동구 고덕로38길 34-9 (우성아파트 101동)","서울특별시 강동구 명일동 356","20.09","6","특정계층 이용시설(회원만 이용)","127.1419890","37.5528900","212546.58261506","550383.72959870"
"2026","1174053000","생활밀착민간시설","금융기관","우리은행명일동지점","서울특별시 강동구 양재대로 1618 (명일동)","서울특별시 강동구 명일동 324-14","35.00","11","시설 운영시간 내 쉼터 탄력적 운영(공휴일 등 미운영)","127.1442000","37.5499000","212742.46248089","550052.17258319"
"2026","1174053000","특정계층이용시설","회원이용시설","명일1동경로당","서울특별시 강동구 천중로49길 104 (샘물경로당)","서울특별시 강동구 명일동 351-2","303.94","31","특정계층 이용시설(회원만 이용)","127.1447020","37.5452770","212787.61224792","549539.14310245"
"2026","1174053000","특정계층이용시설","회원이용시설","샘물경로당","서울특별시 강동구 천중로49길 104 (샘물경로당)","서울특별시 강동구 명일동 351-2","94.34","29","특정계층 이용시설(회원만 이용)","127.1447020","37.5452770","212787.61224792","549539.14310245"
"2026","1174053000","공공시설","공공청사","명일1동주민센터","서울특별시 강동구 양재대로 1634 (명일동)","서울특별시 강동구 명일동 312-99","132.00","40","폭염특보 발령시 주말, 휴일 운영","127.1442000","37.5514000","212742.20711778","550218.65470664"
"2026","1174053000","생활밀착민간시설","금융기관","국민은행명일동지점","서울특별시 강동구  양재대로  1661   (명일동)","서울특별시 강동구 명일동 306-1","293.72","89","시설 운영시간 내 쉼터 탄력적 운영(공휴일 등 미운영)","127.1439444","37.5538559","212719.20368200","550491.19581452"
"2026","1159054000","특정계층이용시설","회원이용시설","래미안1차108동아파트경로당","서울특별시 동작구  등용로  37   (상도동, 상도동래미안1차아파트)","서울특별시 동작구 상도동 447","113.00","60","","126.9330462","37.5052621","194079.99563261","545090.25456200"
"2026","1159055000","특정계층이용시설","회원이용시설","쌍용스윗닷홈아파트경로당","서울특별시 동작구 상도로 107 (쌍용스윗닷홈)","서울특별시 동작구 상도동 418","111.70","65","","126.9320060","37.5009170","193987.67350793","544608.07039115"
"2026","1159055000","특정계층이용시설","회원이용시설","갑을명가1차아파트경로당","서울특별시 동작구 국사봉길 178 (상도1차 갑을명가아파트)","서울특별시 동작구 상도동 458","35.54","39","","126.9342450","37.4935610","194185.08534331","543791.50931461"
"2026","1159055000","특정계층이용시설","회원이용시설","상도중앙경로당","서울특별시 동작구 국사봉1길 109-1","서울특별시 동작구 상도동 256-104","41.34","36","","126.9321150","37.4969500","193996.99420770","544167.77785772"
"2026","1159055000","공공시설","공공청사","상도3동주민센터","서울특별시 동작구  성대로2길  11   (상도동)","서울특별시 동작구 상도동 315-37","408.63","50","","126.9313412","37.4992063","193928.75047490","544418.24750592"
"2026","1159055000","특정계층이용시설","회원이용시설","상도3동경로당","서울특별시 동작구 국사봉1길 221-7","서울특별시 동작구 상도동 283-226","124.25","40","","126.9363305","37.4934517","194369.50426686","543779.25165659"
"2026","1159055000","특정계층이용시설","회원이용시설","성대경로당","서울특별시 동작구  상도로13길  16   (상도동)","서울특별시 동작구 상도동 336-5","180.15","59","","126.9302762","37.5012735","193834.74632851","544647.74919293"
"2026","1159056000","특정계층이용시설","회원이용시설","동아아파트경로당","서울특별시 동작구 양녕로23길 43 (동아아파트)","서울특별시 동작구 상도동 409","29.30","8","","126.9400390","37.4962810","194697.65874039","544093.05168906"
"2026","1159056000","특정계층이용시설","회원이용시설","경향렉스빌아파트경로당","서울특별시 동작구 양녕로23길 9 (경향렉스빌 경비실)","서울특별시 동작구 상도동 445","112.00","20","","126.9418670","37.4952060","194859.23480503","543973.63928934"
"2026","1159056000","특정계층이용시설","회원이용시설","국사봉경로당","서울특별시 동작구 양녕로20길 56 (상도동)","서울특별시 동작구 상도동 214-91","71.07","22","","126.9441381","37.4948648","195060.04822194","543935.64892827"
"2026","1159056000","특정계층이용시설","회원이용시설","도화경로당","서울특별시 동작구 성대로17길 55 (상도동)","서울특별시 동작구 상도동 244-103","44.55","27","","126.9349208","37.4998692","194245.33247390","544491.59593545"
"2026","1159056000","공공시설","복지?문화?체육시설","약수도서관","서울특별시 동작구 양녕로22바길 64 (상도동)","서울특별시 동작구 상도동 211-77","598.88","47","","126.9473854","37.4979112","195347.40086012","544273.59420096"
"2026","1159056000","공공시설","공공청사","상도4동주민센터","서울특별시 동작구 양녕로27길 44 (상도동)","서울특별시 동작구 상도동 202-58","574.86","50","","126.9413356","37.4995092","194812.54018488","544451.26771178"
"2026","1159056000","특정계층이용시설","회원이용시설","약수경로당","서울특별시 동작구 양녕로 210-10 (상도동, 구립 약수경로당 행복주택)","서울특별시 동작구 상도동 211-438","124.25","20","","126.9448521","37.4995625","195123.49380071","544456.99531594"
"2026","1159056000","특정계층이용시설","회원이용시설","성대골경로당","서울특별시 동작구  성대로10나길  1-4  (상도동)","서울특별시 동작구 상도동 261-16","180.15","30","","126.9349758","37.4973118","194249.99979208","544207.75434634"
"2026","1159056000","특정계층이용시설","회원이용시설","송학경로당(상도동)","서울특별시 동작구 성대로29길 53 (상도동)","서울특별시 동작구 상도동 188-81","104.22","30","","126.9377329","37.5006327","194494.05020110","544576.16633047"
"2026","1159056000","특정계층이용시설","회원이용시설","상도4동경로당","서울특별시 동작구 양녕로22바길 95 (상도동, 다나네스트빌)","서울특별시 동작구 상도동 211-94","89.10","20","","126.9470062","37.4991694","195313.94761833","544413.25688342"
"2026","1162076500","특정계층이용시설","회원이용시설","약수경로당","서울특별시 관악구 미성길 123","서울특별시 관악구 신림동 733","160.20","20","","126.9122260","37.4718380","192235.63029270","541382.13219092"
"2026","1162076500","특정계층이용시설","회원이용시설","하난곡경로당","서울특별시 관악구 난우10가길 20-7","서울특별시 관악구 신림동 597-96","98.00","20","","126.9199330","37.4767920","192917.84871158","541931.35222381"
"2026","1162076500","공공시설","공공청사","미성동주민센터","서울특별시 관악구 문성로 115","서울특별시 관악구 신림동 1565-6","176.08","11","","126.9162210","37.4782260","192589.65341203","542090.79271300"
"2026","1162077500","공공시설","복지?문화?체육시설","새꿈작은도서관","서울특별시 관악구 법원단지20길 26 (난곡제일교회)","서울특별시 관악구 신림동 610-573","1.00","10","","126.9231910","37.4737700","193205.75445577","541595.71068594"
"2026","1162077500","특정계층이용시설","회원이용시설","임광관악파크(아)경로당","서울특별시 관악구 난곡로 167 (임광관악파크아파트 101동)","서울특별시 관악구 신림동 1727","59.00","8","","126.9191860","37.4696810","192851.09720131","541142.18322572"
"2026","1162077500","특정계층이용시설","회원이용시설","건영2차(아)경로당","서울특별시 관악구 난곡로35길 28-7 (건영아파트 라동)","서울특별시 관악구 신림동 721-2","123.00","16","","126.9168470","37.4707200","192644.28824562","541257.67831438"
"2026","1162077500","특정계층이용시설","회원이용시설","난곡경로당","서울특별시 관악구  난곡로31길  38   (신림동)","서울특별시 관악구 신림동 712-7","305.00","38","","126.9183450","37.4704392","192776.77428216","541226.39735931"
"2026","1162077500","특정계층이용시설","회원이용시설","무궁화경로당","서울특별시 관악구 난곡로26다길 17","서울특별시 관악구 신림동 646-7","246.00","31","","126.9245169","37.4700094","193322.70425699","541178.23989978"
"2026","1162077500","특정계층이용시설","회원이용시설","법원경로당","서울특별시 관악구 법원단지25길 15","서울특별시 관악구 신림동 610-47","188.00","24","","126.9228930","37.4758019","193179.57909946","541821.24587556"
"2026","1162077500","특정계층이용시설","회원이용시설","우림경로당","서울특별시 관악구 난곡로24가길 19-4","서울특별시 관악구 신림동 638-62","268.00","34","","126.9217720","37.4699430","193079.88203505","541171.06854035"
"2026","1162077500","공공시설","공공청사","난곡동주민센터","서울특별시 관악구 난곡로30길 40 (신림동)","서울특별시 관악구 신림동 633-56","836.94","23","","126.9216424","37.4710115","193068.51616674","541289.66715443"
"2026","1165051000","생활밀착민간시설","기타","곰공인중개사사무소","서울특별시 서초구 서초중앙로6길 7 (홍빌딩)","서울특별시 서초구 서초동 1621-5","","6","주말, 공휴일 미운영","127.0161180","37.4862350","201425.50290032","542976.51073099"
"2026","1165051000","생활밀착민간시설","기타","스마트공인중개사사무소","서울특별시 서초구 서초대로58길 27","서울특별시 서초구 서초동 1668-6","","6","주말, 공휴일 미운영","127.0180840","37.4935700","201599.22284920","543790.63084396"
"2026","1165051000","특정계층이용시설","회원이용시설","중앙노인종합복지관","서울특별시 서초구 서초대로54길 45","서울특별시 서초구 서초동 1666-17","155.00","10","폭염 특보시 주말 연장쉼터 운영(13~17시)","127.0168030","37.4922890","201485.96551980","543648.43562666"
"2026","1165051000","공공시설","공공청사","서초1동주민센터","서울특별시 서초구 사임당로 89","서울특별시 서초구 서초동 1649-5","197.00","20","","127.0194430","37.4901400","201719.48196048","543409.96978406"
"2026","1165051000","특정계층이용시설","회원이용시설","서초1동경로당","서울특별시 서초구 효령로68길 49-3","서울특별시 서초구 서초동 1436-6","198.00","25","","127.0224900","37.4854340","201989.07448932","542887.72587609"
"2026","1171053200","특정계층이용시설","회원이용시설","거여5단지아파트경로당","서울특별시 송파구 양산로4길 16 (거여5단지아파트 상가동)","서울특별시 송파구 거여동 294","64.26","18","누구나 무더위쉼터 이용가능에 동의","127.1453490","37.4889060","212854.45475240","543282.75764485"
"2026","1171053200","특정계층이용시설","회원이용시설","거여4단지아파트경로당","서울특별시 송파구 양산로4길 8 (거여4단지아파트 406동)","서울특별시 송파구 거여동 293","81.00","14","누구나 무더위쉼터 이용가능에 동의","127.1441160","37.4889650","212745.39993595","543289.13822961"
"2026","1171053200","특정계층이용시설","회원이용시설","동아효성아파트경로당","서울특별시 송파구 양산로8길 24 (거여2단지아파트 노인정,관리사무소)","서울특별시 송파구 거여동 291","105.00","20","누구나 무더위쉼터 이용가능에 동의","127.1463040","37.4903620","212938.66247720","543444.48545107"
"2026","1171053200","특정계층이용시설","회원이용시설","현대2차아파트경로당","서울특별시 송파구 오금로61길 20","서울특별시 송파구 거여동 45","35.10","20","누구나 무더위쉼터 이용가능에 동의","127.1469160","37.4939540","212992.16365677","543843.23499008"
"2026","1171053200","특정계층이용시설","회원이용시설","거여1단지경로당","서울특별시 송파구 양산로8길 8 (거여동)","서울특별시 송파구 거여동 290","90.00","13","누구나 무더위쉼터 이용가능에 동의","127.1445550","37.4909580","212783.88479465","543510.39472583"
"2026","1171053200","특정계층이용시설","회원이용시설","송파시그니처롯데캐슬경로당","서울특별시 송파구 거마로 56 (송파시그니처롯데캐슬 105동)","서울특별시 송파구 거여동 697","503.23","50","누구나 무더위쉼터 이용가능에 동의","127.1469800","37.4959540","212997.47674031","544065.21789992"
"2026","1171053200","특정계층이용시설","회원이용시설","e편한세상송파파크센트럴경로당","서울특별시 송파구 오금로 551 (거여동, e편한세상 송파 파크센트럴)","서울특별시 송파구 거여동 696","250.28","40","누구나 무더위쉼터 이용가능에 동의","127.1505100","37.4938390","213310.01101319","543830.97360010"
"2026","1171053200","특정계층이용시설","회원이용시설","거여새마을경로당","서울특별시 송파구 오금로62길 13-3 (거여동)","서울특별시 송파구 거여동 29","224.67","45","폭염특보 발효시 연장운영, 누구나 무더위쉼터 이용가능에 동의","127.1467602","37.4921663","212978.69518707","543644.80203543"
"2026","1171053200","특정계층이용시설","회원이용시설","거여3단지아파트경로당","서울특별시 송파구 양산로2길 44 (거여동, 거여3단지아파트)","서울특별시 송파구 거여동 292","171.00","20","누구나 무더위쉼터 이용가능에 동의","127.1477687","37.4905170","213068.16897862","543461.89074802"
"2026","1171053200","특정계층이용시설","회원이용시설","거여6단지아파트경로당","서울특별시 송파구 양산로2길 38 (거여동, 거여6단지아파트)","서울특별시 송파구 거여동 295","114.00","20","누구나 무더위쉼터 이용가능에 동의","127.1465805","37.4881397","212963.49930985","543197.87723653"
"2026","1171053200","공공시설","공공청사","거여2동주민센터","서울특별시 송파구 거마로2길 19 (거여동)","서울특별시 송파구 거여동 195-1","3,092.65","20","","127.1468219","37.4935581","212983.91067945","543799.28224736"
"2026","1171054000","공공시설","복지?문화?체육시설","소나무언덕3호도서관","서울특별시 송파구 성내천로 319 (마천청소년센터)","서울특별시 송파구 마천동 325-5","343.00","70","","127.1566620","37.4923000","213854.33381990","543661.05224294"
"2026","1171054000","공공시설","복지?문화?체육시설","마천청소년센터","서울특별시 송파구 성내천로 319 (마천청소년센터)","서울특별시 송파구 마천동 325-5","","","","127.1566620","37.4923000","213854.33381990","543661.05224294"
"2026","1171054000","특정계층이용시설","회원이용시설","금호어울림2차림경로당","서울특별시 송파구 성내천로 314 (마천동 금호어울림2차 아파트 201동)","서울특별시 송파구 마천동 319","52.14","27","누구나 무더위쉼터 이용가능에 동의","127.1553810","37.4933070","213740.86460352","543772.62839904"
"2026","1174053000","생활밀착민간시설","금융기관","신한은행굽은다리역지점","서울특별시 강동구 양재대로 1568 (명일동, 원일타워)","서울특별시 강동구 명일동 353-2","50.00","15","시설 운영시간 내 쉼터 탄력적 운영(공휴일 등 미운영)  2025. 5월 사전점검: 폐점으로 미운영 처리","127.1433000","37.5454000","212663.69376106","549552.60486574"
"2026","1174053000","생활밀착민간시설","금융기관","신한은행명일역지점","서울특별시 강동구 구천면로 427","서울특별시 강동구 명일동 315-13","50.00","15","시설 운영시간 내 쉼터 탄력적 운영(공휴일 등 미운영)","127.1461469","37.5505051","212914.39909074","550119.59713488"
"2026","1174053000","생활밀착민간시설","금융기관","하나은행강동중앙지점","서울특별시 강동구  양재대로  1566 , 흥도빌딩 (명일동)","서울특별시 강동구 명일동 353-3","50.00","15","시설 운영시간 내 쉼터 탄력적 운영(공휴일 등 미운영)","127.1431809","37.5452253","212653.19818916","549533.19923067"
"2026","1174053000","생활밀착민간시설","금융기관","강동농협명일역지점","서울특별시 강동구 양재대로 1655","서울특별시 강동구 명일동 306-5","200.00","61","시설 운영시간 내 쉼터 탄력적 운영(공휴일 등 미운영)","127.1438750","37.5535620","212713.12128622","550458.56701235"
"2026","1174054000","특정계층이용시설","회원이용시설","명일한양아파트경로당","서울특별시 강동구 동남로71길 19 (명일동)","서울특별시 강동구 명일동 54","93.00","28","","127.1551130","37.5504350","213706.70971211","550113.08634330"
"2026","1174054000","특정계층이용시설","회원이용시설","명일주공9단지아파트경로당","서울특별시 강동구 상암로 251 (고덕주공아파트 910동)","서울특별시 강동구 명일동 257","200.16","61","특정계층 이용시설이나 관리주체(회원) 동의로 일반인 이용 가능","127.1507480","37.5479250","213321.43874282","549833.87884364"
"2026","1174054000","특정계층이용시설","회원이용시설","명일우성아파트경로당","서울특별시 강동구 고덕로62길 58 (은새유치원)","서울특별시 강동구 명일동 42","73.00","22","특정계층 이용시설이나 관리주체(회원) 동의로 일반인 이용 가능","127.1521410","37.5514360","213443.90610832","550223.75626377"
"2026","1174054000","특정계층이용시설","회원이용시설","명일신동아아파트경로당","서울특별시 강동구 고덕로 240 (신동아아파트 노인정)","서울특별시 강동구 명일동 44","77.00","23","특정계층 이용시설이나 관리주체(회원) 동의로 일반인 이용 가능","127.1522060","37.5536720","213449.24800931","550471.93501674"
"2026","1174054000","특정계층이용시설","회원이용시설","명일2동현대아파트경로당","서울특별시 강동구 동남로71길 37 (고덕현대아파트 상가)","서울특별시 강동구 명일동 56","68.00","21","특정계층 이용시설이나 관리주체(회원) 동의로 일반인 이용 가능","127.1536080","37.5504680","213573.71286921","550116.53058618"
"2026","1174054000","생활밀착민간시설","금융기관","국민은행고덕역지점","서울특별시 강동구 고덕로 254","서울특별시 강동구 명일동 46","357.31","108","시설 운영시간 내 쉼터 탄력적 운영(공휴일 등 미운영)","127.1536650","37.5546439","213577.99211985","550580.01415212"
"2026","1174053000","특정계층이용시설","회원이용시설","원터골경로당","서울특별시 강동구 동남로65길 46-8","서울특별시 강동구 명일동 236","186.30","56","특정계층 이용시설이나 관리주체(회원) 동의로 일반인 이용 가능","127.1536699","37.5481638","213579.60074379","549860.80081552"
"2026","1174054000","공공시설","공공청사","명일2동주민센터","서울특별시 강동구  상암로  260 , 명일제2동주민센터 (명일동)","서울특별시 강동구 명일동 223-7","253.00","77","폭염특보 발령시 주말, 휴일 운영","127.1513532","37.5463648","213375.19841402","549660.80125116"
"2026","1174053000","생활밀착민간시설","금융기관","우리은행고덕지점","서울특별시 강동구  동남로71길  23 , 한양아파트 상가동 (명일동)","서울특별시 강동구 명일동 54","33.00","10","시설 운영시간 내 쉼터 탄력적 운영(공휴일 등 미운영)","127.1546771","37.5514818","213667.99980528","550229.20522351"
"2026","1174054000","생활밀착민간시설","유통?판매?서비스시설","이마트명일점","서울특별시 강동구 고덕로 276","서울특별시 강동구 명일동 46-4","999.00","303","시설 운영시간 내 쉼터 탄력적 운영(공휴일 등 미운영) / 2, 4번째 일요일 휴일","127.1556118","37.5547061","213750.00198368","550587.20060210"
"2026","1174054000","특정계층이용시설","회원이용시설","시립강동노인종합복지관","서울특별시 강동구 동남로71길 32-5","서울특별시 강동구 명일동 48-10","1,000.00","1243","","127.1543370","37.5523010","213637.79767197","550320.07729729"
"2026","1174054000","생활밀착민간시설","금융기관","농협명일동지점","서울특별시 강동구 고덕로 262 (명일동)","서울특별시 강동구 명일동 46-2","200.00","61","시설 운영시간 내 쉼터 탄력적 운영(공휴일 등 미운영)","127.1546000","37.5546000","213660.61771437","550575.27723779"
"2026","1174055000","생활밀착민간시설","유통?판매?서비스시설","하나로마트고덕점","서울특별시 강동구 아리수로50길 50 (래미안힐스테이트고덕217동)","서울특별시 강동구 고덕동 688","","","","127.1470830","37.5589490","212995.65205176","551056.89908830"
"2026","1159060500","특정계층이용시설","회원이용시설","롯데캐슬에듀포레아파트경로당","서울특별시 동작구 서달로 123 (롯데캐슬 에듀포레 102)","서울특별시 동작구 흑석동 340","231.63","80","","126.9590480","37.5043890","196379.01309345","544992.03361479"
"2026","1159060500","특정계층이용시설","회원이용시설","아크로리버하임아파트경로당","서울특별시 동작구 현충로 52 (아크로리버하임 104동)","서울특별시 동작구 흑석동 342","100.00","50","","126.9613300","37.5095790","196581.02486360","545567.97169566"
"2026","1159060500","특정계층이용시설","회원이용시설","흑석한강푸르지오아파트경로당","서울특별시 동작구 흑석한강로 27 (흑석한강푸르지오 101동)","서울특별시 동작구 흑석동 336","176.48","60","","126.9654520","37.5032060","196945.20832414","544860.50872238"
"2026","1159060500","특정계층이용시설","회원이용시설","흑석한강센트레빌1차아파트경로당","서울특별시 동작구 흑석한강로 12 (흑석한강센트레빌 101동)","서울특별시 동작구 흑석동 335","147.54","60","","126.9650790","37.5058630","196912.33646802","545155.41369291"
"2026","1159060500","특정계층이용시설","회원이용시설","흑석한강센트레빌2차아파트경로당","서울특별시 동작구 서달로 91 (흑석동)","서울특별시 동작구 흑석동 339","224.19","80","","126.9586160","37.5021680","196340.70713967","544745.54796171"
"2026","1159060500","특정계층이용시설","회원이용시설","한강현대아파트경로당","서울특별시 동작구 현충로 151 (한강현대아파트)","서울특별시 동작구 흑석동 28","132.00","40","","126.9703080","37.5068280","197374.71077302","545262.35758149"
"2026","1159060500","특정계층이용시설","회원이용시설","명수대현대아파트경로당","서울특별시 동작구 현충로 119 (명수대현대아파트)","서울특별시 동작구 흑석동 10","135.00","60","","126.9669240","37.5078580","197075.54648849","545376.77416249"
"2026","1159060500","특정계층이용시설","회원이용시설","동양아파트경로당","서울특별시 동작구 서달로1길 17 (흑석동양아파트 106동)","서울특별시 동작구 흑석동 328","109.20","60","","126.9586590","37.5004610","196344.42610472","544556.09136379"
"2026","1159060500","특정계층이용시설","회원이용시설","우리유앤미아파트경로당","서울특별시 동작구 서달로 83 (우리유앤미아파트)","서울특별시 동작구 흑석동 329","49.84","20","","126.9595600","37.5007050","196424.10858139","544583.13759127"
"2026","1159060500","특정계층이용시설","회원이용시설","흑석자이아파트경로당","서울특별시 동작구 서달로 90 (흑석자이아파트)","서울특별시 동작구 흑석동 343","218.15","60","","126.9627410","37.5027000","196705.47494883","544804.44070002"
"2026","1159060500","공공시설","복지?문화?체육시설","까망돌도서관","서울특별시 동작구 서달로 129 (흑석동)","서울특별시 동작구 흑석동 340-1","3,317.10","161","","126.9605469","37.5050922","196511.57896138","545070.02314976"
"2026","1159060500","공공시설","복지?문화?체육시설","흑석종합사회복지관","서울특별시 동작구 흑석로13길 21 (흑석종합사회복지관)","서울특별시 동작구 흑석동 341-3","52.80","60","","126.9594510","37.5097250","196414.90165356","545584.24576120"
"2026","1159060500","공공시설","공공청사","흑석동주민센터","서울특별시 동작구  흑석한강로  11   (흑석동)","서울특별시 동작구 흑석동 335-2","736.71","50","","126.9665907","37.5057831","197045.99561761","545146.49729349"
"2026","1159060500","특정계층이용시설","회원이용시설","흑석경로당","서울특별시 동작구  서달로13길  17   (흑석동)","서울특별시 동작구 흑석동 181-23","389.48","80","","126.9618760","37.5084509","196629.24826452","545442.74732231"
"2026","1159060500","특정계층이용시설","회원이용시설","달마경로당","서울특별시 동작구  서달로  54-15  (흑석동)","서울특별시 동작구 흑석동 256-1","99.08","40","","126.9616631","37.4990849","196610.00115497","544403.24965813"
"2026","1159060500","특정계층이용시설","회원이용시설","비개경로당","서울특별시 동작구  현충로12길  106-8  (흑석동)","서울특별시 동작구 흑석동 295-2","284.75","80","","126.9686838","37.5039975","197230.99869990","544948.25502397"
"2026","1159060500","특정계층이용시설","회원이용시설","송림경로당","서울특별시 동작구  서달로2길  29   (흑석동, 청호아파트)","서울특별시 동작구 흑석동 327","82.51","40","","126.9632142","37.5011847","196747.25062986","544636.24551903"
"2026","1165052000","공공시설","복지?문화?체육시설","서초청소년도서관","서울특별시 서초구 서운로 62 (서초동, 래미안 리더스원)","서울특별시 서초구 서초동 1755","20.00","6","매주 금요일, 법정 공휴일 휴관 / 폭염 특보시 주말 연장쉼터 운영(13~17시)","127.0285177","37.4914768","202521.97691265","543558.54146035"
"2026","1165052000","특정계층이용시설","회원이용시설","서초2동경로당","서울특별시 서초구 강남대로45길 17-2 (서초동)","서울특별시 서초구 서초동 1357-48","179.00","30","","127.0308916","37.4879585","202732.04207408","543168.12268057"
"2026","1165052000","공공시설","공공청사","서초구청1층","서울특별시 서초구 남부순환로 2584 (서초동)","서울특별시 서초구 서초동 1376-3","24.60","7","폭염특보 발효시 주말 운영","127.0326671","37.4836340","202889.23319808","542688.21338176"
"2026","1165052000","공공시설","공공청사","서초2동주민센터","서울특별시 서초구 서초대로70길 51 (서초동)","서울특별시 서초구 서초동 1332-6","2,383.00","50","","127.0249316","37.4920493","202204.82155050","543621.99141872"
"2026","1165053000","공공시설","복지?문화?체육시설","서초그림책도서관","서울특별시 서초구 명달로 150 (서초구교통섬 내 그림책도서관)","서울특별시 서초구 서초동 1498-4","","50","공휴일 미운영","127.0048400","37.4903400","200428.03427765","543432.00059269"
"2026","1165053000","공공시설","복지?문화?체육시설","서초유스센터","서울특별시 서초구 반포대로 57 (구립서초유스센타)","서울특별시 서초구 서초동 1535-6","","30","공휴일 미운영","127.0103710","37.4855100","200917.23746211","542895.97381924"
"2026","1165053000","공공시설","기타","상명달어린이공원서초에코쉼터","","서울특별시 서초구 서초동 1488-4","","10","7~8월 : 09시~20시 운영","127.0056490","37.4821360","200499.63430985","542521.46905429"
"2026","1165053000","특정계층이용시설","회원이용시설","서초2차e편한세상경로당","서울특별시 서초구 효령로49길 57 (서초2차이편한세상 경비실)","서울특별시 서초구 서초동 1529","135.00","15","","127.0090770","37.4862410","200802.78500812","542977.09332880"
"2026","1165053000","특정계층이용시설","회원이용시설","서초한신플러스타운경로당","서울특별시 서초구 남부순환로323길 38-15 (서초동한신아파트 경비실)","서울특별시 서초구 서초동 1454-29","75.40","15","","127.0142160","37.4828780","201257.34309193","542603.90112290"
"2026","1165053000","특정계층이용시설","회원이용시설","서초한빛삼성아파트경로당","서울특별시 서초구 서초대로40길 72 (서초한빛삼성아파트 노인정/관리사무소동)","서울특별시 서초구 서초동 1509-1","15.00","108","","127.0079930","37.4881570","200706.89618725","543189.73533863"
"2026","1165053000","특정계층이용시설","회원이용시설","서초구립하명달경로당","서울특별시 서초구 반포대로23길 51-6 (서초동)","서울특별시 서초구 서초동 1506-11","82.00","15","","127.0057763","37.4885833","200510.84964858","543237.03468262"
"2026","1165053000","공공시설","기타","서초느티나무쉼터","서울특별시 서초구 반포대로1길 53-3","서울특별시 서초구 서초동 1484-6","697.22","10","","127.0108796","37.4828153","200962.25389130","542596.90293013"
"2026","1165053000","공공시설","공공청사","서초3동주민센터","서울특별시 서초구 반포대로 34 (서초동)","서울특별시 서초구 서초동 1459-12","690.00","30","","127.0120409","37.4836596","201064.95390525","542690.62152098"
"2026","1165053000","특정계층이용시설","회원이용시설","예술의마을경로당","서울특별시 서초구 남부순환로323길 44-15 (서초동)","서울특별시 서초구 서초동 1455-4","79.00","15","","127.0144764","37.4832552","201280.36789774","542645.76882242"
"2026","1165053000","특정계층이용시설","회원이용시설","서초3동경로당(서초느티나무쉼터)","서울특별시 서초구 반포대로1길 53-3 (서초동)","서울특별시 서초구 서초동 1484-6","150.38","15","","127.0108742","37.4828124","200961.77632166","542596.58101349"
"2026","1165053100","생활밀착민간시설","기타","미래공인중개사사무소쉼터2","서울특별시 서초구 서운로 207 (삼호종합상가)","서울특별시 서초구 서초동 1311-7","","6","주말, 공휴일 미운영","127.0216970","37.5014860","201918.52885266","544669.27138802"
"2026","1165053100","생활밀착민간시설","기타","더우리부동산중개법인(주)쉼터","서울특별시 서초구 서초대로 355 (서초메이플라워맴버스빌)","서울특별시 서초구 서초동 1688-6","","6","주말, 공휴일 미운영","127.0201270","37.4960430","201779.83283610","544065.13821763"
"2026","1171054000","특정계층이용시설","회원이용시설","산성경로당","서울특별시 송파구 성내천로55길 16 (마천동)","서울특별시 송파구 마천동 271-36","164.48","32","누구나 무더위쉼터 이용가능에 동의","127.1582508","37.4923515","213994.82912059","543667.00309172"
"2026","1171054000","특정계층이용시설","회원이용시설","송파파크데일2단지경로당","서울특별시 송파구 성내천로47길 38 (마천동, 송파파크데일2단지)","서울특별시 송파구 마천동 607","154.44","24","누구나 무더위쉼터 이용가능에 동의","127.1590340","37.4960267","214063.40191492","544075.01938314"
"2026","1171054000","특정계층이용시설","회원이용시설","송파파크데일1단지경로당","서울특별시 송파구 마천동 성내천로37길  37   (마천동, 송파파크데일1단지)","서울특별시 송파구 마천동 582","149.66","28","누구나 무더위쉼터 이용가능에 동의","127.1581012","37.4987867","213980.39967047","544381.20481472"
"2026","1171054000","특정계층이용시설","회원이용시설","신마천경로당","서울특별시 송파구 성내천로43마길 11-1 (신마천경로당)","서울특별시 송파구 마천동 359-2","108.58","66","누구나 무더위쉼터 이용가능에 동의","127.1562690","37.4965470","213818.79649396","544132.35643329"
"2026","1171054000","공공시설","공공청사","마천1동주민센터","서울특별시 송파구 마천로 303 (마천1동주민센터)","서울특별시 송파구 마천동 128-10","939.97","20","","127.1498890","37.4959620","213254.71904790","544066.51145916"
"2026","1171055000","공공시설","기타","송파안전체험교육관","서울특별시 송파구 성내천로35길 53 (송파안전체험교육관)","서울특별시 송파구 마천동 산 2","","","","127.1572920","37.5006680","213908.49562481","544589.88503481"
"2026","1171055000","공공시설","복지?문화?체육시설","마천종합사회복지관","서울특별시 송파구 마천로 251 (대산빌딩)","서울특별시 송파구 마천동 33","","","","127.1453660","37.4990430","212854.22076636","544407.83535488"
"2026","1171055000","특정계층이용시설","회원이용시설","신동아아파트경로당","서울특별시 송파구 성내천로21길 11 (신동아 아파트 101동)","서울특별시 송파구 마천동 20","40.00","17","누구나 무더위쉼터 이용가능에 동의","127.1447790","37.5004210","212802.07906358","544560.69560628"
"2026","1171055000","특정계층이용시설","회원이용시설","아남경로당(마천)","서울특별시 송파구 마천로35길 18 (아남아파트 아남경로당)","서울특별시 송파구 마천동 9","26.85","19","누구나 무더위쉼터 이용가능에 동의","127.1459920","37.5005250","212909.32071079","544572.40395516"
"2026","1171055000","특정계층이용시설","회원이용시설","우방(아)경로당","서울특별시 송파구 성내천로 211 (우방아파트 노인정관리사무실)","서울특별시 송파구 마천동 576","50.00","29","누구나 무더위쉼터 이용가능에 동의","127.1520360","37.5001680","213443.82483140","544533.62771261"
"2026","1171055000","특정계층이용시설","회원이용시설","금호어울림1차경로당","서울특별시 송파구 성내천로 245 (마천금호어울림1차아파트)","서울특별시 송파구 마천동 575","42.64","21","폭염특보 발효시 연장운영, 누구나 무더위쉼터 이용가능에 동의","127.1547830","37.4982400","213687.08111101","544320.04045718"
"2026","1171055000","특정계층이용시설","회원이용시설","마천제2경로당","서울특별시 송파구 성내천로30길 13","서울특별시 송파구 마천동 83-17","47.26","18","폭염특보 발효시 연장운영, 누구나 무더위쉼터 이용가능에 동의","127.1507500","37.4988170","213330.35002402","544383.50118761"
"2026","1171055000","특정계층이용시설","회원이용시설","용마경로당","서울특별시 송파구 거마로22길 11-8","서울특별시 송파구 마천동 122-33","59.74","19","누구나 무더위쉼터 이용가능에 동의","127.1487591","37.4990011","213154.26857848","544403.65380585"
"2026","1171055000","특정계층이용시설","회원이용시설","마천경로당","서울특별시 송파구 성내천로38길 4 (마천경로당)","서울특별시 송파구 마천동 200-35","105.54","16","누구나 무더위쉼터 이용가능에 동의","127.1536450","37.4978030","213586.52967167","544271.37421503"
"2026","1174055000","생활밀착민간시설","금융기관","강동농협고덕동지점","서울특별시 강동구 아리수로50길 50 (래미안힐스테이트고덕 상가동)","서울특별시 강동구 고덕동 688","","20","","127.1512570","37.5582240","213364.57932138","550977.01791153"
"2026","1174055000","특정계층이용시설","회원이용시설","래미안힐스테이트고덕(여)경로당","서울특별시 강동구 아리수로50길 50 (래미안힐스테이트고덕 217동)","서울특별시 강동구 고덕동 688","307.25","93","특정계층 이용시설(회원만 이용)","127.1482340","37.5594360","213097.26451689","551111.11012846"
"2026","1174055000","특정계층이용시설","회원이용시설","래미안힐스테이트고덕(남)경로당","서울특별시 강동구 아리수로50길 50 (래미안힐스테이트고덕 217동)","서울특별시 강동구 고덕동 688","322.86","98","특정계층 이용시설(회원만 이용)","127.1479600","37.5591130","213073.11157466","551075.22277849"
"2026","1174055000","특정계층이용시설","회원이용시설","고덕현대(아)경로당","서울특별시 강동구 고덕로61길 37 (현대아파트 노인정)","서울특별시 강동구 고덕동 312","81.00","25","특정계층 이용시설(회원만 이용)","127.1519860","37.5561040","213429.37190005","550741.82679861"
"2026","1174055000","특정계층이용시설","회원이용시설","고덕아이파크(아)경로당","서울특별시 강동구 동남로79길 26 (고덕아이파크 상가동)","서울특별시 강동구 고덕동 499","243.80","74","특정계층 이용시설(회원만 이용)","127.1555880","37.5586460","213747.17518503","551024.47957265"
"2026","1174055000","특정계층이용시설","회원이용시설","고덕아남(아)경로당","서울특별시 강동구 양재대로 1706 (아남아파트)","서울특별시 강동구 고덕동 486","149.00","45","특정계층 이용시설(회원만 이용)","127.1454840","37.5578140","212854.56585504","550930.70756723"
"2026","1174055000","공공시설","복지?문화?체육시설","서울장애인종합복지관","서울특별시 강동구 고덕로 201","서울특별시 강동구 고덕동 317-24","100.00","30"," 시설 운영시간 내 쉼터 운영(공휴일 등 미운영)","127.1482717","37.5558075","213101.23078199","550708.39463044"
"2026","1174055000","특정계층이용시설","회원이용시설","고일경로당","서울특별시 강동구 아리수로64길 29 (고일경로당)","서울특별시 강동구 고덕동 536","101.20","31","특정계층 이용시설(회원만 이용)","127.1537770","37.5608650","213586.75894102","551270.49920486"
"2026","1174055000","공공시설","공공청사","고덕1동주민센터","서울특별시 강동구 양재대로156길 123","서울특별시 강동구 고덕동 691-6","226.00","68","폭염특보 발령시 주말, 휴일 운영","127.1515066","37.5572811","213386.80186574","550872.40263248"
"2026","1174055000","특정계층이용시설","회원이용시설","성가정노인종합복지관","서울특별시 강동구 양재대로156길 28","서울특별시 강동구 고덕동 317-25","776.40","235","","127.1465070","37.5560650","212945.25793118","550736.72959456"
"2026","1174055000","생활밀착민간시설","기타","고덕대우아파트관리사무소","서울특별시 강동구 양재대로 1716 (대우아파트 상가동)","서울특별시 강동구 고덕동 470","19.80","6","","127.1453610","37.5589280","212843.50669712","551054.33164039"
"2026","1174056000","공공시설","공공청사","강동구청고덕별관","서울특별시 강동구 동남로 930 (강동구청 고덕별관)","서울특별시 강동구 고덕동 302","","","시설 운영시간 내 쉼터 운영(공휴일 등 미운영)","127.1569950","37.5570140","213871.79507340","550843.55348878"
"2026","1174056000","특정계층이용시설","회원이용시설","고덕그라시움제2경로당","서울특별시 강동구 고덕로 333 (고덕그라시움 153동)","서울특별시 강동구 고덕동 694","260.45","79","특정계층 이용시설이나 관리주체(회원) 동의로 일반인 이용 가능","127.1656050","37.5581780","214632.33206839","550974.04929088"
"2026","1174056000","특정계층이용시설","회원이용시설","고덕그라시움제1경로당","서울특별시 강동구 고덕로 333","서울특별시 강동구 고덕동 693","559.98","69","특정계층 이용시설이나 관리주체(회원) 동의로 일반인 이용 가능","127.1628020","37.5584390","214384.61753841","551002.58456558"
"2026","1174056000","공공시설","복지?문화?체육시설","온조대왕문화체육관","서울특별시 강동구 고덕로 285 (고덕동)","서울특별시 강동구 고덕동 296","1,000.00","333","시설 운영시간 내 쉼터 운영(공휴일 등 미운영)","127.1574381","37.5567366","213910.99818382","550812.83084139"
"2026","1174056000","특정계층이용시설","회원이용시설","고덕2동경로당","서울특별시 강동구 상일로21길 14-7","서울특별시 강동구 고덕동 178","102.56","31","특정계층 이용시설이나 관리주체(회원) 동의로 일반인 이용 가능","127.1694942","37.5600389","214975.59724424","551181.19992783"
"2026","1147051000","특정계층이용시설","회원이용시설","오목(구립)경로당","서울특별시 양천구 오목로 313 (구립목1동노인정)","서울특별시 양천구 목동 406-317","153.20","20","","126.8722610","37.5252290","188708.42117202","547311.88837287"
"2026","1147051000","공공시설","공공청사","목1동주민센터","서울특별시 양천구 목동서로 190","서울특별시 양천구 목동 919-5","230.00","50","","126.8713620","37.5303370","188629.72874325","547878.92149875"
"2026","1147052000","특정계층이용시설","회원이용시설","목동e편한세상아파트경로당(사립)","서울특별시 양천구 목동중앙로7길 32 (이편한세상 관리동)","서울특별시 양천구 목동 950","60.91","21","","126.8707970","37.5395410","188581.19199584","548900.52137282"
"2026","1147052000","특정계층이용시설","회원이용시설","금호베스트빌아파트경로당(사립)","서울특별시 양천구 목동중앙북로8길 111 (금호베스트빌아파트 경비실)","서울특별시 양천구 목동 551-2","151.80","36","","126.8672360","37.5450030","188267.33084552","549507.17572233"
"2026","1147052000","특정계층이용시설","회원이용시설","월드메르디앙아파트경로당(사립)","서울특별시 양천구 목동중앙본로 34 (월드아파트)","서울특별시 양천구 목동 750-5","70.00","38","","126.8702850","37.5393190","188535.90803403","548875.94436618"
"2026","1147052000","특정계층이용시설","회원이용시설","극동늘푸른아파트경로당(사립)","서울특별시 양천구 목동중앙본로 10 (극동늘푸른아파트 노인정)","서울특별시 양천구 목동 752-1","73.80","28","","126.8725620","37.5380900","188736.96242336","548739.26515263"
"2026","1147052000","특정계층이용시설","회원이용시설","건영아파트경로당(사립)","서울특별시 양천구 목동중앙본로22길 63 (건영아파트 노인정)","서울특별시 양천구 목동 928","69.75","36","","126.8727950","37.5423520","188758.19499972","549212.26755445"
"2026","1147052000","특정계층이용시설","회원이용시설","목동우성아파트경로당(사립)","서울특별시 양천구 목동중앙로 143 (목동1차우성아파트 상가동)","서울특별시 양천구 목동 200","86.14","30","","126.8757520","37.5415540","189019.40441722","549123.34978969"
"2026","1147052000","특정계층이용시설","회원이용시설","달거리경로당(사립)","서울특별시 양천구 목동중앙북로20길 17","서울특별시 양천구 목동 523-50","20.50","20","","126.8759390","37.5454340","189036.49901247","549553.96111294"
"2026","1147052000","생활밀착민간시설","금융기관","목동새마을금고","서울특별시 양천구 목동중앙본로 114 (목동)","서울특별시 양천구 목동 530-15","164.00","20","","126.8713403","37.5456406","188630.13455582","549577.43740438"
"2026","1147052000","공공시설","복지?문화?체육시설","목동문화체육센터","서울특별시 양천구 목동중앙본로 73 (목동문화체육센터)","서울특별시 양천구 목동 946-1","678.00","80","","126.8691250","37.5428330","188433.93108972","549266.09784967"
"2026","1147052000","공공시설","공공청사","목2동주민센터","서울특별시 양천구 목동 목동중앙본로  120 ,  목2동주민센터 (목동)","서울특별시 양천구 목동 530-6","600.00","100","","126.8717000","37.5461000","188661.99141742","549628.38184186"
"2026","1147052000","특정계층이용시설","회원이용시설","용왕(구립목2동)경로당","서울특별시 양천구 목동중앙로13나길 2 (목동)","서울특별시 양천구 목동 517-12","94.68","35","","126.8797812","37.5462425","189376.15623178","549643.25379365"
"2026","1147052000","특정계층이용시설","회원이용시설","새말(구립)경로당","서울특별시 양천구 목동 목동중앙본로2길  13-11,  경로당 (목동)","서울특별시 양천구 목동 230-32","132.82","45","","126.8701000","37.5398000","188519.63164469","548929.35209518"
"2026","1147052000","특정계층이용시설","회원이용시설","양화(구립)경로당","서울특별시 양천구 목동 목동중앙북로16길  34-4,  경로당 (목동)","서울특별시 양천구 목동 535-17","93.15","23","","126.8736000","37.5447000","188829.68763302","549472.77126714"
"2026","1147052000","특정계층이용시설","회원이용시설","월촌(구립)경로당","서울특별시 양천구 목동 목동중앙본로28길  37 ,  경로당 (목동)","서울특별시 양천구 목동 545-23","68.12","30","","126.8725000","37.5433000","188732.26689026","549317.51940846"
"2026","1147052000","공공시설","복지?문화?체육시설","목동종합사회복지관","서울특별시 양천구 목동중앙북로8길 104 (목동종합사회복지회관)","서울특별시 양천구 목동 552-1","800.00","30","","126.8663480","37.5442940","188188.74428816","549428.59644196"
"2026","1135058000","특정계층이용시설","회원이용시설","삼미아파트경로당","서울특별시 노원구 마들로 111 (월계미륭아파트,월계삼호아파트 노인정 및 독서실)","서울특별시 노원구 월계동 13","","","20동 앞 / 주말 및 공휴일 미운영","127.0635710","37.6238830","205611.99420090","558255.57575426"
"2026","1135058000","야외시설","정자?파고라 등","중랑천야외쉼터1(한천교)","","서울특별시 노원구 월계동 195-9","10.00","5","2025. 7. 23. ~ 8. 25. 힐링냉장고 운영 예정","127.0688868","37.6244210","206081.22476455","558315.61919642"
"2026","1135058000","특정계층이용시설","기타","노원1종합사회복지관","서울특별시 노원구 월계로 372 (월계동, 월계사슴1단지아파트)","서울특별시 노원구 월계동 321","120.00","10","2층 아름인도서관 / 상시 개방 : 평일 09~18시 / 폭염특보 발효 시 : 평일 18~20시, 주말 및 공휴일 09~17시 운영","127.0600230","37.6301648","205298.33380329","558952.58302725"
"2026","1135058000","공공시설","공공청사","월계3동주민센터","서울특별시 노원구 마들로 57 (월계3동주민센터)","서울특별시 노원구 월계동 15-1","184.00","20","","127.0692650","37.6209640","206114.89486292","557931.95351733"
"2026","1135058000","특정계층이용시설","회원이용시설","사슴1단지경로당","서울특별시 노원구 월계로 372 (월계사슴1단지아파트)","서울특별시 노원구 월계동 321","138.00","78","노원1종합사회복지관 1층 / 주말 및 공휴일 미운영","127.0605100","37.6300480","205341.33049698","558939.64706103"
"2026","1135058000","특정계층이용시설","회원이용시설","사슴2단지경로당","서울특별시 노원구 월계로55길 16 (월계사슴2단지아파트)","서울특별시 노원구 월계동 320-9","149.00","60","아파트  관리사무소 1층 (정문 왼쪽) / 주말 및 공휴일 미운영","127.0603400","37.6324930","205326.14978305","559211.00679108"
"2026","1135059500","공공시설","복지?문화?체육시설","공덕골아름드리","서울특별시 노원구 동일로186길 3-24 (공릉1동주민센터)","서울특별시 노원구 공릉동 499-25","","","","127.0738420","37.6248290","206518.62691945","558361.23549582"
"2026","1135059500","공공시설","복지?문화?체육시설","공릉행복발전소","서울특별시 노원구 동일로179길 22 (공릉행복발전소)","서울특별시 노원구 공릉동 569-21","","","","127.0728040","37.6220550","206427.23313033","558053.27934951"
"2026","1135059500","특정계층이용시설","회원이용시설","다운복지관","서울특별시 노원구 화랑로 478 (다운복지관)","서울특별시 노원구 공릉동 656-3","","","1층 로비 / 상시 개방 : 평일 09~18시","127.0802910","37.6189570","207088.48960186","557709.97344498"
"2026","1135059500","특정계층이용시설","회원이용시설","공릉1동현대아파트경로당","서울특별시 노원구 동일로176길 39-12  (공릉동, 현대아파트)","서울특별시 노원구 공릉동 590-1","","","101동 1층 / 주말 및 공휴일 미운영","127.0772159","37.6211533","206816.80387239","557953.51152140"
"2026","1135059500","특정계층이용시설","회원이용시설","신도2차브래뉴아파트경로당","서울특별시 노원구 동일로193길 7  (공릉동, 공릉2차 신도 브래뉴 아파트)","서울특별시 노원구 공릉동 749","","","207호 / 주말 및 공휴일 미운영","127.0718890","37.6258504","206346.13305063","558474.46623670"
"2026","1135059500","특정계층이용시설","회원이용시설","대아아파트경로당","서울특별시 노원구 동일로183길 34 (대아아파트)","서울특별시 노원구 공릉동 492-1","31.00","30","관리사무소 / 주말 및 공휴일 미운영","127.0714290","37.6233360","206305.73809774","558195.36346588"
"2026","1135059500","특정계층이용시설","회원이용시설","공릉동신도1차아파트경로당","서울특별시 노원구 동일로191가길 59 (공릉동 신도1차아파트 관리사무소/경로당)","서울특별시 노원구 공릉동 748","","","관리사무소 1층 / 주말 및 공휴일 미운영","127.0697050","37.6275690","206153.19475325","558665.06726001"
"2026","1135059500","특정계층이용시설","회원이용시설","공릉풍림아파트경로당","서울특별시 노원구 섬밭로 139 (공릉풍림아파트 관리사무소)","서울특별시 노원구 공릉동 707-3","","","관리사무소 건물 2층 / 주말 및 공휴일 미운영","127.0679210","37.6293220","205995.57167739","558859.51634029"
"2026","1135058000","특정계층이용시설","회원이용시설","서광아파트경로당","서울특별시 노원구 마들로1길 44 (서광아파트)","서울특별시 노원구 월계동 922","","","관리사무소 2층 / 주말 및 공휴일 미운영","127.0651480","37.6227760","205751.29572909","558132.80597701"
"2026","1135058000","특정계층이용시설","회원이용시설","월천아파트경로당","서울특별시 노원구 마들로 127 (월계삼호아파트)","서울특별시 노원구 월계동 12","","","관리사무소 1층 (36동 옆, 31동 뒤) / 주말 및 공휴일 미운영","127.0659090","37.6262210","205818.20865631","558515.21137143"
"2026","1135071000","특정계층이용시설","회원이용시설","상계주공12단지경로당","서울특별시 노원구 한글비석로 530 (상계주공12단지아파트 1213동)","서울특별시 노원구 상계동 647","","","관리사무소 1층 / 주말 및 공휴일 미운영","127.0591620","37.6660900","205219.81700665","562939.86710478"
"2026","1135071000","야외시설","공원","수락산무장애숲길야외쉼터2(종달새어린이공원)","","서울특별시 노원구 상계동 636","10.00","5","2025. 7. 23. ~ 8. 25. 힐링냉장고 운영 예정","127.0620131","37.6680619","205471.22260369","563158.89122891"
"2026","1135071000","공공시설","공공청사","상계9동주민센터","서울특별시 노원구 한글비석로 487 (상계동)","서울특별시 노원구 상계동 682","238.00","20","","127.0638853","37.6644992","205636.67041218","562763.57738100"
"2026","1135072000","특정계층이용시설","회원이용시설","대림아파트경로당","서울특별시 노원구 동일로221길 22 (대림아파트 5동)","서울특별시 노원구 상계동 695","","","3동 앞 / 주말 및 공휴일 미운영","127.0578210","37.6596440","205101.94276741","562224.35097666"
"2026","1135072000","특정계층이용시설","회원이용시설","포레나노원아파트경로당","서울특별시 노원구 노원로38길 76 (포레나노원 101동)","서울특별시 노원구 상계동 679","","","107동 1층 / 주말 및 공휴일 미운영","127.0627130","37.6647690","205533.21705313","562793.45270164"
"2026","1135072000","특정계층이용시설","회원이용시설","임광아파트경로당","서울특별시 노원구 노원로 569 (임광아파트)","서울특별시 노원구 상계동 694","","","1동 뒤 / 주말 및 공휴일 미운영","127.0568700","37.6606570","205017.96133475","562336.73260416"
"2026","1135072000","특정계층이용시설","회원이용시설","주공9단지경로당","서울특별시 노원구 노원로 532 (상계주공9단지아파트 경로당)","서울특별시 노원구 상계동 670","","","911동과 917동 사이 / 주말 및 공휴일 미운영","127.0598840","37.6629450","205283.74143417","562590.84351068"
"2026","1135072000","특정계층이용시설","회원이용시설","주공7단지경로당","서울특별시 노원구 동일로 1456 (상계주공7단지아파트 경로당)","서울특별시 노원구 상계동 692-2","","","710동과 713동 사이 / 주말 및 공휴일 미운영","127.0599910","37.6585120","205293.49711701","562098.83051156"
"2026","1135072000","공공시설","공공청사","상계10동주민센터","서울특별시 노원구 노원로 530 (상계동)","서울특별시 노원구 상계동 671","237.59","20","","127.0602670","37.6612803","205317.65340033","562406.09992735"
"2026","1138051000","공공시설","기타","산골마을모아센터","서울특별시 은평구 통일로 578-27","서울특별시 은평구 녹번동 71-19","83.00","5","","126.9384670","37.5989590","194566.10560414","555489.16219603"
"2026","1138051000","공공시설","공공청사","은평구청","서울특별시 은평구 은평로 195 (은평구청)","서울특별시 은평구 녹번동 84","","","특보 발효 시, 추가운영(24시간)","126.9293880","37.6025750","193764.65332322","555891.06237417"
"2026","1138051000","특정계층이용시설","회원이용시설","힐스테이트녹번아파트골든라운지경로당","서울특별시 은평구 통일로 610 (힐스테이트녹번 106동)","서울특별시 은평구 녹번동 282","","","※ 경로당 실제 운영시간에 맞춰 탄력적 운영 가능","126.9366810","37.6017680","194408.59661291","555801.03498971"
"2026","1138051000","특정계층이용시설","회원이용시설","해주드림빌아파트경로당","서울특별시 은평구 응암로 366 (해주 드림빌 101동)","서울특별시 은평구 녹번동 279-1","","","※ 경로당 실제 운영시간에 맞춰 탄력적 운영 가능","126.9230970","37.6039120","193209.25211631","556039.89103726"
"2026","1138051000","특정계층이용시설","회원이용시설","북한산푸르지오아파트경로당(320동)","서울특별시 은평구 통일로 660 (북한산 푸르지오 320동)","서울특별시 은평구 녹번동 281","","","※ 경로당 실제 운영시간에 맞춰 탄력적 운영 가능","126.9365090","37.6064210","194393.75730105","556317.47713672"
"2026","1138051000","특정계층이용시설","회원이용시설","래미안베라힐즈아파트경로당","서울특별시 은평구 통일로 630 (래미안베라힐즈 215동)","서울특별시 은평구 녹번동 283","","","※ 경로당 실제 운영시간에 맞춰 탄력적 운영 가능","126.9364720","37.6038880","194390.29999430","556036.34411853"
"2026","1138051000","특정계층이용시설","회원이용시설","녹번현대녹색아파트경로당","서울특별시 은평구 녹번로 40 (현대 아파트)","서울특별시 은평구 녹번동 100-55","","10","※ 경로당 실제 운영시간에 맞춰 탄력적 운영 가능","126.9292910","37.6048240","193756.27577147","556140.68310947"
"2026","1141052000","특정계층이용시설","회원이용시설","서대문센트레빌제2경로당","서울특별시 서대문구 독립문로14길 33","서울특별시 서대문구 냉천동 261-1","83.00","16","","126.9640900","37.5665550","196827.46273198","551891.51358193"
"2026","1141052000","공공시설","복지?문화?체육시설","이진아기념도서관","서울특별시 서대문구 독립문공원길 80 (현저동)","서울특별시 서대문구 현저동 101","83.00","10","","126.9563019","37.5740301","196139.79400072","552721.45417116"
"2026","1141055500","특정계층이용시설","회원이용시설","푸르지오아파트1단지경로당","서울특별시 서대문구 북아현로1길 50 (신촌푸르지오 104동)","서울특별시 서대문구 북아현동 1011","83.00","18","","126.9518790","37.5605090","195748.31506574","551220.96097711"
"2026","1141055500","특정계층이용시설","회원이용시설","두산A경로당","서울특별시 서대문구 이화여대8길 62 (두산아파트 104동)","서울특별시 서대문구 북아현동 1009","152.00","16","","126.9502780","37.5592160","195606.78431578","551077.52689362"
"2026","1141055500","특정계층이용시설","회원이용시설","동심경로당","서울특별시 서대문구 신촌로27길 47 (북아현동)","서울특별시 서대문구 북아현동 251-292","38.00","13","","126.9487971","37.5573979","195475.82861920","550875.80959243"
"2026","1141055500","공공시설","공공청사","북아현동주민센터","서울특별시 서대문구 북아현로 24 (북아현동)","서울특별시 서대문구 북아현동 129-37","","","폭염특보 발효시 평일 09~22시 운영 주말 및 공휴일 09시~19시 운영","126.9569755","37.5594531","196198.55782712","551103.55022716"
"2026","1141055500","공공시설","복지?문화?체육시설","서대문장애인종합복지관","서울특별시 서대문구 북아현로 24","서울특별시 서대문구 북아현동 129-37","1,256.80","30","","126.9570582","37.5595004","196205.86720840","551108.79662584"
"2026","1141056500","특정계층이용시설","기타","시립브릿지종합지원센터","서울특별시 서대문구 서소문로 57-1 (서울특별시립브릿지종합지원센터)","서울특별시 서대문구 합동 13","75.80","150","","126.9676920","37.5618840","197145.51006447","551372.97195928"
"2026","1141056500","공공시설","복지?문화?체육시설","북아현문화체육센터","서울특별시 서대문구 북아현로 51","서울특별시 서대문구 북아현동 1012-2","5,307.00","2789","토요일 : 6시~19시 50분 일요일 : 8시~ 19시50분","126.9554330","37.5618580","196062.39634937","551370.52922509"
"2026","1141056500","특정계층이용시설","회원이용시설","힐스테이트신촌경로당","서울특별시 서대문구 이화여대8길 123 (힐스테이트 신촌 109동)","서울특별시 서대문구 북아현동 1017","","29","","126.9509110","37.5624480","195662.90074708","551436.21133655"
"2026","1141056500","특정계층이용시설","회원이용시설","미근경로당(구충정로동분회)","서울특별시 서대문구 충정로6길 27 (미근동)","서울특별시 서대문구 미근동 60-42","125.00","25","","126.9662797","37.5626561","197020.76068567","551458.70979098"
"2026","1141056500","특정계층이용시설","회원이용시설","능안경로당","서울특별시 서대문구 북아현로18길 47 (북아현동)","서울특별시 서대문구 북아현동 1-251","199.00","38","","126.9565558","37.5637810","196161.69714355","551583.91314103"
"2026","1141056500","공공시설","공공청사","충현동주민센터","서울특별시 서대문구  북아현로22길  38 , 충현동주민센터 (북아현동)","서울특별시 서대문구 북아현동 1-90","","","폭염특보 발효시 평일 09~22시 운영 주말 및 공휴일 09시~19시 운영","126.9547205","37.5648082","195999.60297889","551697.99681692"
"2026","1141056500","공공시설","공공청사","충현동자치회관","서울특별시 서대문구  경기대로  40 , 충현동 자치회관 (충정로3가)","서울특별시 서대문구 충정로3가 185-2","0.00","9","","126.9623487","37.5629513","196673.46402575","551491.60538817"
"2026","1141058500","특정계층이용시설","회원이용시설","럭키A경로당","서울특별시 서대문구 이화여대길 50-12 (신촌럭키아파트 105동)","서울특별시 서대문구 대현동 144","93.00","18","","126.9474050","37.5594710","195352.95458023","551105.96704065"
"2026","1147053000","공공시설","공공청사","목동보건지소","서울특별시 양천구 목동중앙본로7가길 11 (목동보건지소)","서울특별시 양천구 목동 717-28","127.00","20","","126.8669860","37.5400850","188244.46558394","548961.36837727"
"2026","1147053000","공공시설","공공청사","목3동주민센터","서울특별시 양천구 목동중앙남로16나길 55 (목동)","서울특별시 양천구 목동 642-1","64.00","20","","126.8645000","37.5447000","188025.49546410","549473.89130268"
"2026","1147053000","특정계층이용시설","회원이용시설","한두(구립)경로당","서울특별시 양천구 목동중앙북로7가길 37 (구립한두경로당)","서울특별시 양천구 목동 611-1","106.30","30","","126.8654720","37.5492230","188112.11209322","549975.76668376"
"2026","1147053000","특정계층이용시설","회원이용시설","백석(구립)경로당","서울특별시 양천구 목동중앙북로8길 76 (목동)","서울특별시 양천구 목동 646-23","102.42","30","","126.8649271","37.5453238","188063.33893653","549543.07128656"
"2026","1147053000","특정계층이용시설","회원이용시설","나말(구립)경로당","서울특별시 양천구 목동중앙본로7가길 57-5","서울특별시 양천구 목동 318-159","94.68","25","","126.8664100","37.5421080","188193.87872135","549185.96904239"
"2026","1147054000","특정계층이용시설","회원이용시설","세종그랑시아아파트경로당(사립)","서울특별시 양천구 목동중앙남로3가길 59 (세종그랑시아 아파트 103동)","서울특별시 양천구 목동 722-5","86.48","16","","126.8639600","37.5382370","187976.73637438","548756.64541927"
"2026","1147054000","공공시설","복지?문화?체육시설","미감도서관","서울특별시 양천구 목동중앙남로 57-10","서울특별시 양천구 목동 723-8","266.76","18","일요일 휴무","126.8654614","37.5389764","188109.54811546","548838.51892531"
"2026","1147054000","공공시설","공공청사","목4동주민센터","서울특별시 양천구 목동 목동중앙로  25 ,  목4동주민센터 (목동)","서울특별시 양천구 목동 904-19","737.00","63","","126.8684000","37.5324000","188368.23878137","548108.25133512"
"2026","1147054000","특정계층이용시설","회원이용시설","마장(목4동구립)경로당","서울특별시 양천구 목동중앙서로8길 23","서울특별시 양천구 목동 803-1","143.22","36","","126.8663000","37.5316000","188182.49926068","548019.72295559"
"2026","1147054000","특정계층이용시설","회원이용시설","청산(구립)경로당","서울특별시 양천구 목동중앙남로3가길 68","서울특별시 양천구 목동 724-1","94.68","24","","126.8645000","37.5387000","188024.53583565","548807.96388433"
"2026","1147054000","특정계층이용시설","회원이용시설","정목(구립)경로당","서울특별시 양천구 목동중앙남로4길 20","서울특별시 양천구 목동 767-1","94.68","23","","126.8683000","37.5369000","188360.09947732","548607.70865379"
"2026","1147054000","특정계층이용시설","회원이용시설","목동어르신복지관","서울특별시 양천구 목동중앙로3길 21","서울특별시 양천구 목동 765-1","82.50","20","","126.8692630","37.5364980","188445.14928905","548562.97279566"
"2026","1147055000","특정계층이용시설","회원이용시설","목동한신청구아파트경로당(사립)","서울특별시 양천구 목동서로2길 22 (한신청구아파트 노인정)","서울특별시 양천구 목동 929","120.96","16","","126.8803130","37.5421940","189422.57991829","549193.85918951"
"2026","1147055000","특정계층이용시설","회원이용시설","한신아파트경로당(사립)","서울특별시 양천구 목동서로2길 22 (한신청구아파트 노인정)","서울특별시 양천구 목동 929","122.64","24","","126.8830530","37.5416160","189664.64958472","549129.40349136"
"2026","1147055000","특정계층이용시설","회원이용시설","목동트윈빌경로당(사립)","서울특별시 양천구 목동동로 339 (목동트윈빌)","서울특별시 양천구 목동 905-22","97.85","21","3층","126.8769500","37.5323320","189123.94015027","548099.68107870"
"2026","1147053000","공공시설","복지?문화?체육시설","목동시니어스마트교육센터","서울특별시 양천구 등촌로 208","서울특별시 양천구 목동 614-3","405.00","30","","126.8636540","37.5483170","187951.31427226","549875.44295998"
"2026","1147053000","특정계층이용시설","회원이용시설","목동2차성원아파트경로당(사립)","서울특별시 양천구 목동중앙남로 100 (성원아파트)","서울특별시 양천구 목동 709-2","91.31","28","","126.8634710","37.5427550","187934.24642676","549258.15130297"
"2026","1135059500","특정계층이용시설","회원이용시설","신원아파트경로당","서울특별시 노원구 동일로192나길 26 (신원아파트 경비실)","서울특별시 노원구 공릉동 370-4","","","101동 111호 우측 / 주말 및 공휴일 미운영","127.0752620","37.6276820","206643.72781416","558677.98794683"
"2026","1135059500","특정계층이용시설","회원이용시설","대동2차아파트경로당","서울특별시 노원구 동일로195길 39 (공릉동2차대동아파트)","서울특별시 노원구 공릉동 380-1","","","관리사무소 / 주말 및 공휴일 미운영","127.0700710","37.6266710","206185.57775054","558565.42279079"
"2026","1135059500","특정계층이용시설","회원이용시설","공릉우성아파트경로당","서울특별시 노원구 동일로198길 24 (공릉우성아파트 관리사무소.경로당)","서울특별시 노원구 공릉동 738","","","관리사무소 / 주말 및 공휴일 미운영","127.0726290","37.6285730","206411.22405496","558776.69642917"
"2026","1135059500","특정계층이용시설","회원이용시설","공릉4단지경로당","서울특별시 노원구 동일로198가길 13 (공릉삼익4단지아파트 관리사무소.경로당)","서울특별시 노원구 공릉동 714","","","관리사무소 / 주말 및 공휴일 미운영","127.0720630","37.6298310","206361.15396535","558916.28269600"
"2026","1135059500","특정계층이용시설","회원이용시설","공릉3단지경로당","서울특별시 노원구 섬밭로 123 (공릉3단지아파트)","서울특별시 노원구 공릉동 715","","","관리사무소 / 주말 및 공휴일 미운영","127.0686890","37.6272260","206063.53541195","558626.93174563"
"2026","1135059500","특정계층이용시설","회원이용시설","공릉2단지경로당","서울특별시 노원구 동일로198가길 149 (공릉2단지아파트)","서울특별시 노원구 공릉동 707","","","201동 맞은편 / 주말 및 공휴일 미운영","127.0669310","37.6304290","205908.09403872","558982.31893151"
"2026","1135059500","특정계층이용시설","회원이용시설","공릉1동대동아파트경로당","서울특별시 노원구 동일로175길 38 (대동아파트 101동)","서울특별시 노원구 공릉동 604-11","","","","127.0724730","37.6198100","206398.20440338","557804.08566934"
"2026","1135059500","특정계층이용시설","회원이용시설","공릉대주파크빌경로당","서울특별시 노원구 섬밭로 52 (대주파크빌 101동)","서울특별시 노원구 공릉동 751","","","","127.0721320","37.6212620","206367.97571645","557965.21898829"
"2026","1135059500","특정계층이용시설","회원이용시설","공릉1동삼익아파트경로당","서울특별시 노원구 섬밭로 17 (삼익아파트 경로당)","서울특별시 노원구 공릉동 690-2","","","관리사무소 / 주말 및 공휴일 미운영","127.0724510","37.6176960","206396.44325875","557569.45279475"
"2026","1135059500","야외시설","정자?파고라 등","경춘선야외쉼터2(공릉두산아파트인근인공폭포)","","서울특별시 노원구 공릉동 320-2","10.00","5","2025. 7. 23. ~ 8. 25. 힐링냉장고 운영 예정","127.0786858","37.6208941","206946.59428945","557924.85085425"
"2026","1135059500","특정계층이용시설","회원이용시설","공릉1단지아파트경로당","서울특별시 노원구 동일로 1127 (공릉동, 공릉1단지아파트)","서울특별시 노원구 공릉동 708","216.00","137","공릉종합사회복지관 구관 1층 / 주말 및 공휴일 미운영","127.0698881","37.6307171","206169.09765647","559014.48530059"
"2026","1135059500","특정계층이용시설","회원이용시설","공릉행복경로당","서울특별시 노원구 동일로192나길 16-15 (공릉동, 임성타운4차)","서울특별시 노원구 공릉동 370-15","116.00","41","2-201 / 주말 및 공휴일 미운영","127.0755824","37.6278387","206671.99701361","558695.40272730"
"2026","1135059500","공공시설","공공청사","공릉1동주민센터","서울특별시 노원구 동일로186길 3-24 (공릉동)","서울특별시 노원구 공릉동 499-25","537.00","20","","127.0738390","37.6247924","206518.36528127","558357.17307495"
"2026","1135059500","특정계층이용시설","회원이용시설","공릉1동경로당","서울특별시 노원구 동일로179길 22 (공릉동)","서울특별시 노원구 공릉동 569-21","108.00","28","공릉행복발전소 1층 / 주말 및 공휴일 미운영","127.0728600","37.6219861","206432.18282118","558045.63601889"
"2026","1135059500","특정계층이용시설","회원이용시설","한마음경로당","서울특별시 노원구 동일로178길 25-5 (공릉동)","서울특별시 노원구 공릉동 584-19","134.85","23","","127.0759311","37.6216313","206703.33572684","558006.47189530"
"2026","1135059500","특정계층이용시설","회원이용시설","공덕경로당","서울특별시 노원구 동일로184길 33 (공릉동)","서울특별시 노원구 공릉동 513-54","134.00","36","","127.0753920","37.6243485","206655.50073958","558308.01387161"
"2026","1138051000","특정계층이용시설","회원이용시설","대림아파트경로당(3동)","서울특별시 은평구 통일로 586 (대림아파트 1동)","서울특별시 은평구 녹번동 276","","10","※ 경로당 실제 운영시간에 맞춰 탄력적 운영 가능","126.9372390","37.6001480","194457.75080385","555621.19980031"
"2026","1138051000","특정계층이용시설","회원이용시설","녹번2차현대아파트경로당","서울특별시 은평구 서오릉로 46 (녹번2차현대아파트 노인정)","서울특별시 은평구 녹번동 278-1","","10","※ 경로당 실제 운영시간에 맞춰 탄력적 운영 가능","126.9245130","37.6050140","193334.38718734","556162.09948418"
"2026","1138051000","특정계층이용시설","회원이용시설","JR아파트경로당(105동)","서울특별시 은평구 통일로 586-19 (녹번JR아파트 (105동))","서울특별시 은평구 녹번동 280-1","","","※ 경로당 실제 운영시간에 맞춰 탄력적 운영 가능","126.9379400","37.6000340","194519.64580674","555608.50591931"
"2026","1138051000","특정계층이용시설","회원이용시설","어울누리녹번경로당","서울특별시 은평구 녹번로7길 36 (녹번동)","서울특별시 은평구 녹번동 104-34","218.00","30","※ 경로당 실제 운영시간에 맞춰 탄력적 운영 가능","126.9280000","37.6060000","193642.37836223","556271.29285868"
"2026","1138051000","특정계층이용시설","기타","우리장애인복지관","서울특별시 은평구 녹번로1길 13 (녹번동)","서울특별시 은평구 녹번동 173","60.00","10","","126.9266000","37.6048000","193518.65380729","556138.20172109"
"2026","1138051000","공공시설","공공청사","녹번동주민센터","서울특별시 은평구 은평로 195 (녹번동)","서울특별시 은평구 녹번동 87-1","277.00","84","","126.9299144","37.6022069","193811.10624482","555850.17250283"
"2026","1138051000","특정계층이용시설","회원이용시설","일심경로당","서울특별시 은평구 은평로21길 36-2","서울특별시 은평구 녹번동 91-6","86.00","15","※ 경로당 실제 운영시간에 맞춰 탄력적 운영 가능","126.9306860","37.6028950","193879.29859985","555926.49345147"
"2026","1138051000","특정계층이용시설","회원이용시설","녹색경로당","서울특별시 은평구 은평로11길 21","서울특별시 은평구 녹번동 160-9","176.00","35","※ 경로당 실제 운영시간에 맞춰 탄력적 운영 가능","126.9232910","37.6026590","193226.26924521","555900.80779658"
"2026","1138051000","공공시설","복지?문화?체육시설","녹번종합사회복지관","서울특별시 은평구 은평로21길 14-26","서울특별시 은평구 녹번동 산 28-6","36.00","12","","126.9317810","37.6026570","193975.97226813","555900.00725834"
"2026","1138052000","공공시설","복지?문화?체육시설","은평구립도서관","서울특별시 은평구 통일로78가길 13-84 (은평구립도서관)","서울특별시 은평구 불광동 산 59-32","85.20","18","","126.9280390","37.6189270","193646.92186246","557706.04733217"
"2026","1138052000","특정계층이용시설","회원이용시설","남해그린힐아파트경로당","서울특별시 은평구 불광로6길 20 (남해그린힐아파트)","서울특별시 은평구 불광동 632","","","※ 경로당 실제 운영시간에 맞춰 탄력적 운영 가능","126.9340330","37.6137710","194175.70016595","557133.39797019"
"2026","1138052000","특정계층이용시설","회원이용시설","북한산래미안아파트1단지경로당","서울특별시 은평구 진흥로 267 (북한산래미안아파트 102동)","서울특별시 은평구 불광동 638","","","※ 경로당 실제 운영시간에 맞춰 탄력적 운영 가능","126.9385540","37.6114930","194574.69884086","556880.29374485"
"2026","1138052000","특정계층이용시설","회원이용시설","대호프라자아파트경로당","서울특별시 은평구 불광로 90 (대호프라자아파트)","서울특별시 은평구 불광동 631-1","","","※ 경로당 실제 운영시간에 맞춰 탄력적 운영 가능","126.9327960","37.6148390","194066.56890585","557252.01191335"
"2026","1138052000","특정계층이용시설","회원이용시설","대호아파트경로당","서울특별시 은평구 불광로 98-8 (대호아파트)","서울특별시 은평구 불광동 629","","","※ 경로당 실제 운영시간에 맞춰 탄력적 운영 가능","126.9335050","37.6149420","194129.17451468","557263.39922601"
"2026","1138052000","특정계층이용시설","회원이용시설","삼익아파트경로당","서울특별시 은평구 불광로 153 (삼익아파트)","서울특별시 은평구 불광동 217-13","","","※ 경로당 실제 운영시간에 맞춰 탄력적 운영 가능","126.9314880","37.6203130","193951.52920901","557859.65067266"
"2026","1141058500","공공시설","복지?문화?체육시설","이화여자대학교종합사회복지관","서울특별시 서대문구 이화여대길 52 (대현동)","서울특별시 서대문구 대현동 33-107","1,201.00","15","","126.9456536","37.5597304","195198.22579548","551134.84540556"
"2026","1141058500","특정계층이용시설","회원이용시설","신촌경로당","서울특별시 서대문구  성산로24길  1-20, 신촌경로당 (신촌동)","서울특별시 서대문구 신촌동 1-219","181.00","36","","126.9480693","37.5676837","195412.15265206","552017.44757584"
"2026","1141058500","특정계층이용시설","회원이용시설","창천경로당","서울특별시 서대문구 신촌로11길 35-4 (창천동)","서울특별시 서대문구 창천동 67-9","193.00","40","","126.9332446","37.5584394","194101.72716828","550992.26600027"
"2026","1141058500","공공시설","공공청사","신촌동주민센터","서울특별시 서대문구 연세로2나길 47 (창천동)","서울특별시 서대문구 창천동 4-64","","","폭염특보 발효시 평일 09~22시 운영 주말 및 공휴일 09시~19시 운영","126.9393316","37.5577105","194639.50096147","550911.00218434"
"2026","1141061500","특정계층이용시설","기타","디딤센터","서울특별시 서대문구 연희로6길 7","서울특별시 서대문구 연희동 334-70","145.00","25","","126.9287740","37.5632630","193707.12629938","551527.91864032"
"2026","1141061500","공공시설","공공청사","서대문구청","서울특별시 서대문구 연희로 248  (연희동)","서울특별시 서대문구 연희동 168-6","","","평시 평일주말공휴일 09시~21시 폭염특보시 24시간운영 ","126.9368452","37.5791999","194421.41213047","553296.21980825"
"2026","1141061500","공공시설","복지?문화?체육시설","시립서대문청소년센터","서울특별시 서대문구 연희로32길 129 (시립서대문청소년센터)","서울특별시 서대문구 연희동 2","5,804.00","20","","126.9385830","37.5788850","194574.89259478","553261.16774767"
"2026","1141061500","특정계층이용시설","회원이용시설","대림A경로당","서울특별시 서대문구 연희로32길 20 (대림아파트 1동)","서울특별시 서대문구 연희동 700","60.00","12","","126.9358570","37.5755670","194333.84719254","552893.06877701"
"2026","1141061500","특정계층이용시설","회원이용시설","임광A경로당","서울특별시 서대문구 동교로 291 (연희동임광아파트 101동)","서울특별시 서대문구 연희동 738","165.00","33","","126.9270160","37.5649500","193551.95098508","551715.27501195"
"2026","1141061500","특정계층이용시설","회원이용시설","연희성원A경로당","서울특별시 서대문구 연희로32길 48 (연희동성원아파트 104동)","서울특별시 서대문구 연희동 740","75.00","15","","126.9392340","37.5766490","194632.23644451","553012.96002845"
"2026","1141061500","특정계층이용시설","회원이용시설","연희대우A경로당","서울특별시 서대문구 연희로 38-20 (연희 대우 아파트 104동)","서울특별시 서대문구 연희동 739","142.00","28","","126.9292800","37.5611910","193751.65876693","551297.91726543"
"2026","1141061500","특정계층이용시설","회원이용시설","연희노인복지관","서울특별시 서대문구 홍제천로2길 111 (연희동)","서울특별시 서대문구 연희동 519-127","","","","126.9235537","37.5722218","193246.71744381","552522.60331567"
"2026","1141061500","특정계층이용시설","회원이용시설","연서경로당","서울특별시 서대문구 홍제천로2길 111 (연희동)","서울특별시 서대문구 연희동 519-127","101.00","20","","126.9235601","37.5722170","193247.28238788","552522.07011129"
"2026","1141061500","특정계층이용시설","회원이용시설","홍연경로당","서울특별시 서대문구 홍연길 70 (연희동)","서울특별시 서대문구 연희동 715","152.00","30","","126.9305252","37.5763002","193862.91603013","552974.78043860"
"2026","1141061500","특정계층이용시설","회원이용시설","연산경로당","서울특별시 서대문구 연희로18안길 34-3 (연희동)","서울특별시 서대문구 연희동 51-14","123.00","24","","126.9356084","37.5673967","194311.26539065","551986.27525921"
"2026","1141061500","공공시설","공공청사","연희동주민센터","서울특별시 서대문구 연희로 189 (연희동)","서울특별시 서대문구 연희동 77-9","","","폭염특보 발효시 평일 09~22시 운영 주말 및 공휴일 09시~19시 운영","126.9352307","37.5738986","194278.39453946","552707.93357881"
"2026","1147055000","특정계층이용시설","회원이용시설","목동6단지아파트경로당(사립)","서울특별시 양천구 목동동로 430 (목동신시가지아파트6단지 관리동및상가)","서울특별시 양천구 목동 911","135.00","20","","126.8842190","37.5334210","189766.57661701","548219.73092649"
"2026","1147055000","특정계층이용시설","회원이용시설","목동5단지아파트경로당(사립)","서울특별시 양천구 목동동로 350 (목동신시가지아파트5단지 관리동)","서울특별시 양천구 목동 912","210.00","24","","126.8817670","37.5336590","189549.88719112","548246.41563809"
"2026","1147055000","특정계층이용시설","회원이용시설","목동4단지아파트경로당(사립)","서울특별시 양천구 목동서로 130 (목동신시가지아파트4단지 관리동및상가)","서울특별시 양천구 목동 904","250.00","29","","126.8709390","37.5322090","188592.62500167","548086.74169283"
"2026","1147055000","특정계층이용시설","회원이용시설","목동3단지아파트경로당(사립)","서울특별시 양천구 목동서로 100 (목동신시가지아파트3단지 관리동및상가)","서울특별시 양천구 목동 903","210.00","18","","126.8719770","37.5345330","188684.72235187","548344.55180094"
"2026","1147055000","특정계층이용시설","회원이용시설","목동2단지아파트경로당(사립)","서울특별시 양천구 목동서로 70 (목동신시가지아파트2단지 관리동및상가)","서울특별시 양천구 목동 902","198.00","23","","126.8762100","37.5380770","189059.37281829","548737.39163478"
"2026","1147055000","특정계층이용시설","회원이용시설","목동1단지아파트경로당(사립)","서울특별시 양천구 목동서로 38 (목동신시가지아파트1단지 상가관리동)","서울특별시 양천구 목동 901","130.00","46","","126.8779000","37.5402770","189209.05304042","548981.36960463"
"2026","1147055000","공공시설","복지?문화?체육시설","목마교육도서관","서울특별시 양천구 목동서로 41","서울특별시 양천구 목동 908-32","543.14","21","일요일 휴무","126.8817045","37.5372017","189544.85767774","548639.61894253"
"2026","1147055000","공공시설","공공청사","목5동주민센터","서울특별시 양천구 목동서로 41","서울특별시 양천구 목동 908-32","310.00","50","","126.8817000","37.5372000","189544.45972316","548639.43076358"
"2026","1147056000","특정계층이용시설","회원이용시설","월성(구립)경로당","서울특별시 양천구 곰달래로11길 24","서울특별시 양천구 신월동 119","98.60","29","","126.8357900","37.5320290","185485.85703243","548071.60769948"
"2026","1147056000","공공시설","공공청사","신월보건지소","서울특별시 양천구 남부순환로 407 (신월동)","서울특별시 양천구 신월동 131-4","296.45","30","","126.8317240","37.5312568","185126.31906590","547986.53820331"
"2026","1147056000","공공시설","공공청사","신월1동주민센터","서울특별시 양천구 곰달래로1길 38","서울특별시 양천구 신월동 135-18","241.00","60","","126.8315000","37.5328000","185106.82686270","548157.84997026"
"2026","1147056000","특정계층이용시설","회원이용시설","신대(구립)경로당","서울특별시 양천구 곰달래로1길 37","서울특별시 양천구 신월동 136-13","177.66","44","","126.8313000","37.5327000","185089.12958403","548146.78288255"
"2026","1147056000","특정계층이용시설","회원이용시설","곰달래(구립)경로당","서울특별시 양천구 남부순환로63길 16-4","서울특별시 양천구 신월동 221-22","50.00","12","","126.8348000","37.5286000","185397.68469083","547691.18402161"
"2026","1147057000","특정계층이용시설","회원이용시설","신정뉴타운두산위브경로당(사립)","서울특별시 양천구 신월로20길 7 (신정뉴타운두산위브아파트 상가동)","서울특별시 양천구 신월동 1055","92.92","53","","126.8454770","37.5185920","186339.61928255","546578.81622408"
"2026","1147057000","특정계층이용시설","회원이용시설","신정뉴타운롯데캐슬경로당","서울특별시 양천구 중앙로29길 61 (신정뉴타운롯데캐슬 104동)","서울특별시 양천구 신월동 1063","130.00","25","","126.8474560","37.5193430","186514.70515506","546661.88231966"
"2026","1147057000","특정계층이용시설","회원이용시설","동원데자뷰아파트경로당(사립)","서울특별시 양천구 오목로 76-2 (장수마을2단지동원데쟈뷰아파트 관리동)","서울특별시 양천구 신월동 1049","33.40","24","","126.8455020","37.5220450","186342.45876247","546962.05251720"
"2026","1147057000","특정계층이용시설","회원이용시설","신도신월1차아파트경로당(사립)","서울특별시 양천구 신월로20길 33 (신도신월1차아파트 노인정, 관리실)","서울특별시 양천구 신월동 1029","46.88","24","","126.8465260","37.5180990","186432.26539635","546523.94759364"
"2026","1135059500","특정계층이용시설","기타","공릉종합사회복지관","서울특별시 노원구 동일로 1127 (공릉동, 공릉1단지아파트)","서울특별시 노원구 공릉동 708","120.00","10","본관 2층 프로그램실(그린존) / 상시 개방 : 평일 09~18시 / 폭염특보 발효 시 : 평일 18~20시, 토요일 09~18시 운영, 일요일?공휴일 미운영","127.0696145","37.6293364","206145.06036832","558861.22413483"
"2026","1135060000","공공시설","복지?문화?체육시설","경춘선힐링쉼터","서울특별시 노원구 공릉로51길 20 (공릉행복주택)","서울특별시 노원구 공릉동 428-7","","","","127.0759130","37.6282020","206701.14794345","558735.74875891"
"2026","1135060000","특정계층이용시설","회원이용시설","태릉해링턴플레이스경로당","서울특별시 노원구 공릉로34길 86 (공릉동)","서울특별시 노원구 공릉동 758","","","후문 지하주차장 입구 옆 / 주말 및 공휴일 미운영","127.0832070","37.6259860","207345.23704048","558490.34197157"
"2026","1135060000","특정계층이용시설","회원이용시설","공릉2동대아아파트경로당","서울특별시 노원구 공릉로 157 (대아아파트 노인정)","서울특별시 노원구 공릉동 740","","","101동 근처 입주자관리센터 건물 1층 / 주말 및 공휴일 미운영","127.0790280","37.6240180","206976.51269333","558271.59593390"
"2026","1135060000","특정계층이용시설","회원이용시설","공릉2동삼익아파트경로당","서울특별시 노원구 공릉로46길 32 (삼익포레스트아파트 경로당, 관리사무실)","서울특별시 노원구 공릉동 737","","","105동과 106동 사이 삼익아파트관리실 1층 / 주말 및 공휴일 미운영","127.0820470","37.6267930","207242.75777813","558579.82030059"
"2026","1135060000","특정계층이용시설","회원이용시설","공릉동동신아파트경로당","서울특별시 노원구 공릉로 213 (동신아파트 경로당)","서울특별시 노원구 공릉동 745","","","101동 뒤 / 주말 및 공휴일 미운영","127.0768400","37.6279830","206782.99790234","558711.50866149"
"2026","1135060000","특정계층이용시설","회원이용시설","공릉효성아파트경로당","서울특별시 노원구 공릉로34길 45 (화랑해링턴플레이스아파트)","서울특별시 노원구 공릉동 233-4","","","공릉효성 관리사무소 안쪽 / 주말 및 공휴일 미운영","127.0805080","37.6242530","207107.14325938","558297.78948793"
"2026","1135060000","특정계층이용시설","회원이용시설","신성미소지움경로당","서울특별시 노원구 공릉로42길 13-14 (공릉동신성미소지움아파트 관리실 및 노인정)","서울특별시 노원구 공릉동 756","","","관리실 1층 / 주말 및 공휴일 미운영","127.0808340","37.6246260","207135.88647103","558339.21327465"
"2026","1135060000","특정계층이용시설","회원이용시설","삼익2차아파트경로당","서울특별시 노원구 공릉로34길 118 (공릉삼익2차아파트 상가)","서울특별시 노원구 공릉동 754","","","201동 뒤 관리사무소1층 / 주말 및 공휴일 미운영","127.0801680","37.6259900","207076.96380940","558490.55242291"
"2026","1135060000","특정계층이용시설","회원이용시설","8단지청솔아파트경로당","서울특별시 노원구 노원로1가길 10 (청솔8단지)","서울특별시 노원구 공릉동 81-4","","","청솔아파트803동 옆 / 주말 및 공휴일 미운영","127.0855110","37.6235520","207548.87266892","558220.37654440"
"2026","1135060000","특정계층이용시설","회원이용시설","효성화운트빌아파트경로당","서울특별시 노원구 노원로 62 (공릉해링턴플레이스 경비실(5개동))","서울특별시 노원구 공릉동 106","","","관리실 1층 / 주말 및 공휴일 미운영","127.0871300","37.6273450","207691.40645477","558641.49091864"
"2026","1135060000","특정계층이용시설","회원이용시설","9단지청솔아파트경로당(청솔아파트경로당)","서울특별시 노원구 노원로1길 21 (공릉9단지청솔아파트 경로당)","서울특별시 노원구 공릉동 90","","","청솔 아파트903동 앞 / 주말 및 공휴일 미운영","127.0858940","37.6214630","207582.89592854","557988.55060860"
"2026","1135060000","특정계층이용시설","회원이용시설","공릉두산아파트경로당","서울특별시 노원구 공릉로 126 (두산힐스빌아파트 노인정)","서울특별시 노원구 공릉동 747","","","두산아파트 105동 옆 / 주말 및 공휴일 미운영","127.0797420","37.6210610","207039.82274698","557943.45366946"
"2026","1135060000","특정계층이용시설","회원이용시설","우방아파트경로당","서울특별시 노원구 노원로 58 (우방아파트 관리사무소)","서울특별시 노원구 공릉동 108","","","403동,405동 및 어린이놀이터 뒤 관리사무소1층 / 주말 및 공휴일 미운영","127.0867790","37.6266190","207660.49640979","558560.88385978"
"2026","1135060000","특정계층이용시설","회원이용시설","화랑타운아파트경로당","서울특별시 노원구 화랑로51길 17 (화랑타운아파트 710동)","서울특별시 노원구 공릉동 111","","","화랑타운관리사무소1층 / 주말 및 공휴일 미운영","127.0889170","37.6237190","207849.53531982","558239.19117906"
"2026","1138052000","특정계층이용시설","회원이용시설","북한산래미안아파트2단지경로당","서울특별시 은평구 진흥로 265 (북한산래미안아파트)","서울특별시 은평구 불광동 637","","","※ 경로당 실제 운영시간에 맞춰 탄력적 운영 가능","126.9373100","37.6112200","194464.84110274","556850.06632390"
"2026","1138052000","특정계층이용시설","회원이용시설","북한산현대홈타운아파트경로당","서울특별시 은평구 불광로2길 16 (북한산현대홈타운아파트 노인정)","서울특별시 은평구 불광동 633","","","※ 경로당 실제 운영시간에 맞춰 탄력적 운영 가능","126.9342620","37.6119580","194195.77792615","556932.16039910"
"2026","1138052000","특정계층이용시설","회원이용시설","북한산힐스테이트7차아파트경로당","서울특별시 은평구 통일로 796 (북한산 힐스테이트7차 상가동)","서울특별시 은평구 불광동 643","","","※ 경로당 실제 운영시간에 맞춰 탄력적 운영 가능","126.9264520","37.6165130","193506.60359034","557438.22781080"
"2026","1138052000","특정계층이용시설","회원이용시설","미성아파트경로당","서울특별시 은평구 통일로 780 (미성아파트 2동)","서울특별시 은평구 불광동 248","","","※ 경로당 실제 운영시간에 맞춰 탄력적 운영 가능","126.9281250","37.6150230","193654.18259786","557272.73942925"
"2026","1138052000","특정계층이용시설","회원이용시설","북한산힐스테이트3차경로당(3305동)","서울특별시 은평구 불광로 122-10 (북한산현대힐스테이트3차아파트 3305동)","서울특별시 은평구 불광동 641","","","※ 경로당 실제 운영시간에 맞춰 탄력적 운영 가능","126.9354360","37.6182340","194299.91330626","557628.65683292"
"2026","1138052000","특정계층이용시설","회원이용시설","북한산힐스테이트1차아파트경로당","서울특별시 은평구 불광로2길 33 (북한산힐스테이트1차아파트 1101동)","서울특별시 은평구 불광동 635","","","※ 경로당 실제 운영시간에 맞춰 탄력적 운영 가능","126.9370240","37.6125850","194439.69060811","557001.58343201"
"2026","1138052000","특정계층이용시설","회원이용시설","불광롯데캐슬아파트경로당","서울특별시 은평구 불광로 64 (불광롯데캐슬 101동)","서울특별시 은평구 불광동 645","","","※ 경로당 실제 운영시간에 맞춰 탄력적 운영 가능","126.9334620","37.6128180","194125.21096521","557027.66085069"
"2026","1138052000","특정계층이용시설","회원이용시설","북한산힐스테이트7차116동경로당","서울특별시 은평구 통일로 792 (북한산 힐스테이트 7차 116동)","서울특별시 은평구 불광동 643-1","86.00","30","※ 경로당 실제 운영시간에 맞춰 탄력적 운영 가능","126.9269170","37.6157640","193547.59273506","557355.06479910"
"2026","1138052000","특정계층이용시설","회원이용시설","북한산힐스테이트3차3207동경로당","서울특별시 은평구 불광로14길 10-4 (불광동, 북한산현대힐스테이트3차아파트)","서울특별시 은평구 불광동 640","110.00","30","※ 경로당 실제 운영시간에 맞춰 탄력적 운영 가능","126.9343856","37.6198071","194207.29990320","557803.31840350"
"2026","1138052000","특정계층이용시설","회원이용시설","북한산래미안205동경로당","서울특별시 은평구 불광로2길 41 (불광동, 북한산래미안아파트)","서울특별시 은평구 불광동 637-1","82.00","20","※ 경로당 실제 운영시간에 맞춰 탄력적 운영 가능","126.9361916","37.6116796","194366.12760996","556901.14346756"
"2026","1138052000","공공시설","공공청사","불광1동주민센터","서울특별시 은평구 진흥로15길 10","서울특별시 은평구 불광동 613-1","66.00","20","","126.9319864","37.6103305","193994.72690525","556751.66868189"
"2026","1138052000","특정계층이용시설","회원이용시설","불광노인복지관","서울특별시 은평구 연서로32길 17-11 (불광동)","서울특별시 은평구 불광동 339-13","30.00","10","","126.9248450","37.6195153","193364.99175638","557771.56332011"
"2026","1138052000","특정계층이용시설","회원이용시설","대광경로당","서울특별시 은평구 불광로2길 4-3","서울특별시 은평구 불광동 601-6","37.00","10","※ 경로당 실제 운영시간에 맞춰 탄력적 운영 가능","126.9322640","37.6118050","194019.35572712","556915.30446278"
"2026","1138052000","특정계층이용시설","회원이용시설","송암경로당","서울특별시 은평구 불광로5길 6-12","서울특별시 은평구 불광동 238-161","118.00","15","※ 경로당 실제 운영시간에 맞춰 탄력적 운영 가능","126.9319740","37.6150480","193994.01144993","557275.26093458"
"2026","1141061500","특정계층이용시설","회원이용시설","연희궁경로당","서울특별시 서대문구 성산로17길 30-2 (연희동)","서울특별시 서대문구 연희동 339-57","60.00","12","","126.9327721","37.5635184","194060.38193152","551556.00485098"
"2026","1141061500","공공시설","공공청사","연희동자치회관","서울특별시 서대문구 증가로 13-10 (연희동)","서울특별시 서대문구 연희동 122-16","120.00","16","","126.9308373","37.5692784","193889.91186875","552195.42154629"
"2026","1141062000","특정계층이용시설","특수근로자 쉼터","휴서대문이동노동자쉼터","","서울특별시 서대문구 홍제동 294-84","40.00","6","","126.9407080","37.5906420","194763.42246715","554565.94071329"
"2026","1141062000","특정계층이용시설","회원이용시설","홍제고은경로당","서울특별시 서대문구 통일로39길 60 (홍제동)","서울특별시 서대문구 홍제동 312-17","","","","126.9416410","37.5871410","194845.58216451","554177.31757327"
"2026","1141062000","특정계층이용시설","회원이용시설","푸르지오센트럴파크경로당","서울특별시 서대문구 통일로 339 (서대문푸르지오센트럴파크아파트)","서울특별시 서대문구 홍제동 478","262.00","40","","126.9498860","37.5812620","195573.45384988","553524.39491893"
"2026","1141062000","특정계층이용시설","회원이용시설","삼성래미안A경로당","서울특별시 서대문구 통일로 319 (홍제삼성래미안아파트 101동)","서울특별시 서대문구 홍제동 461","44.00","10","","126.9506530","37.5785690","195641.04560918","553225.46688182"
"2026","1141062000","특정계층이용시설","회원이용시설","홍제센트럴아이파크경로당","서울특별시 서대문구 통일로 395 (홍제 센트럴 IPARK 107동)","서울특별시 서대문구 홍제동 473","120.70","50","","126.9463700","37.5845780","195263.09730215","553892.60463577"
"2026","1141062000","특정계층이용시설","회원이용시설","홍제성원A경로당","서울특별시 서대문구 모래내로 430 (홍제동성원아파트 관리실)","서울특별시 서대문구 홍제동 456","76.14","30","","126.9427680","37.5836380","194944.88485045","553788.46305160"
"2026","1141062000","특정계층이용시설","회원이용시설","무악재한화A경로당","서울특별시 서대문구 통일로 357 (무악재한화아파트 101동)","서울특별시 서대문구 홍제동 464","72.00","14","","126.9495530","37.5822860","195544.10114408","553638.06297637"
"2026","1141062000","특정계층이용시설","회원이용시설","홍제한양A경로당","서울특별시 서대문구 통일로25길 30 (홍제한양아파트 103동)","서울특별시 서대문구 홍제동 82","133.00","26","","126.9473780","37.5834170","195352.05734557","553763.69648288"
"2026","1141062000","특정계층이용시설","회원이용시설","홍제현대A경로당","서울특별시 서대문구 통일로39가길 57 (홍제현대아파트 101동)","서울특별시 서대문구 홍제동 331","60.00","12","","126.9406480","37.5903220","194758.10091664","554530.42765786"
"2026","1141062000","특정계층이용시설","회원이용시설","남양A경로당","서울특별시 서대문구 홍제내길 168 (남양아파트 101동)","서울특별시 서대문구 홍제동 457","78.00","15","","126.9381820","37.5887350","194540.19073987","554354.42901076"
"2026","1141062000","특정계층이용시설","회원이용시설","홍제금호어울림A경로당","서울특별시 서대문구 모래내로 411 (홍제금호어울림 102동)","서울특별시 서대문구 홍제동 471","101.50","15","","126.9407610","37.5845990","194767.68035755","553895.23302663"
"2026","1141062000","특정계층이용시설","회원이용시설","홍제1동분회경로당","서울특별시 서대문구  모래내로  459-6, 고은어린이집 (홍제동)","서울특별시 서대문구 홍제동 157-92","132.00","26","","126.9454423","37.5858358","195181.23870289","554032.25335111"
"2026","1141062000","특정계층이용시설","회원이용시설","초원경로당","서울특별시 서대문구  홍제내2길  56 , 초원경로당 (홍제동)","서울특별시 서대문구 홍제동 335-9","211.00","42","","126.9371964","37.5868269","194453.00024811","554142.70920350"
"2026","1147057000","특정계층이용시설","회원이용시설","우당아파트경로당(사립)","서울특별시 양천구 오목로 90 (우당아파트)","서울특별시 양천구 신월동 506-1","24.25","21","","126.8475960","37.5228580","186527.71355310","547051.98345200"
"2026","1147057000","특정계층이용시설","회원이용시설","대림아파트경로당(사립)","서울특별시 양천구 오목로13길 7 (신월대림아파트 노인정)","서울특별시 양천구 신월동 491-1","41.85","30","","126.8453150","37.5234510","186326.18465204","547118.12820729"
"2026","1147057000","특정계층이용시설","회원이용시설","동방아파트경로당(사립)","서울특별시 양천구 신월로 220 (동방아파트)","서울특별시 양천구 신월동 607-1","70.64","30","","126.8464760","37.5214530","186428.45267059","546896.20692482"
"2026","1147057000","공공시설","공공청사","신월2동주민센터","서울특별시 양천구 신월동 중앙로53길  47 , 경로당 (신월동)","서울특별시 양천구 신월동 483-11","544.00","100","","126.8446000","37.5250000","186263.26419233","547290.15217206"
"2026","1147057000","특정계층이용시설","회원이용시설","신곡(구립)경로당","서울특별시 양천구 오목로13길 38 (구립신곡경로당)","서울특별시 양천구 신월동 459","85.74","40","","126.8451090","37.5262690","186308.48969796","547430.92125865"
"2026","1147057000","특정계층이용시설","회원이용시설","당곡(구립)경로당","서울특별시 양천구 오목로11길 17-18 (구립 당곡경로당)","서울특별시 양천구 신월동 486","90.27","50","경로당 임시시설","126.8428940","37.5241170","186112.29686665","547192.40061691"
"2026","1147057000","특정계층이용시설","회원이용시설","중앙(구립)경로당","서울특별시 양천구 오목로 64-27","서울특별시 양천구 신월동 509-14","120.00","50","","126.8450000","37.5221000","186298.09225862","546968.22983323"
"2026","1147057000","공공시설","복지?문화?체육시설","신월종합사회복지관","서울특별시 양천구 신월로24길 19","서울특별시 양천구 신월동 1063-1","600.00","120","","126.8473000","37.5200000","186501.03269031","546734.82348678"
"2026","1147058000","특정계층이용시설","회원이용시설","금하뜨라네아파트경로당(사립)","서울특별시 양천구 가로공원로56길 10 (금하뜨라네아파트 106동)","서울특별시 양천구 신월동 142-14","86.80","17","","126.8239170","37.5335810","184436.75163259","548245.75928211"
"2026","1147058000","공공시설","공공청사","신월3동주민센터","서울특별시 양천구 신월동 남부순환로54길  5 ,  신월3동주민센터 (신월동)","서울특별시 양천구 신월동 167-5","308.00","20","","126.8291000","37.5336000","184894.85976494","548247.02296619"
"2026","1147058000","특정계층이용시설","회원이용시설","경복(구립)경로당","서울특별시 양천구 가로공원로56길 30 (구립경복경로당)","서울특별시 양천구 신월동 156","98.60","60","","126.8260990","37.5347740","184629.85458568","548377.80889339"
"2026","1147058000","특정계층이용시설","회원이용시설","신남(구립)경로당","서울특별시 양천구 남부순환로56가길 13","서울특별시 양천구 신월동 198-22","223.23","47","","126.8302000","37.5313000","184991.62338556","547991.57497730"
"2026","1147058000","특정계층이용시설","회원이용시설","서서울어르신복지관","서울특별시 양천구 가로공원로60가길 16 (서서울 어르신복지관)","서울특별시 양천구 신월동 158-4","4.16","30","","126.8266110","37.5343450","184675.01967838","548330.11156258"
"2026","1147058000","특정계층이용시설","회원이용시설","신원경로당(구립)","서울특별시 양천구 남부순환로46길 12","서울특별시 양천구 신월동 161-17","100.00","54","","126.8279000","37.5340000","184788.87791399","548291.61150084"
"2026","1147059000","특정계층이용시설","회원이용시설","신월2차보람쉬움아파트경로당","서울특별시 양천구 오목로1길 46 (보람쉬움2차아파트 202동)","서울특별시 양천구 신월동 1039","37.76","22","","126.8371590","37.5247060","185605.45274134","547258.63447193"
"2026","1147059000","특정계층이용시설","회원이용시설","롯데캐슬아파트경로당(사립)","서울특별시 양천구 오목로5길 19 (양천 롯데캐슬 101동)","서울특별시 양천구 신월동 1057","114.03","29","","126.8403140","37.5233490","185884.08768945","547107.54617344"
"2026","1147059000","특정계층이용시설","회원이용시설","양천벽산블루밍아파트경로당(사립)","서울특별시 양천구 월정로9길 20 (양천벽산블루밍2단지 관리동)","서울특별시 양천구 신월동 1027","59.23","36","","126.8381600","37.5252760","185694.04637698","547321.74470782"
"2026","1135060000","특정계층이용시설","회원이용시설","태강아파트경로당","서울특별시 노원구 공릉로34길 62 (태강아파트 1010동)","서울특별시 노원구 공릉동 81","","","관리사무소 1층 / 주말 및 공휴일 미운영","127.0831900","37.6233050","207344.00009308","558192.77801692"
"2026","1135060000","특정계층이용시설","회원이용시설","건영장미아파트경로당","서울특별시 노원구 공릉로51길 14-17 (건영장미아파트 경로당)","서울특별시 노원구 공릉동 744","","","관리사무소 1층 / 주말 및 공휴일 미운영","127.0754110","37.6292000","206656.74535355","558846.48053950"
"2026","1135060000","특정계층이용시설","회원이용시설","공릉비선아파트경로당","서울특별시 노원구 화랑로51길 78 (비선아파트)","서울특별시 노원구 공릉동 109","","","비선어린이집, 관리사무소 1층 / 주말 및 공휴일 미운영","127.0874130","37.6256380","207716.56476998","558452.05515227"
"2026","1135060000","특정계층이용시설","회원이용시설","공릉한보아파트경로당","서울특별시 노원구 공릉로46길 19 (공릉동 한보에센시티아파트 관리사무소,주민공동시설)","서울특별시 노원구 공릉동 743","","","한보아파트 104동1-4라인 입구 옆 / 주말 및 공휴일 미운영","127.0804490","37.6278780","207101.58992637","558700.12174468"
"2026","1135060000","특정계층이용시설","회원이용시설","성우아파트경로당","서울특별시 노원구 공릉로27길 110 (현대 성우아파트)","서울특별시 노원구 공릉동 401","","","성우아파트 관리사무소1층 / 주말 및 공휴일 미운영","127.0771250","37.6264310","206808.29764643","558539.27365700"
"2026","1135060000","특정계층이용시설","회원이용시설","동부아파트경로당","서울특별시 노원구 공릉로 206 (동부아파트)","서울특별시 노원구 공릉동 705","","","동부아파트101동 1-2라인입구 앞 / 주말 및 공휴일 미운영","127.0784420","37.6280390","206924.40817259","558717.84106899"
"2026","1135060000","특정계층이용시설","회원이용시설","효성아파트경로당","서울특별시 노원구 화랑로 556 (효성아파트 104동)","서울특별시 노원구 공릉동 742","","","효성아파트 105동1-2호라인 입구 앞 / 주말 및 공휴일 미운영","127.0882370","37.6207060","207789.81973103","557904.72354119"
"2026","1135060000","특정계층이용시설","회원이용시설","태릉우성아파트경로당","서울특별시 노원구 노원로 29 (우성아파트 관리사무소)","서울특별시 노원구 공릉동 114-9","","","우성아파트 3동 1-2호 라인 입구 앞 / 주말 및 공휴일 미운영","127.0861680","37.6243160","207606.79449346","558305.22549597"
"2026","1135060000","야외시설","공원","경춘선야외쉼터1(불빛정원)","","서울특별시 노원구 공릉동 29-62","20.00","5","2025. 7. 23. ~ 8. 25. 힐링냉장고 운영 예정","127.0927080","37.6239170","208184.18071698","558261.49090123"
"2026","1135060000","야외시설","정자?파고라 등","경춘선야외쉼터3(힐링쉼터)","서울특별시 노원구 공릉로51길 20","서울특별시 노원구 공릉동 428-7","10.00","5","2025. 7. 23. ~ 8. 25. 힐링냉장고 운영 예정","127.0758964","37.6281756","206699.68496372","558732.81745148"
"2026","1135060000","특정계층이용시설","회원이용시설","공릉2동경로당","서울특별시 노원구 공릉로 129 (공릉동)","서울특별시 노원구 공릉동 334-6","59.00","34","공릉노인복지관 1층 / 주말 및 공휴일 미운영","127.0789781","37.6217503","206972.31936265","558019.90160923"
"2026","1135060000","특정계층이용시설","회원이용시설","공릉경로당","서울특별시 노원구 공릉로 169-9 (공릉동, 진주빌라)","서울특별시 노원구 공릉동 415-36","50.00","22","진주빌라 B동 1호 / 주말 및 공휴일 미운영","127.0791498","37.6252534","206987.14944134","558408.72131548"
"2026","1135060000","공공시설","공공청사","공릉2동주민센터","서울특별시 노원구 노원로1길 68 (공릉동)","서울특별시 노원구 공릉동 87-7","554.67","20","","127.0833850","37.6212893","207361.41342386","557969.07201631"
"2026","1135060000","특정계층이용시설","회원이용시설","공노회경로당","서울특별시 노원구 공릉로32길 35-2 (공릉동)","서울특별시 노원구 공릉동 240-201","89.00","22","공릉로32길 골목 안쪽 / 주말 및 공휴일 미운영","127.0812151","37.6221051","207169.77144029","558059.44916469"
"2026","1135060000","특정계층이용시설","회원이용시설","공릉아파트경로당","서울특별시 노원구 화랑로51길 81 (공릉동, 공릉아파트)","서울특별시 노원구 공릉동 110","162.00","38","601동 근처 입주자관리센터 건물 1층 / 주말 및 공휴일 미운영","127.0878482","37.6251387","207755.03483723","558396.67400017"
"2026","1135061100","공공시설","복지?문화?체육시설","가재울지혜마루","서울특별시 노원구 한글비석로 97 (노원에너지제로 주택)","서울특별시 노원구 하계동 251-9","","","","127.0728930","37.6386480","206433.65962206","559894.93449656"
"2026","1138053000","특정계층이용시설","회원이용시설","향림경로당","서울특별시 은평구 통일로92나길 23","서울특별시 은평구 불광동 480-218","","","※ 경로당 실제 운영시간에 맞춰 탄력적 운영 가능","126.9231340","37.6241090","193214.35480319","558281.53745826"
"2026","1138053000","특정계층이용시설","회원이용시설","북한산대창센시티아파트경로당","서울특별시 은평구 불광로 208 (북한산대창센시티)","서울특별시 은평구 불광동 71-16","","","※ 경로당 실제 운영시간에 맞춰 탄력적 운영 가능","126.9294280","37.6253720","193770.08762297","558421.28065580"
"2026","1138053000","특정계층이용시설","회원이용시설","북한산수자인아파트경로당","서울특별시 은평구 불광로 170 (북한산 한양 수자인 아파트)","서울특별시 은평구 불광동 636","","","※ 경로당 실제 운영시간에 맞춰 탄력적 운영 가능","126.9322880","37.6216580","194022.26361263","558008.88007958"
"2026","1138053000","특정계층이용시설","회원이용시설","어울누리느티나무경로당","서울특별시 은평구 연서로33길 14-19 (불광동)","서울특별시 은평구 불광동 415-2","140.00","25","※ 경로당 실제 운영시간에 맞춰 탄력적 운영 가능","126.9249000","37.6223000","193370.09469027","558080.63144865"
"2026","1138053000","공공시설","공공청사","불광2동주민센터","서울특별시 은평구 연서로41길 18 (불광동)","서울특별시 은평구 불광동 81-2","66.00","20","","126.9272961","37.6263503","193581.97313285","558530.00527166"
"2026","1138053000","특정계층이용시설","회원이용시설","박석어버이경로당","서울특별시 은평구 통일로92가길 5","서울특별시 은평구 불광동 479-116","99.00","30","※ 경로당 실제 운영시간에 맞춰 탄력적 운영 가능","126.9212520","37.6263370","193048.42139378","558528.95962903"
"2026","1138053000","특정계층이용시설","회원이용시설","불광2동경로당","서울특별시 은평구 불광로 175","서울특별시 은평구 불광동 191-7","117.00","15","※ 경로당 실제 운영시간에 맞춰 탄력적 운영 가능","126.9313220","37.6220950","193937.01888561","558057.44438926"
"2026","1138053000","특정계층이용시설","회원이용시설","새장골경로당","서울특별시 은평구 연서로37길 47","서울특별시 은평구 불광동 98-7","148.00","20","※ 경로당 실제 운영시간에 맞춰 탄력적 운영 가능","126.9277650","37.6254180","193623.28622356","558426.49786115"
"2026","1138055100","특정계층이용시설","회원이용시설","갈현현대아파트경로당","서울특별시 은평구 갈현로33길 24 (갈현동현대아파트 갈현동현대아파트 2)","서울특별시 은평구 갈현동 537","","","※ 경로당 실제 운영시간에 맞춰 탄력적 운영 가능","126.9142590","37.6220600","192430.67175310","558054.79890875"
"2026","1138055100","특정계층이용시설","회원이용시설","코오롱하늘채아파트경로당","서울특별시 은평구 갈현로29길 62 (코오롱하늘채아파트 관리사무실 노인정)","서울특별시 은평구 갈현동 545","","","※ 경로당 실제 운영시간에 맞춰 탄력적 운영 가능","126.9112140","37.6232510","192161.98014036","558187.23719254"
"2026","1138055100","특정계층이용시설","회원이용시설","갈현건영아파트경로당","서울특별시 은평구 갈현로45길 57 (갈현동건영아파트)","서울특별시 은평구 갈현동 541-1","","","※ 경로당 실제 운영시간에 맞춰 탄력적 운영 가능","126.9133920","37.6288450","192354.82678343","558807.93249060"
"2026","1138055100","특정계층이용시설","회원이용시설","갈현어버이경로당","서울특별시 은평구 갈현로 324-3 (갈현동)","서울특별시 은평구 갈현동 419-7","179.00","40","※ 경로당 실제 운영시간에 맞춰 탄력적 운영 가능","126.9182000","37.6255000","192778.92124392","558436.29191681"
"2026","1138055100","특정계층이용시설","회원이용시설","갈현노인복지관","서울특별시 은평구 통일로89길 12-6","서울특별시 은평구 갈현동 415-2","40.70","10","","126.9186895","37.6249117","192822.07639356","558370.95928750"
"2026","1138055100","공공시설","공공청사","갈현1동주민센터","서울특별시 은평구 갈현로 301","서울특별시 은평구 갈현동 436-14","286.00","86","","126.9167310","37.6237184","192649.06650589","558238.66721720"
"2026","1138055200","특정계층이용시설","회원이용시설","우남아파트경로당","서울특별시 은평구 서오릉로 258 (우남아파트101)","서울특별시 은평구 갈현동 540","","","※ 경로당 실제 운영시간에 맞춰 탄력적 운영 가능","126.9067650","37.6179460","191768.63787532","557598.81955597"
"2026","1141062000","공공시설","공공청사","홍제1동주민센터","서울특별시 서대문구 통일로 435-1 (홍제동)","서울특별시 서대문구 홍제동 171-1","","","폭염특보 발효시 평일 09시~22시 운영 주말공휴일 미운영","126.9449294","37.5877171","195136.05966956","554241.08279928"
"2026","1141062000","공공시설","공공청사","홍제1동자치회관","서울특별시 서대문구  통일로27길  19 , 홍제1동자치회관 (홍제동)","서울특별시 서대문구 홍제동 85-1","","","주말공휴일 09시~19시 운영","126.9484215","37.5832048","195444.21363071","553740.09358019"
"2026","1141064000","생활밀착민간시설","금융기관","우리은행홍제동지점","","서울특별시 서대문구 홍제동 266-55","","5","","126.9452950","37.5918130","195168.61492859","554695.66271617"
"2026","1141000000","특정계층이용시설","회원이용시설","은빛홍삼경로당","서울특별시 서대문구 세무서7길 21-4 (홍제동)","서울특별시 서대문구 홍제동 266-165","124.17","40","","126.9456267","37.5916129","195197.89684448","554673.43685077"
"2026","1141064000","특정계층이용시설","회원이용시설","인왕산벽산A경로당","서울특별시 서대문구 세무서길 106-12 (인왕산벽산아파트 102동)","서울특별시 서대문구 홍제동 465","74.00","20","","126.9484400","37.5923990","195446.40782420","554760.54501484"
"2026","1141064000","특정계층이용시설","회원이용시설","문화촌현대A경로당","서울특별시 서대문구 문화촌길 6-24 (문화촌현대아파트 103동)","서울특별시 서대문구 홍제동 463","144.00","30","","126.9493440","37.5927270","195526.26546510","554796.90589421"
"2026","1141064000","특정계층이용시설","회원이용시설","유원하나A경로당","서울특별시 서대문구 세검정로 134 (유원하나아파트 101동노인정)","서울특별시 서대문구 홍제동 454","33.00","10","","126.9524770","37.5950560","195803.09026155","555055.25422673"
"2026","1141064000","특정계층이용시설","회원이용시설","현대그린A경로당","서울특별시 서대문구 세무서2길 64 (현대그린아파트 102동)","서울특별시 서대문구 홍제동 455","33.00","10","","126.9495940","37.5892540","195548.13759736","554411.43004338"
"2026","1141064000","특정계층이용시설","회원이용시설","해링턴플레이스경로당","서울특별시 서대문구 세무서8길 30 (홍제역해링턴플레이스)","서울특별시 서대문구 홍제동 474","84.00","29","","126.9478480","37.5893980","195393.93958523","554427.49660838"
"2026","1141064000","특정계층이용시설","회원이용시설","홍제3동분회경로당","서울특별시 서대문구  세검정로4길  32 , 홍제제3동주민센터 (홍제동)","서울특별시 서대문구 홍제동 7-13","87.00","40","","126.9497306","37.5937611","195560.46985845","554911.66107261"
"2026","1141064000","공공시설","공공청사","홍제3동주민센터","서울특별시 서대문구 세검정로4길 32","서울특별시 서대문구 홍제동 7-13","","","폭염특보 발효시 평일 09~22시 운영 주말 및 공휴일 09시~19시 운영","126.9496936","37.5937677","195557.20260437","554912.39534842"
"2026","1141064000","특정계층이용시설","회원이용시설","개미마을경로당","서울특별시 서대문구 세검정로4길 129-16 (홍제동)","서울특별시 서대문구 홍제동 9-83","40.00","20","","126.9539201","37.5906310","195930.29413475","554564.06529626"
"2026","1141065500","특정계층이용시설","회원이용시설","인왕산어울림A경로당","서울특별시 서대문구 통일로26길 17 (인왕산어울림 101동)","서울특별시 서대문구 홍제동 467","53.00","12","","126.9509710","37.5837790","195669.43719640","553803.70266050"
"2026","1141065500","특정계층이용시설","회원이용시설","홍제원현대A경로당","서울특별시 서대문구 통일로34길 43 (홍제원현대아파트 112동)","서울특별시 서대문구 홍제동 459","117.00","23","","126.9503030","37.5880120","195610.68361061","554273.54868821"
"2026","1141065500","특정계층이용시설","회원이용시설","무악청구A경로당","서울특별시 서대문구 통일로 348 (무악청구아파트 109동)","서울특별시 서대문구 홍제동 453","193.00","40","","126.9520360","37.5817830","195763.39187768","553582.12083902"
"2026","1147059000","특정계층이용시설","회원이용시설","신월대성유니드아파트경로당(사립)","서울특별시 양천구 신월로15길 21 (신월대성유니드아파트 관리노인정)","서울특별시 양천구 신월동 1033","46.90","34","","126.8406610","37.5205680","185914.23898767","546798.83774840"
"2026","1147059000","특정계층이용시설","회원이용시설","대방샤인힐아파트경로당(사립)","서울특별시 양천구 신월로9길 37 (신월동 대방 샤인힐 관리동)","서울특별시 양천구 신월동 1017","71.45","17","","126.8388250","37.5203370","185751.89032308","546773.47611588"
"2026","1147059000","특정계층이용시설","회원이용시설","해태아파트경로당(사립)","서울특별시 양천구 월정로 21 (해태아파트 101동)","서울특별시 양천구 신월동 514-3","53.28","30","","126.8430390","37.5213880","186124.60906160","546889.49413022"
"2026","1147059000","특정계층이용시설","회원이용시설","금용아파트경로당(사립)","서울특별시 양천구 신월로17길 22 (신월동 금용아파트)","서울특별시 양천구 신월동 533-1","51.84","32","","126.8424350","37.5205640","186071.06210114","546798.12965559"
"2026","1147059000","공공시설","복지?문화?체육시설","신월음악도서관","서울특별시 양천구 오목로5길 34","서울특별시 양천구 신월동 425-2","840.95","69","월요일 휴무","126.8401035","37.5247285","185865.74016642","547260.68517921"
"2026","1147059000","공공시설","복지?문화?체육시설","한빛종합사회복지관","서울특별시 양천구 신월동 신월로11길  16 ,  한빛종합사회복지관 (신월동)","서울특별시 양천구 신월동 540-1","620.00","20","","126.8402000","37.5190000","185873.19039135","546624.87843935"
"2026","1147059000","공공시설","공공청사","신월4동주민센터","서울특별시 양천구 신월동 오목로5길  34 ,  신월4동주민센터 (신월동)","서울특별시 양천구 신월동 425-2","888.00","100","","126.8400000","37.5246000","185856.56688396","547246.43882773"
"2026","1147059000","특정계층이용시설","회원이용시설","태양(신월4동구립)경로당","서울특별시 양천구 오목로3길 34","서울특별시 양천구 신월동 422-1","99.54","44","","126.8385000","37.5243000","185723.91494172","547213.36913676"
"2026","1147059000","특정계층이용시설","회원이용시설","자양(구립)경로당","서울특별시 양천구 신월로11길 13","서울특별시 양천구 신월동 542","98.60","36","","126.8401000","37.5186000","185864.27462297","546580.49845872"
"2026","1147059000","특정계층이용시설","회원이용시설","밝은빛(구립)경로당","서울특별시 양천구 오목로 28-9 (밝은빛노인정)","서울특별시 양천구 신월동 518-4","163.63","33","","126.8413900","37.5214530","185978.84912353","546896.95282073"
"2026","1147059000","특정계층이용시설","회원이용시설","소망(구립)경로당","서울특별시 양천구 오목로1길 10","서울특별시 양천구 신월동 436-6","222.73","45","","126.8381000","37.5221000","185688.13595135","546969.25722198"
"2026","1147060000","특정계층이용시설","회원이용시설","수명산동원데자뷰아파트경로당(사립)","서울특별시 양천구 화곡로3길 43 (수명산 동원데쟈뷰 아파트 102동)","서울특별시 양천구 신월동 1060","41.60","24","","126.8278940","37.5431710","184790.21052485","549309.48244654"
"2026","1147060000","특정계층이용시설","회원이용시설","수명산SK뷰아파트경로당(사립)","서울특별시 양천구 월정로 306 (수명산 SK VIEW)","서울특별시 양천구 신월동 1053","64.20","19","","126.8299130","37.5439940","184968.80410402","549400.50087716"
"2026","1147060000","특정계층이용시설","회원이용시설","수명산롯데캐슬아파트경로당(사립)","서울특별시 양천구 월정로 303 (수명산 롯데캐슬 103동)","서울특별시 양천구 신월동 1036","65.12","41","","126.8284670","37.5450990","184841.23956279","549523.37477069"
"2026","1147060000","특정계층이용시설","회원이용시설","신도브래뉴신월2차아파트경로당(사립)","서울특별시 양천구 화곡로3길 34 (신도브래뉴신월2차아파트 노인정)","서울특별시 양천구 신월동 1031","32.13","26","","126.8278150","37.5416710","184782.92406572","549143.01327926"
"2026","1147060000","공공시설","복지?문화?체육시설","방아다리문학도서관","서울특별시 양천구 화곡로4길 10","서울특별시 양천구 신월동 52-2","294.85","25","일요일 휴무","126.8271627","37.5385651","184724.64253883","548798.40165047"
"2026","1147060000","공공시설","공공청사","신월5동주민센터","서울특별시 양천구 신월동 화곡로4길  10 ,  신월5동주민센터 (신월동)","서울특별시 양천구 신월동 52-2","150.00","50","폭염특보 발효시","126.8272000","37.5386000","184727.94623266","548802.26906957"
"2026","1135061100","공공시설","복지?문화?체육시설","하계어울마루","서울특별시 노원구 한글비석로 97 (노원에너지제로 주택)","서울특별시 노원구 하계동 251-9","","","","127.0728930","37.6386480","206433.65962206","559894.93449656"
"2026","1135061100","특정계층이용시설","회원이용시설","에너지제로주택경로당","서울특별시 노원구 한글비석로 97  (하계동)","서울특별시 노원구 하계동 251-9","","","관리사무소 옆 1층 / 주말 및 공휴일 미운영","127.0730606","37.6382587","206448.48593038","559851.73772418"
"2026","1135061100","특정계층이용시설","회원이용시설","하계우방아파트경로당","서울특별시 노원구 공릉로58길 176 (우방아파트 경비실)","서울특별시 노원구 하계동 353","",""," 관리사무소 1층/ 주말 및 공휴일 미운영","127.0771720","37.6376730","206811.42047426","559787.02160499"
"2026","1135061100","특정계층이용시설","회원이용시설","하계1차청구아파트경로당","서울특별시 노원구 한글비석로 91 (하계1차청구아파트)","서울특별시 노원구 하계동 251","","","관리사무소 2층 / 주말 및 공휴일 미운영","127.0710030","37.6394450","206266.77805506","559983.26534945"
"2026","1135061100","특정계층이용시설","회원이용시설","하계2차현대아파트경로당","서울특별시 노원구 노원로18길 19 (하계2차현대아파트 관리사무소/경로당)","서울특별시 노원구 하계동 288","","","관리사무소 1층 / 주말 및 공휴일 미운영","127.0719630","37.6443530","206351.09053762","560528.06751927"
"2026","1135061100","특정계층이용시설","회원이용시설","삼익?선경아파트경로당","서울특별시 노원구 노원로 214 (삼익,선경아파트)","서울특별시 노원구 하계동 255-1","","","관리사무소 1층 / 주말 및 공휴일 미운영","127.0766180","37.6390920","206762.39423641","559944.47587293"
"2026","1135061100","특정계층이용시설","회원이용시설","한동경로당","서울특별시 노원구 한글비석로 151 (한신동성아파트 한동경로당)","서울특별시 노원구 하계동 256-6","","","관리사무소 1층 / 주말 및 공휴일 미운영","127.0753530","37.6404150","206650.62590554","560091.22481548"
"2026","1135061100","특정계층이용시설","회원이용시설","하계7단지경로당","서울특별시 노원구 공릉로59길 25 (청솔아파트 관리사무소.경로당)","서울특별시 노원구 하계동 274","","","관리사무소 1층 / 주말 및 공휴일 미운영","127.0709340","37.6326290","206261.25997769","559226.75547540"
"2026","1135061100","특정계층이용시설","회원이용시설","미성아파트경로당","서울특별시 노원구 공릉로59길 28 (미성아파트)","서울특별시 노원구 하계동 280","","","관리사무소 1층 / 주말 및 공휴일 미운영","127.0695760","37.6343250","206141.25133945","559414.90404580"
"2026","1135061100","특정계층이용시설","회원이용시설","한청경로당","서울특별시 노원구 공릉로 351 (한신청구아파트 경비실)","서울특별시 노원구 하계동 284","","","관리사무소 1층 / 주말 및 공휴일 미운영","127.0691860","37.6381870","206106.51121274","559843.52052631"
"2026","1135061100","특정계층이용시설","회원이용시설","하계경로당","서울특별시 노원구 공릉로58마길 7 (하계동)","서울특별시 노원구 하계동 65-41","167.00","53","하계어린이집 옆 건물 1층  / 주말 및 공휴일 미운영","127.0765936","37.6367900","206760.44923955","559688.97591237"
"2026","1135061100","특정계층이용시설","회원이용시설","중계9단지아파트경로당","서울특별시 노원구 노원로16길 15 (하계동, 중계주공9단지아파트)","서울특별시 노원구 하계동 256","277.00","69","중계9단지 작은도서관 옆 1층 / 주말 및 공휴일 미운영","127.0736647","37.6424758","206501.43759965","560319.83410441"
"2026","1135061100","공공시설","공공청사","하계1동주민센터","서울특별시 노원구 노원로 261 (하계동)","서울특별시 노원구 하계동 251-2","268.00","20","","127.0725918","37.6405685","206406.91027194","560108.06958671"
"2026","1135061100","특정계층이용시설","기타","하계종합사회복지관","서울특별시 노원구 노원로16길 15 (하계동, 중계주공9단지아파트)","서울특별시 노원구 하계동 256","120.00","10","1층 하담카페 / 상시 개방 : 평일 09~18시 / 주말?공휴일 미운영","127.0754457","37.6417707","206658.68656910","560241.70015527"
"2026","1135061100","특정계층이용시설","회원이용시설","시립노원노인종합복지관","서울특별시 노원구 노원로16길 15","서울특별시 노원구 하계동 256","120.00","10","1층 해소당 / 상시 개방 : 평일 09~18시","127.0740412","37.6429688","206534.62324197","560374.57820987"
"2026","1135061200","특정계층이용시설","회원이용시설","현우경로당","서울특별시 노원구 섬밭로 232 (현대아파트,우성아파트 노인정)","서울특별시 노원구 하계동 270","","","104동 106동 사이 단독 붉은색 벽돌건물 / 주말 및 공휴일 미운영","127.0661990","37.6373820","205842.93491582","559753.98364423"
"2026","1138055200","특정계층이용시설","회원이용시설","갈현베르빌아파트경로당","서울특별시 은평구 연서로 149 (동광갈현베르빌)","서울특별시 은평구 갈현동 465-12","","","※ 경로당 실제 운영시간에 맞춰 탄력적 운영 가능","126.9169650","37.6121320","192668.58630870","556952.68261534"
"2026","1138055200","특정계층이용시설","회원이용시설","갈현미미아파트경로당","서울특별시 은평구 갈현로29길 11 (미미아파트)","서울특별시 은평구 갈현동 538","","","※ 경로당 실제 운영시간에 맞춰 탄력적 운영 가능","126.9136320","37.6188740","192374.99397674","557701.23762315"
"2026","1138055200","특정계층이용시설","회원이용시설","갈현한솔아파트경로당","서울특별시 은평구 갈현로23길 41 (한솔아파트)","서울특별시 은평구 갈현동 539","","","※ 경로당 실제 운영시간에 맞춰 탄력적 운영 가능","126.9098550","37.6181270","192041.46152741","557618.64214102"
"2026","1138055200","특정계층이용시설","회원이용시설","라이프씨티아파트경로당","서울특별시 은평구 갈현로29길 61 (라이프시티아파트)","서울특별시 은평구 갈현동 267-1","","","※ 경로당 실제 운영시간에 맞춰 탄력적 운영 가능","126.9105560","37.6229190","192103.85683288","558150.44386881"
"2026","1138055200","공공시설","공공청사","갈현2동주민센터","서울특별시 은평구 연서로27길 31-6","서울특별시 은평구 갈현동 502-3","313.00","50","","126.9157981","37.6186022","192566.20126906","557670.89697593"
"2026","1138055200","특정계층이용시설","회원이용시설","갈현2동경로당","서울특별시 은평구 연서로17길 46-12","서울특별시 은평구 갈현동 490-20","102.00","20","※ 경로당 실제 운영시간에 맞춰 탄력적 운영 가능","126.9132000","37.6145000","192336.40590839","557215.80574299"
"2026","1138055200","특정계층이용시설","회원이용시설","효경골경로당","서울특별시 은평구 갈현로29길 49","서울특별시 은평구 갈현동 267-101","92.00","20","※ 경로당 실제 운영시간에 맞춰 탄력적 운영 가능","126.9113730","37.6220430","192175.89004432","558053.14875220"
"2026","1138056000","특정계층이용시설","회원이용시설","동익파크아파트경로당","서울특별시 은평구 서오릉로21길 20 (동익파크아파트)","서울특별시 은평구 구산동 355-95","","","※ 경로당 실제 운영시간에 맞춰 탄력적 운영 가능","126.9068970","37.6145930","191779.92254951","557226.66098099"
"2026","1138056000","특정계층이용시설","회원이용시설","갈현1단지e편한세상경로당","서울특별시 은평구 서오릉로21길 47 (갈현1단지 e-편한세상아파트)","서울특별시 은평구 구산동 547","","","※ 경로당 실제 운영시간에 맞춰 탄력적 운영 가능","126.9062220","37.6119200","191720.03032570","556930.04614481"
"2026","1138056000","특정계층이용시설","회원이용시설","갈현현대아파트제일경로당","서울특별시 은평구 서오릉로21길 36 (갈현현대아파트)","서울특별시 은평구 구산동 382","","","※ 경로당 실제 운영시간에 맞춰 탄력적 운영 가능","126.9056490","37.6128570","191669.54276952","557034.09371081"
"2026","1138056000","특정계층이용시설","회원이용시설","브라운스톤아파트경로당","서울특별시 은평구 갈현로17길 17 (브라운스톤구산)","서울특별시 은평구 구산동 159-10","","","※ 경로당 실제 운영시간에 맞춰 탄력적 운영 가능","126.9091970","37.6114410","191982.65154822","556876.62410281"
"2026","1138056000","특정계층이용시설","회원이용시설","구산그린빌아파트경로당","서울특별시 은평구 갈현로7길 56 (구산그린빌 102동)","서울특별시 은평구 구산동 226","","","※ 경로당 실제 운영시간에 맞춰 탄력적 운영 가능","126.9043760","37.6054570","191556.31024663","556212.88784625"
"2026","1138056000","특정계층이용시설","회원이용시설","경남아파트경로당","서울특별시 은평구 갈현로11길 46 (경남 아너스빌)","서울특별시 은평구 구산동 224","","","※ 경로당 실제 운영시간에 맞춰 탄력적 운영 가능","126.9054490","37.6054120","191651.05215556","556207.79738661"
"2026","1138056000","특정계층이용시설","회원이용시설","경향파크아파트경로당","서울특별시 은평구 갈현로15길 53 (경향파크아파트)","서울특별시 은평구 구산동 162-1","","","※ 경로당 실제 운영시간에 맞춰 탄력적 운영 가능","126.9056780","37.6103300","191671.82145496","556753.62148367"
"2026","1138056000","공공시설","복지?문화?체육시설","서울디지털동행플라자","서울특별시 은평구 서오릉로 165 (구산주택)","서울특별시 은평구 구산동 198-3","631.00","130","","126.9148560","37.6123210","192482.39524927","556973.82636298"
"2026","1141065500","특정계층이용시설","회원이용시설","인왕노인복지관","서울특별시 서대문구 통일로26길 12-5 (홍제동)","서울특별시 서대문구 홍제동 23-21","30.00","20","","126.9506843","37.5827610","195644.05465664","553690.72950432"
"2026","1141065500","특정계층이용시설","회원이용시설","인왕경로당","서울특별시 서대문구  통일로26길  12-5, 인왕경로당 (홍제동)","서울특별시 서대문구 홍제동 23-21","56.00","12","","126.9507000","37.5828000","195645.44367417","553695.05733213"
"2026","1141065500","특정계층이용시설","회원이용시설","인왕산현대A제2경로당","서울특별시 서대문구 통일로34길 46 (인왕산현대아파트 107동)","서울특별시 서대문구 홍제동 460","72.00","15","","126.9509680","37.5851580","195669.25210445","553956.75613184"
"2026","1141065500","특정계층이용시설","회원이용시설","홍제원현대A제2경로당","서울특별시 서대문구 통일로34길 43 (홍제원현대아파트 116동)","서울특별시 서대문구 홍제동 459-1","154.00","30","","126.9506330","37.5866050","195639.74765405","554117.37222828"
"2026","1141065500","공공시설","공공청사","홍제2동주민센터","서울특별시 서대문구 통일로34길 27","서울특별시 서대문구 홍제동 459-4","","","폭염특보 발효시 평일 09~22시 운영 주말 및 공휴일 09시~19시 운영","126.9493681","37.5861056","195527.99773072","554062.00395078"
"2026","1141065500","특정계층이용시설","회원이용시설","느티나무경로당","서울특별시 서대문구 통일로36다길 2","서울특별시 서대문구 홍제동 194-1","97.00","50","","126.9473128","37.5878299","195346.57313724","554253.48157865"
"2026","1141066000","공공시설","복지?문화?체육시설","홍은청소년문화의집","서울특별시 서대문구 포방터길 110 (구립홍은청소년문화의집)","서울특별시 서대문구 홍은동 8-150","970.35","40","토 9시~21시 일 9시~18시","126.9499160","37.6016200","195577.30860423","555783.90290146"
"2026","1141066000","특정계층이용시설","회원이용시설","우정경로당","서울특별시 서대문구 홍은중앙로 164  (홍은동)","서울특별시 서대문구 홍은동 8-14","265.00","40","","126.9498780","37.6047802","195574.14022148","556134.65210593"
"2026","1141066000","특정계층이용시설","회원이용시설","북한산더샵아파트경로당","서울특별시 서대문구 통일로 510 (북한산더샵)","서울특별시 서대문구 홍은동 464","245.92","50","","126.9415870","37.5936020","194841.25871285","554894.41888109"
"2026","1141066000","특정계층이용시설","회원이용시설","동일A경로당","서울특별시 서대문구 홍은중앙로 81 (동일아파트)","서울특별시 서대문구 홍은동 457","37.00","10","","126.9463800","37.5986050","195264.86934712","555449.44368162"
"2026","1141066000","특정계층이용시설","회원이용시설","홍은풍림아이원A경로당","서울특별시 서대문구 홍은중앙로 149 (홍은동풍림아이원아파트 105동)","서울특별시 서대문구 홍은동 460","214.00","42","","126.9482890","37.6040560","195433.78448147","556054.34994726"
"2026","1141066000","특정계층이용시설","회원이용시설","유원A경로당","서울특별시 서대문구 홍은중앙로1길 33 (유원홍은아파트 경비실)","서울특별시 서대문구 홍은동 22","148.00","30","","126.9446850","37.5975130","195115.11412490","555328.33062296"
"2026","1141066000","특정계층이용시설","회원이용시설","벽산A경로당","서울특별시 서대문구 세검정로1길 95 (홍은벽산아파트 109동)","서울특별시 서대문구 홍은동 455-1","205.00","40","","126.9438850","37.5954400","195044.32837737","555098.29261263"
"2026","1141066000","특정계층이용시설","회원이용시설","풍림2차A경로당","서울특별시 서대문구 세검정로1길 35 (풍림2차아파트 노인정)","서울특별시 서대문구 홍은동 453-2","99.00","20","","126.9428750","37.5933560","194954.99177394","554867.04566631"
"2026","1141066000","공공시설","공공청사","홍은1동자치회관","서울특별시 서대문구 세검정로1길 45 (홍은동)","서울특별시 서대문구 홍은동 71-626","100.00","20","","126.9439000","37.5932000","195045.50456286","554849.67684685"
"2026","1147060000","특정계층이용시설","회원이용시설","수명(신월5동구립)경로당","서울특별시 양천구 화곡로5길 23","서울특별시 양천구 신월동 13-1","116.10","30","","126.8287610","37.5415730","184866.50831734","549131.98378616"
"2026","1147060000","특정계층이용시설","회원이용시설","신양(구립)경로당","서울특별시 양천구 남부순환로33길 38 (신양구립노인정)","서울특별시 양천구 신월동 73-2","99.78","30","","126.8314900","37.5383370","185107.04415934","548772.39117825"
"2026","1147061000","특정계층이용시설","회원이용시설","목동센트럴아이파크4단지경로당(사립)","서울특별시 양천구 남부순환로83길 47 (목동 센트럴 아이파크 위브 4단지)","서울특별시 양천구 신월동 1078","130.00","49","","126.8446030","37.5189060","186262.41210125","546613.79356330"
"2026","1147061000","특정계층이용시설","회원이용시설","목동센트럴아이파크3단지경로당(사립)","서울특별시 양천구 남부순환로83길 48 (목동 센트럴 아이파크 위브 3단지)","서울특별시 양천구 신월동 1077","140.50","34","","126.8450290","37.5170330","186299.72945220","546405.85189032"
"2026","1147061000","특정계층이용시설","회원이용시설","목동센트럴아이파크2단지경로당(사립)","서울특별시 양천구 남부순환로83길 18 (목동 센트럴 아이파크 위브 2단지)","서울특별시 양천구 신월동 1076","123.00","60","","126.8430540","37.5161310","186124.96170696","546306.03063702"
"2026","1147061000","특정계층이용시설","회원이용시설","목동센트럴아이파크1단지경로당(사립)","서울특별시 양천구 남부순환로83길 17 (목동 센트럴 아이파크 위브 1단지)","서울특별시 양천구 신월동 1075","157.50","45","","126.8420380","37.5164200","186035.19455031","546338.25633096"
"2026","1147061000","특정계층이용시설","회원이용시설","대주파크빌경로당(사립)","서울특별시 양천구 남부순환로85길 16 (대주파크빌)","서울특별시 양천구 신월동 1028","30.70","27","","126.8423020","37.5147460","186058.22236618","546152.42420354"
"2026","1147061000","특정계층이용시설","회원이용시설","벽산블루밍2단지아파트경로당(사립)","서울특별시 양천구 신정로13길 51 (벽산블루밍2단지 관리실,노인정)","서울특별시 양천구 신월동 1023","33.92","29","","126.8419030","37.5132830","186022.67467981","545990.10881985"
"2026","1147061000","특정계층이용시설","회원이용시설","벽산블루밍1단지아파트경로당(사립)","서울특별시 양천구 신정로13길 50 (벽산아파트)","서울특별시 양천구 신월동 1022","34.93","56","","126.8424190","37.5136200","186068.35681254","546027.43504535"
"2026","1147061000","특정계층이용시설","회원이용시설","신안약수아파트경로당(사립)","서울특별시 양천구 중앙로29길 55 (신안약수아파트)","서울특별시 양천구 신월동 591-1","94.89","26","","126.8470680","37.5173870","186480.05200596","546444.84648530"
"2026","1147061000","생활밀착민간시설","금융기관","금빛새마을금고","서울특별시 양천구 신월로 188 (신월동)","서울특별시 양천구 신월동 601-3","148.00","20","","126.8439952","37.5193699","186208.76599702","546665.36959337"
"2026","1147061000","특정계층이용시설","회원이용시설","강월경로당","서울특별시 양천구 남부순환로82길 29","서울특별시 양천구 신월동 1004","50.00","20","","126.8363080","37.5155710","185528.46326182","546244.89391293"
"2026","1147061000","공공시설","공공청사","신월6동주민센터","서울특별시 양천구 남부순환로83길 53 (신월6동행정복합타운)","서울특별시 양천구 신월동 1078-1","332.00","50","","126.8451340","37.5180040","186309.18942091","546513.60544114"
"2026","1147061100","특정계층이용시설","회원이용시설","신월시영아파트경로당(사립)","서울특별시 양천구 신월로 99 (신월시영아파트)","서울특별시 양천구 신월동 987-1","241.75","74","","126.8354590","37.5182410","185453.92383642","546541.36139646"
"2026","1147061100","특정계층이용시설","회원이용시설","밝은내어르신복지센터","서울특별시 양천구 지양로14길 17 (신월7동주민센터)","서울특별시 양천구 신월동 915-4","712.03","50","","126.8329090","37.5242370","185229.67558914","547207.24012937"
"2026","1147061100","공공시설","복지?문화?체육시설","신월문화체육센터","서울특별시 양천구 지양로 47 (신월동)","서울특별시 양천구 신월동 987","493.00","70","","126.8349000","37.5199000","185404.82911977","546725.57626246"
"2026","1147061100","공공시설","복지?문화?체육시설","해맞이역사도서관","서울특별시 양천구 지양로 37 (해맞이도서관)","서울특별시 양천구 신월동 987","1,146.00","54","월요일 휴무","126.8356150","37.5190910","185467.87970523","546635.67666932"
"2026","1135061200","특정계층이용시설","회원이용시설","학여울청구아파트경로당","서울특별시 노원구 동일로207길 186 (학여울청구아파트)","서울특별시 노원구 하계동 354","","","관리사무소 건물 2층 / 주말 및 공휴일 미운영","127.0608400","37.6359010","205370.03901827","559589.28778454"
"2026","1135061200","특정계층이용시설","회원이용시설","하계6단지경로당","서울특별시 노원구 섬밭로 196 (장미아파트 관리사무소 및 노인정)","서울특별시 노원구 하계동 273","","","관리사무소 건물 1층 왼쪽 / 주말 및 공휴일 미운영","127.0677400","37.6331750","205979.28560696","559287.14745213"
"2026","1135061200","특정계층이용시설","회원이용시설","삼사경로당","서울특별시 노원구 섬밭로 229 (극동,건영,벽산아파트 노인정 및 관리실)","서울특별시 노원구 하계동 271-3","","","관리사무소 건물 1층 / 주말 및 공휴일 미운영","127.0643290","37.6353070","205678.04063001","559523.56536509"
"2026","1135061200","야외시설","공원","중랑천야외쉼터2(경춘철교위)","","서울특별시 노원구 하계동 313-2","10.00","5","2025. 7. 23. ~ 8. 25. 힐링냉장고 운영 예정","127.0654571","37.6310485","205777.94282475","559050.98516531"
"2026","1135061200","공공시설","공공청사","하계2동주민센터","서울특별시 노원구 공릉로55길 88 (하계동)","서울특별시 노원구 하계동 273-2","237.59","20","","127.0679435","37.6319895","205997.34345250","559155.58232076"
"2026","1135061200","특정계층이용시설","회원이용시설","학여울청구B단지아파트경로당","","서울특별시 노원구 하계동 356","73.00","24","118동 관리사무소(2층) 건물 1층 / 주말 및 공휴일 미운영","127.0647950","37.6324010","205719.39514669","559201.05795374"
"2026","1135061200","특정계층이용시설","회원이용시설","학여울청구117동경로당","서울특별시 노원구 동일로207길 186 (학여울청구아파트 117동)","서울특별시 노원구 하계동 354","64.00","20","117동 1층 오른쪽 끝 2개 호실 / 주말 및 공휴일 미운영","127.0631340","37.6338740","205572.67018856","559364.44563886"
"2026","1135061900","특정계층이용시설","회원이용시설","대림벽산아파트경로당","서울특별시 노원구 한글비석로8길 20 (대림벽산아파트101동)","서울특별시 노원구 중계동 363","84.00","20","관리사무소 건물 내 1층 / 주말 및 공휴일 미운영","127.0779150","37.6472760","206876.11458439","560852.91035889"
"2026","1135061900","공공시설","복지?문화?체육시설","불암골행복발전소","서울특별시 노원구 중계로14길 53","서울특별시 노원구 중계동 93-28","","","","127.0826840","37.6506890","207296.65208387","561232.07907887"
"2026","1135061900","특정계층이용시설","회원이용시설","현대2차아파트경로당","서울특별시 노원구 중계로8길 103 (현대그룹중계동주택조합2차(아))","서울특별시 노원구 중계동 578","","","아파트 입구 좌측 관리사무소 건물 내 1층 / 주말 및 공휴일 미운영","127.0850650","37.6480430","207507.03562951","560938.58773596"
"2026","1135061900","특정계층이용시설","회원이용시설","학도경로당","서울특별시 노원구 중계로8길 39 (중계동)","서울특별시 노원구 중계동 43-16","","","","127.0849150","37.6464110","207493.96200946","560757.44031823"
"2026","1135061900","특정계층이용시설","회원이용시설","신안?동진아파트경로당","서울특별시 노원구 중계로 195 (중계동)","서울특별시 노원구 중계동 364","","","관리사무소 건물 내 1층 / 주말 및 공휴일 미운영","127.0784820","37.6496470","206925.93300815","561116.10903489"
"2026","1135061900","특정계층이용시설","회원이용시설","금호타운아파트경로당","서울특별시 노원구 중계로12길 24 (금호아파트 관리사무소/경로당)","서울특별시 노원구 중계동 583","","","관리사무소 건물 내 2층 / 주말 및 공휴일 미운영","127.0814090","37.6468330","207184.50800193","560804.00372267"
"2026","1135061900","특정계층이용시설","회원이용시설","동진경로당","서울특별시 노원구 중계로16나길 11 (동진아파트 동진경로당)","서울특별시 노원구 중계동 103","","","관리사무소 / 주말 및 공휴일 미운영","127.0820310","37.6520490","207238.89447653","561382.97477143"
"2026","1135061900","특정계층이용시설","회원이용시설","한화꿈에그린아파트경로당","서울특별시 노원구 중계로8길 29 (한화꿈에그린아파트 101동)","서울특별시 노원구 중계동 43-1","","","관리사무소 건물 내 1층 / 주말 및 공휴일 미운영","127.0840310","37.6462110","207415.96665961","560735.17210025"
"2026","1135061900","특정계층이용시설","회원이용시설","배삿골현대아파트경로당","서울특별시 노원구 중계로8길 20 (중계현대6차아파트 관리.노인정,독서실,주민공동시설)","서울특별시 노원구 중계동 34-1","","","관리사무소 건물 내 1층 / 주말 및 공휴일 미운영","127.0821290","37.6458410","207248.14585706","560693.95720523"
"2026","1138056000","공공시설","복지?문화?체육시설","구산동도서관마을","서울특별시 은평구 연서로13길 29-23 (구산동)","서울특별시 은평구 구산동 17-37","18.00","8","","126.9130969","37.6094911","192326.78856073","556659.88045977"
"2026","1138056000","공공시설","공공청사","구산동주민센터","서울특별시 은평구 갈현로17길 10","서울특별시 은평구 구산동 27-5","66.00","20","","126.9104157","37.6117509","192090.28813423","556910.91627036"
"2026","1138056000","특정계층이용시설","회원이용시설","구산거북경로당","서울특별시 은평구 연서로13길 29-7","서울특별시 은평구 구산동 17-33","151.00","40","※ 경로당 실제 운영시간에 맞춰 탄력적 운영 가능","126.9127000","37.6098000","192291.77568138","556694.19751667"
"2026","1138056000","특정계층이용시설","회원이용시설","구산경로당","서울특별시 은평구 서오릉로21길 11-8","서울특별시 은평구 구산동 340-6","132.00","30","※ 경로당 실제 운영시간에 맞춰 탄력적 운영 가능","126.9079030","37.6148050","191868.76554042","557250.10308440"
"2026","1138056000","특정계층이용시설","기타","서부장애인종합복지관","서울특별시 은평구 갈현로11길 30","서울특별시 은평구 구산동 191-1","93.00","31","","126.9063170","37.6058710","191727.74827120","556258.66454013"
"2026","1138057000","특정계층이용시설","회원이용시설","믿음의집경로당","서울특별시 은평구 역말로10길 30-1 (사회복지법인오병이어복지재단복지관)","서울특별시 은평구 대조동 68-5","","","※ 경로당 실제 운영시간에 맞춰 탄력적 운영 가능","126.9238180","37.6092190","193273.39634492","556628.85813388"
"2026","1138057000","특정계층이용시설","회원이용시설","삼성타운아파트경로당","서울특별시 은평구 서오릉로 94 (삼성타운아파트)","서울특별시 은평구 대조동 231","","","※ 경로당 실제 운영시간에 맞춰 탄력적 운영 가능","126.9215710","37.6089590","193074.96998071","556600.16432767"
"2026","1138057000","생활밀착민간시설","유통?판매?서비스시설","NC백화점불광점","서울특별시 은평구 불광로 20 (대조동)","서울특별시 은평구 대조동 240","33.00","10","","126.9287476","37.6097015","193708.70345380","556682.06862169"
"2026","1138057000","특정계층이용시설","회원이용시설","어울누리대촌경로당","서울특별시 은평구 서오릉로 114-16 (대조동)","서울특별시 은평구 대조동 172-15","247.00","40","※ 경로당 실제 운영시간에 맞춰 탄력적 운영 가능","126.9206000","37.6105000","192989.37841748","556771.27064452"
"2026","1138057000","공공시설","공공청사","대조동주민센터","서울특별시 은평구 연서로20길 24-3","서울특별시 은평구 대조동 214-7","276.00","83","","126.9208486","37.6141670","193011.67170233","557178.24943636"
"2026","1138057000","특정계층이용시설","회원이용시설","대조경로당","서울특별시 은평구 연서로22길 9-30","서울특별시 은평구 대조동 212","137.00","30","※ 경로당 실제 운영시간에 맞춰 탄력적 운영 가능","126.9195840","37.6153470","192900.13152356","557309.31161751"
"2026","1138057000","특정계층이용시설","회원이용시설","대조노인복지관","서울특별시 은평구 역말로9길 27","서울특별시 은평구 대조동 208-11","30.00","10","","126.9219230","37.6134510","193106.46509420","557098.70172469"
"2026","1138058000","특정계층이용시설","회원이용시설","힐스테이트녹번역아파트경로당","서울특별시 은평구 은평로 240 (힐스테이트녹번역 110동)","서울특별시 은평구 응암동 770","","","※ 경로당 실제 운영시간에 맞춰 탄력적 운영 가능","126.9350570","37.5992990","194264.99927016","555527.10121505"
"2026","1138058000","특정계층이용시설","회원이용시설","녹번역e편한세상캐슬아파트경로당","서울특별시 은평구 은평로 220 (녹번역e편한세상캐슬 108동)","서울특별시 은평구 응암동 769-1","","","※ 경로당 실제 운영시간에 맞춰 탄력적 운영 가능","126.9326160","37.5974840","194049.29433340","555325.80821891"
"2026","1138058000","특정계층이용시설","회원이용시설","신동아아파트경로당","서울특별시 은평구 백련산로 127 (신동아아파트)","서울특별시 은평구 응암동 197-78","","","※ 경로당 실제 운영시간에 맞춰 탄력적 운영 가능","126.9234300","37.5970910","193238.03963466","555282.81133599"
"2026","1141066000","특정계층이용시설","회원이용시설","홍은1동분회경로당","서울특별시 서대문구  세검정로1길  116 , 홍은동종합사회복지관 (홍은동)","서울특별시 서대문구 홍은동 48-20","118.00","23","","126.9464398","37.5954015","195269.94744690","555093.88779986"
"2026","1141066000","특정계층이용시설","회원이용시설","포방터경로당","서울특별시 서대문구 홍은중앙로9길 43 (홍은동)","서울특별시 서대문구 홍은동 11-80","136.00","27","","126.9483921","37.6011975","195442.71411011","555737.08293250"
"2026","1141066000","공공시설","공공청사","홍은1동주민센터","서울특별시 서대문구 홍은중앙로 85","서울특별시 서대문구 홍은동 11-853","","","폭염특보 발효시 평일 09~22시 운영 주말 및 공휴일 09시~19시 운영","126.9471445","37.5988518","195332.39702963","555476.79747086"
"2026","1141066000","특정계층이용시설","회원이용시설","아름다운홍일경로당","서울특별시 서대문구 통일로48가길 37 (홍은동, 홍은풍림1차아파트)","서울특별시 서대문구 홍은동 440-3","54.00","10","","126.9424000","37.5946000","194913.12670871","555005.14138244"
"2026","1141066000","공공시설","복지?문화?체육시설","홍은도담도서관","서울특별시 서대문구  홍은중앙로  129   (홍은동)","서울특별시 서대문구 홍은동 11-7","682.77","15","토,일 : 09시~17시","126.9490409","37.6017549","195500.04060342","555798.91688932"
"2026","1141066000","공공시설","복지?문화?체육시설","홍은종합사회복지관","서울특별시 서대문구 세검정로1길 116","서울특별시 서대문구 홍은동 48-20","560.00","20","","126.9464778","37.5953582","195273.30059565","555089.08006960"
"2026","1141068500","공공시설","복지?문화?체육시설","하하호호마을활력소","서울특별시 서대문구 통일로 483 (자전거보관소)","서울특별시 서대문구 홍은동 217-27","","20","","126.9405420","37.5907520","194748.76933171","554578.15874493"
"2026","1141068500","공공시설","공공청사","홍은2동주민센터","서울특별시 서대문구 모래내로 334 (홍은2동주민센터 서대문구청 제4별관)","서울특별시 서대문구 홍은동 273-10","","","폭염특보 발효시 평일 09~22시 운영 주말 및 공휴일 09시~19시 운영","126.9340770","37.5800930","194176.96109962","553395.51166239"
"2026","1141068500","특정계층이용시설","회원이용시설","미성A경로당","서울특별시 서대문구 연희로41길 114 (미성아파트 노인정)","서울특별시 서대문구 홍은동 186-1","62.00","12","","126.9356250","37.5937550","194314.73655441","554911.74436189"
"2026","1141068500","특정계층이용시설","회원이용시설","홍은현대A경로당","서울특별시 서대문구 연희로 377 (현대아파트 관리사무소)","서울특별시 서대문구 홍은동 202-5","95.00","20","","126.9376500","37.5900490","194493.30093003","554500.29926932"
"2026","1141068500","특정계층이용시설","회원이용시설","금송힐스빌경로당","서울특별시 서대문구 연희로41길 173 (금송힐스빌 101동)","서울특별시 서대문구 홍은동 458","267.00","53","","126.9325210","37.5950560","194040.71121851","555056.33326474"
"2026","1141068500","특정계층이용시설","회원이용시설","백련경로당","서울특별시 서대문구 명지대길 50 (홍은동)","서울특별시 서대문구 홍은동 421-1","90.00","18","","126.9241493","37.5823773","193300.24285192","553649.70457511"
"2026","1141068500","특정계층이용시설","회원이용시설","상지경로당","서울특별시 서대문구 통일로 555-1 (홍은동)","서울특별시 서대문구 홍은동 산 11-245","211.00","42","","126.9374000","37.5969000","194471.72796028","555260.69832912"
"2026","1141068500","특정계층이용시설","회원이용시설","논골문화원","서울특별시 서대문구 연희로41나길 1 (홍은동)","서울특별시 서대문구 홍은동 197-5","119.00","23","","126.9335302","37.5918377","194129.58414605","554699.07439665"
"2026","1141068500","특정계층이용시설","회원이용시설","정원단지경로당","서울특별시 서대문구  연희로39나길  8 , 정원단지경로당 (홍은동)","서울특별시 서대문구 홍은동 265-159","145.00","28","","126.9319217","37.5866963","193987.11257945","554128.53864562"
"2026","1132052100","특정계층이용시설","회원이용시설","도봉동어르신복지관","서울특별시 도봉구 도봉로169가길 52","서울특별시 도봉구 도봉동 580-5","1,125.00","100","","127.0436106","37.6821275","203846.90101989","564719.12252435"
"2026","1132052100","특정계층이용시설","회원이용시설","성황당경로당","서울특별시 도봉구 도봉로165길 28-8  (도봉동)","서울특별시 도봉구 도봉동 597-39","114.00","50","","127.0434308","37.6774923","203831.27918733","564204.65229781"
"2026","1132052100","특정계층이용시설","회원이용시설","오봉경로당","서울특별시 도봉구 도봉로157길 35-4","서울특별시 도봉구 도봉동 605-8","73.00","60","","127.0418677","37.6733716","203693.59345469","563747.23162080"
"2026","1132052100","공공시설","공공청사","도봉1동주민센터","서울특별시 도봉구 도봉로169나길 22  (도봉동)","서울특별시 도봉구 도봉동 593-69","1,329.00","150","","127.0434201","37.6787002","203830.27317999","564338.71716743"
"2026","1132052100","특정계층이용시설","회원이용시설","안골경로당","서울특별시 도봉구  도봉로191길  88   (도봉동)","서울특별시 도봉구 도봉동 348","66.00","40","","127.0409645","37.6898595","203613.11282707","565577.19615311"
"2026","1132052200","특정계층이용시설","특수근로자 쉼터","도봉구이동노동자쉼터","서울특별시 도봉구 도봉로170길 2 (도봉역)","서울특별시 도봉구 도봉동 639","42.00","10","","127.0448090","37.6747570","203953.00321123","563901.11757310"
"2026","1132052200","야외시설","공원","중랑천노원교하부야외무더위쉼터","","서울특별시 도봉구 도봉동 86-1","100.00","10","우천시 미운영","127.0500030","37.6791950","204410.94975234","564393.92460515"
"2026","1132052200","특정계층이용시설","회원이용시설","도봉파크빌3단지아파트경로당","서울특별시 도봉구 마들로 891 (도봉파크빌3단지아파트 303동)","서울특별시 도봉구 도봉동 644","58.00","40","","127.0489650","37.6877270","204318.88921068","565340.84726175"
"2026","1132052200","특정계층이용시설","회원이용시설","도봉파크빌2단지아파트경로당","서울특별시 도봉구 마들로 835 (도봉파크빌2단지 202동)","서울특별시 도봉구 도봉동 647","49.00","40","","127.0509260","37.6844730","204492.05272474","564979.77617073"
"2026","1132052200","특정계층이용시설","회원이용시설","동아에코빌아파트경로당","서울특별시 도봉구 도봉로180길 6-23 (동아에코빌아파트 102동)","서울특별시 도봉구 도봉동 654","90.00","50","","127.0476390","37.6818540","204202.26255551","564688.93959860"
"2026","1132052200","특정계층이용시설","회원이용시설","서광아파트경로당","서울특별시 도봉구 마들로 770 (서광아파트 경비실)","서울특별시 도봉구 도봉동 643","66.00","40","","127.0494870","37.6773540","204365.53935149","564189.56710798"
"2026","1132052200","특정계층이용시설","회원이용시설","서원아파트경로당","서울특별시 도봉구 마들로 684-19 (서원아파트)","서울특별시 도봉구 도봉동 641","268.00","100","","127.0479880","37.6723170","204233.58991424","563630.44000104"
"2026","1132052200","특정계층이용시설","회원이용시설","도봉극동아파트경로당","서울특별시 도봉구 도봉로180길 77 (극동아파트)","서울특별시 도봉구 도봉동 81-1","59.00","40","","127.0494690","37.6823500","204363.65882355","564744.07449712"
"2026","1132052200","특정계층이용시설","회원이용시설","도봉한신아파트경로당","서울특별시 도봉구 마들로 859-19 (도봉한신아파트 경로회관)","서울특별시 도봉구 도봉동 30-1","310.00","100","","127.0474560","37.6852450","204185.92946120","565065.30021820"
"2026","1132052200","특정계층이용시설","회원이용시설","래미안도봉아파트경로당","서울특별시 도봉구 도봉로170길 40 (래미안도봉아파트 101동)","서울특별시 도봉구 도봉동 655","74.00","50","","127.0471120","37.6799320","204155.88281127","564475.59244495"
"2026","1132052200","특정계층이용시설","회원이용시설","도봉주공아파트경로당","서울특별시 도봉구 도봉로180길 83-14 (주공아파트 101동)","서울특별시 도봉구 도봉동 649","52.00","40","","127.0506340","37.6833190","204466.36534100","564851.67916214"
"2026","1135061900","특정계층이용시설","회원이용시설","삼성아파트경로당","서울특별시 노원구 중계로14나길 25 (삼성아파트 상가)","서울특별시 노원구 중계동 593","","","정문 바로옆, 103동 맞은편 / 주말 및 공휴일 미운영","127.0833850","37.6489290","207358.68721082","561036.79163450"
"2026","1135061900","특정계층이용시설","회원이용시설","현대1차아파트경로당","서울특별시 노원구 중계로8길 106 (현대그룹중계동주택조합1차(아) 관리사무소.경로당)","서울특별시 노원구 중계동 577","","","관리사무소 건물 내 1층 / 주말 및 공휴일 미운영","127.0849480","37.6487520","207496.63904576","561017.27019329"
"2026","1135061900","특정계층이용시설","회원이용시설","진로대림아파트경로당","서울특별시 노원구 중계로14가길 5 (진로유통조합아파트)","서울특별시 노원구 중계동 78","","","11,12 라인 1층 / 주말 및 공휴일 미운영","127.0820870","37.6486880","207244.16270633","561009.94204020"
"2026","1135061900","특정계층이용시설","회원이용시설","중계불암경로당","서울특별시 노원구 중계로 184 (라이프청구신동아아파트 독서,회의실,관리)","서울특별시 노원구 중계동 366","","","관리사무소 건물 내 1층 / 주말 및 공휴일 미운영","127.0793130","37.6514480","206999.09864986","561316.06353166"
"2026","1135061900","특정계층이용시설","회원이용시설","중계7단지경로당","서울특별시 노원구 한글비석로8길 42 (주공7단지아파트 경로당)","서울특별시 노원구 중계동 363-1","","","관리사무소 건물 내 1층 / 주말 및 공휴일 미운영","127.0797980","37.6474310","207042.27752635","560870.25348091"
"2026","1135061900","특정계층이용시설","회원이용시설","주공6단지경로당","서울특별시 노원구 한글비석로8길 41 (중계6단지주공아파트 604동)","서울특별시 노원구 중계동 364-12","","","관리사무소 건물 내 1층 / 주말 및 공휴일 미운영","127.0777720","37.6489060","206863.34462442","561033.81334875"
"2026","1135061900","특정계층이용시설","회원이용시설","편백경로당","서울특별시 노원구 중계로16길 36-1 (중계동)","서울특별시 노원구 중계동 107-54","40.00","15","","127.0823416","37.6509474","207266.41097483","561260.73229062"
"2026","1135061900","특정계층이용시설","회원이용시설","은행경로당","서울특별시 노원구 중계로8길 124","서울특별시 노원구 중계동 68-5","50.00","44","건물 2층 / 주말 및 공휴일 미운영","127.0836300","37.6482540","207380.37514412","560961.89272218"
"2026","1135061900","특정계층이용시설","회원이용시설","천보경로당","서울특별시 노원구 중계로14길 39-4 (중계동)","서울특별시 노원구 중계동 93-32","259.00","33","","127.0822129","37.6502573","207255.12069971","561184.12819480"
"2026","1135061900","공공시설","공공청사","중계본동주민센터","서울특별시 노원구 중계로 143 (중계동)","서울특별시 노원구 중계동 363-4","266.00","20","","127.0803460","37.6477704","207090.60698334","560907.96471682"
"2026","1135062100","특정계층이용시설","회원이용시설","양지대림1차106,107동경로당","서울특별시 노원구 덕릉로73길 31 (양지대림아파트)","서울특별시 노원구 중계동 423-59","91.00","28","재활용 분리수거장 옆 건물 1층 / 주말 및 공휴일 미운영","127.0720610","37.6521190","206359.07735853","561390.02135937"
"2026","1135062100","특정계층이용시설","회원이용시설","양지대림2단지아파트경로당","서울특별시 노원구 덕릉로73길 28 (양지대림2차아파트 관리사무소)","서울특별시 노원구 중계동 588-2","","","관리사무소 건물 2층 / 주말 및 공휴일 미운영","127.0725800","37.6525160","206404.84281468","561434.11967575"
"2026","1135062100","특정계층이용시설","회원이용시설","양지대림1단지아파트경로당","서울특별시 노원구 덕릉로71길 30 (양지대림아파트 관리사무소)","서울특별시 노원구 중계동 587","","","관리사무소 건물 1층 / 주말 및 공휴일 미운영","127.0709220","37.6511460","206258.64708765","561281.95155872"
"2026","1135062100","특정계층이용시설","회원이용시설","건영3차아파트경로당","서울특별시 노원구 노원로22길 71 (건영3차아파트 관리사무소/경로당)","서울특별시 노원구 중계동 360-15","","","관리사무소 건물 1층 / 주말 및 공휴일 미운영","127.0746340","37.6485520","206586.44873217","560994.29796434"
"2026","1135062100","특정계층이용시설","회원이용시설","3차청구아파트경로당","서울특별시 노원구 중계로 233 (청구3차아파트 관리사무소/경로당)","서울특별시 노원구 중계동 360-2","","","부녀회 건물 1층 / 주말 및 공휴일 미운영","127.0743040","37.6497170","206557.22380856","561123.57804462"
"2026","1135062100","특정계층이용시설","회원이용시설","중계주공10단지경로당","서울특별시 노원구 노원로22길 53 (주공10단지아파트 관리사무소/경로당)","서울특별시 노원구 중계동 360-16","","","관리사무소 건물 1층 / 주말 및 공휴일 미운영","127.0730480","37.6480800","206446.52504626","560941.80057235"
"2026","1138058000","특정계층이용시설","회원이용시설","응암푸르지오아파트경로당(102동)","서울특별시 은평구 백련산로 146 (응암푸르지오 102동)","서울특별시 은평구 응암동 176","","","※ 경로당 실제 운영시간에 맞춰 탄력적 운영 가능","126.9257910","37.5976600","193446.59144211","555345.79663787"
"2026","1138058000","특정계층이용시설","회원이용시설","금호아파트경로당","서울특별시 은평구 응암로 318 (응암동금호아파트)","서울특별시 은평구 응암동 739","","","※ 경로당 실제 운영시간에 맞춰 탄력적 운영 가능","126.9222860","37.5992350","193137.20895056","555520.85455285"
"2026","1138058000","특정계층이용시설","회원이용시설","응암SH-VILLE경로당","서울특별시 은평구 백련산로 146-30 (응암동, 응암 SH-VILLE)","서울특별시 은평구 응암동 176-1","80.00","25","※ 경로당 실제 운영시간에 맞춰 탄력적 운영 가능","126.9269027","37.5979950","193544.79480036","555382.90092292"
"2026","1138058000","생활밀착민간시설","유통?판매?서비스시설","이마트은평점","서울특별시 은평구 은평로 111 (응암동)","서울특별시 은평구 응암동 90-1","33.00","10","","126.9202664","37.6004898","192958.97973420","555660.27299479"
"2026","1138058000","공공시설","공공청사","응암1동주민센터","서울특별시 은평구 백련산로 179","서울특별시 은평구 응암동 96-3","100.00","30","","126.9268275","37.6007832","193538.39503807","555692.36543780"
"2026","1138058000","특정계층이용시설","회원이용시설","응암제일경로당","서울특별시 은평구 백련산로 159-3 (응암동)","서울특별시 은평구 응암동 159-5","100.00","15","※ 경로당 실제 운영시간에 맞춰 탄력적 운영 가능","126.9255902","37.5994684","193429.01779769","555546.52302924"
"2026","1138059000","특정계층이용시설","회원이용시설","백련산SK뷰아이파크아파트경로당","서울특별시 은평구 응암로30길 16 (백련산에스케이뷰아이파크 101동)","서울특별시 은평구 응암동 767","","","※ 경로당 실제 운영시간에 맞춰 탄력적 운영 가능","126.9209520","37.5946480","193018.97713362","555011.84683747"
"2026","1138059000","특정계층이용시설","회원이용시설","백련산해모로아파트경로당","서울특별시 은평구 응암로30길 15 (백련산해모로 104동)","서울특별시 은평구 응암동 768","","","※ 경로당 실제 운영시간에 맞춰 탄력적 운영 가능","126.9226120","37.5963090","193165.72984148","555196.07724147"
"2026","1138059000","특정계층이용시설","회원이용시설","백련산힐스테이트3차골든클럽경로당","서울특별시 은평구 백련산로 36 (백련산 힐스테이트 3차 301동)","서울특별시 은평구 응암동 761","","","※ 경로당 실제 운영시간에 맞춰 탄력적 운영 가능","126.9239120","37.5882390","193279.80953103","554300.30380938"
"2026","1138059000","특정계층이용시설","회원이용시설","백련산파크자이경로당","서울특별시 은평구 백련산로 67 (백련산파크자이 102동)","서울특별시 은평구 응암동 766","","","※ 경로당 실제 운영시간에 맞춰 탄력적 운영 가능","126.9220720","37.5927600","193117.71464528","554802.21726597"
"2026","1138059000","특정계층이용시설","회원이용시설","백련산힐스테이트1차아파트경로당","서울특별시 은평구 백련산로2길 19 (백련산 힐스테이트1차 101동)","서울특별시 은평구 응암동 759","","","※ 경로당 실제 운영시간에 맞춰 탄력적 운영 가능","126.9250990","37.5924520","193385.01980432","554767.81520979"
"2026","1138059000","특정계층이용시설","회원이용시설","백련산힐스테이트2차아파트경로당","서울특별시 은평구 백련산로 38 (백련산 힐스테이트2차 201동)","서울특별시 은평구 응암동 760","","","※ 경로당 실제 운영시간에 맞춰 탄력적 운영 가능","126.9230810","37.5892350","193206.50505169","554410.90836734"
"2026","1138059000","특정계층이용시설","회원이용시설","대주아파트경로당","서울특별시 은평구 백련산로 6 (대주피오레아파트 101동)","서울특별시 은평구 응암동 669-3","","","※ 경로당 실제 운영시간에 맞춰 탄력적 운영 가능","126.9230100","37.5862590","193199.96359261","554080.61108581"
"2026","1138059000","특정계층이용시설","회원이용시설","백련산힐스테이트4차아파트경로당","서울특별시 은평구 백련산로 37 (힐스테이트백련산4차 406동)","서울특별시 은평구 응암동 764","","","※ 경로당 실제 운영시간에 맞춰 탄력적 운영 가능","126.9218460","37.5899180","193097.49276722","554486.80372498"
"2026","1141068500","특정계층이용시설","회원이용시설","구립홍은2동경로당","서울특별시 서대문구 모래내로 334","서울특별시 서대문구 홍은동 273-10","220.00","22","","126.9341521","37.5801083","194183.59594230","553397.20513525"
"2026","1141068500","특정계층이용시설","회원이용시설","홍남경로당","서울특별시 서대문구 증가로4길 38-9","서울특별시 서대문구 홍은동 415-22","125.98","25","","126.9274815","37.5773268","193594.13749382","553088.92440641"
"2026","1141069000","특정계층이용시설","회원이용시설","DMC파크뷰자이2단지경로당","서울특별시 서대문구 가재울미래로 2 (DMC파크뷰자이 214동)","서울특별시 서대문구 남가좌동 384","196.00","40","","126.9152910","37.5735540","192516.92191771","552671.08805701"
"2026","1141069000","특정계층이용시설","회원이용시설","DMC파크뷰자이1단지경로당","서울특별시 서대문구 가재울미래로 2 (DMC파크뷰자이 114동)","서울특별시 서대문구 남가좌동 385","277.00","55","","126.9174500","37.5730950","192707.60032541","552619.97460790"
"2026","1141069000","특정계층이용시설","회원이용시설","래미안남가좌2차A경로당","서울특별시 서대문구 수색로6길 43 (래미안남가좌2차아파트 관리사무소)","서울특별시 서대문구 남가좌동 379","146.00","29","","126.9128210","37.5717850","192298.54326472","552474.94908647"
"2026","1141069000","특정계층이용시설","회원이용시설","DMC금호리첸시아A경로당","서울특별시 서대문구 수색로2길 39 (DMC금호리첸시아 101동)","서울특별시 서대문구 남가좌동 396","165.00","35","","126.9159110","37.5708290","192571.42122868","552368.59539484"
"2026","1141069000","공공시설","복지?문화?체육시설","서대문종합사회복지관","서울특별시 서대문구 모래내로 173 (남가좌동)","서울특별시 서대문구 남가좌동 139-4","72.90","22","","126.9198561","37.5712707","192919.98057789","552417.31440884"
"2026","1141069000","공공시설","공공청사","남가좌1동주민센터","서울특별시 서대문구 모래내로15길 37 (남가좌동)","서울특별시 서대문구 남가좌동 385-3","","","폭염특보 발효시 평일 09~22시 운영 주말 및 공휴일 09시~19시 운영","126.9196951","37.5732669","192905.94696829","552638.88164910"
"2026","1141069000","공공시설","복지?문화?체육시설","시립서대문농아인복지관","서울특별시 서대문구 수색로4가길 23 (남가좌동)","서울특별시 서대문구 남가좌동 270-1","66.00","20","","126.9138238","37.5707286","192387.02384096","552357.61921062"
"2026","1141070000","공공시설","복지?문화?체육시설","가재울청소년센터","서울특별시 서대문구 거북골로 103 (가재울청소년센터)","서울특별시 서대문구 남가좌동 392","1,623.00","50","토요일 9시~ 21시  일요일 9시~18시","126.9184500","37.5751150","192796.13411023","552844.09416175"
"2026","1141070000","공공시설","복지?문화?체육시설","남가좌새롬어린이도서관","서울특별시 서대문구 증가로10길 16-15 (남가좌새롬어린이도서관)","서울특별시 서대문구 남가좌동 342-34","674.00","20","","126.9240240","37.5783750","193288.81608684","553205.50393888"
"2026","1141070000","특정계층이용시설","회원이용시설","가재울센트레빌A경로당","서울특별시 서대문구 거북골로 120 (DMC센트레빌 207동)","서울특별시 서대문구 남가좌동 381","128.00","25","","126.9155670","37.5761940","192541.56669168","552964.07569607"
"2026","1141070000","특정계층이용시설","회원이용시설","남가좌쌍용A경로당","서울특별시 서대문구 거북골로 91-6 (DMC쌍용스윗닷홈 101동)","서울특별시 서대문구 남가좌동 380","73.00","15","","126.9193140","37.5752890","192872.47370108","552863.34026477"
"2026","1141070000","특정계층이용시설","회원이용시설","남가좌삼성A경로당","서울특별시 서대문구 증가로 191 (DMC래미안클라시스 104동)","서울특별시 서대문구 남가좌동 377","202.00","40","","126.9167500","37.5780350","192646.24868717","553168.31231009"
"2026","1141070000","특정계층이용시설","회원이용시설","현대A경로당","서울특별시 서대문구 가재울로 45 (남가좌동현대아파트)","서울특별시 서대문구 남가좌동 376","270.00","54","","126.9201900","37.5754420","192949.87099340","552880.25541129"
"2026","1132052200","특정계층이용시설","회원이용시설","서원아파트제2경로당","서울특별시 도봉구 마들로 684-20 (서원아파트)","서울특별시 도봉구 도봉동 641-1","104.00","50","","127.0477970","37.6709920","204216.81451578","563483.36926887"
"2026","1132052200","특정계층이용시설","회원이용시설","유원아파트경로당","서울특별시 도봉구 도봉로180길 50 (유원도봉아파트 1동)","서울특별시 도봉구 도봉동 83","57.00","50","","127.0483990","37.6823100","204269.27644627","564739.58560213"
"2026","1132052200","특정계층이용시설","회원이용시설","삼환아파트경로당","서울특별시 도봉구 도봉로180길 6-83 (삼환도봉아파트)","서울특별시 도봉구 도봉동 87","106.00","50","","127.0491730","37.6808300","204337.63717703","564575.35524282"
"2026","1132052200","공공시설","공공청사","도봉2동주민센터","서울특별시 도봉구 마들로 668 (도봉2동주민센터(도봉서원종합복지관))","서울특별시 도봉구 도봉동 636-9","118.00","33","도봉서원복지관 2층","127.0465330","37.6697380","204105.36919317","563344.13138629"
"2026","1132052200","특정계층이용시설","회원이용시설","도봉경로당","서울특별시 도봉구 도봉로162길 12-9  (도봉동)","서울특별시 도봉구 도봉동 625-109","109.00","70","","127.0456463","37.6745563","204026.87979359","563878.87744851"
"2026","1132052200","공공시설","복지?문화?체육시설","도봉서원종합사회복지관","서울특별시 도봉구 마들로 668","서울특별시 도봉구 도봉동 636-9","3,582.00","200"," *폭염특보 발효 시에만 평일 연장: 09~20시/ 주말 운영: 09~18시","127.0465140","37.6697500","204103.69225924","563345.46243745"
"2026","1132052200","공공시설","복지?문화?체육시설","도봉장애인종합복지관","서울특별시 도봉구 마들로 664-23","서울특별시 도봉구 도봉동 636-22","176.00","43","","127.0476309","37.6693567","204202.25281448","563301.85944801"
"2026","1132066000","특정계층이용시설","회원이용시설","쌍문1동경로당","서울특별시 도봉구 우이천로34길 9-14","서울특별시 도봉구 쌍문동 448-3","165.00","36","","127.0227700","37.6499670","202009.41370455","561148.97222722"
"2026","1132066000","특정계층이용시설","회원이용시설","북한산코오롱하늘채경로당","서울특별시 도봉구 우이천로 367 (북한산코오롱하늘채아파트 101동)","서울특별시 도봉구 쌍문동 732","107.00","26","","127.0233980","37.6482790","202064.88036882","560961.63499946"
"2026","1132066000","특정계층이용시설","회원이용시설","우이그린빌라경로당","서울특별시 도봉구 해등로 337-20 (우이그린빌라)","서울특별시 도봉구 쌍문동 486-18","40.00","30","","127.0191090","37.6565540","201686.18773777","561879.99075436"
"2026","1132066000","특정계층이용시설","회원이용시설","북한산월드메르디앙아파트경로당","서울특별시 도봉구 삼양로 566 (북한산월드메르디앙 101동)","서울특별시 도봉구 쌍문동 728","89.00","40","","127.0131880","37.6536470","201163.76109625","561557.25297504"
"2026","1132066000","특정계층이용시설","회원이용시설","염광아파트경로당","","서울특별시 도봉구 쌍문동 722","19.00","30","","127.0264710","37.6487040","202336.06021401","561008.87776919"
"2026","1132066000","특정계층이용시설","회원이용시설","쌍문극동아파트경로당","서울특별시 도봉구 노해로45길 26 (쌍문극동아파트 104동)","서울특별시 도봉구 쌍문동 721","50.00","40","","127.0273770","37.6516890","202415.91782802","561340.20548361"
"2026","1132066000","특정계층이용시설","회원이용시설","현대3차아파트경로당","서울특별시 도봉구 우이천로38가길 32 (쌍문현대3차아파트 관리사무소)","서울특별시 도봉구 쌍문동 719","58.00","40","","127.0217190","37.6518360","201916.61671064","561356.39032330"
"2026","1132066000","특정계층이용시설","회원이용시설","동익아파트경로당","서울특별시 도봉구 우이천로32길 67","서울특별시 도봉구 쌍문동 285-5","90.00","30","","127.0240690","37.6515050","202124.00443966","561319.70328507"
"2026","1135062100","특정계층이용시설","회원이용시설","주공8단지경로당","서울특별시 노원구 한글비석로5길 62 (중계8단지주공아파트 801동)","서울특별시 노원구 중계동 362-1","","","관리사무소 건물 2층 / 주말 및 공휴일 미운영","127.0755380","37.6462820","206666.42960835","560742.41488753"
"2026","1135062100","특정계층이용시설","회원이용시설","중계5단지경로당","서울특별시 노원구 중계로 230 (중계5단지주공아파트 관리사무소/경로당)","서울특별시 노원구 중계동 359-7","","","어린이 놀이터 옆 건물 1층 / 주말 및 공휴일 미운영","127.0750280","37.6516860","206620.94099441","561342.16802022"
"2026","1135062100","공공시설","공공청사","중계1동주민센터","서울특별시 노원구 한글비석로 279 (중계동)","서울특별시 노원구 중계동 359-5","266.00","20","","127.0775190","37.6525911","206840.67945623","561442.80376320"
"2026","1135062100","특정계층이용시설","회원이용시설","양지대림2차209동경로당","서울특별시 노원구 덕릉로77길 27 (양지대림아파트 관리사무소)","서울특별시 노원구 중계동 588-1","117.00","20","관리사무소 1층 / 주말 및 공휴일 미운영","127.0730520","37.6544950","206446.32351545","561653.80112947"
"2026","1135062400","공공시설","복지?문화?체육시설","중계어울마루","서울특별시 노원구 한글비석로 371","서울특별시 노원구 중계동 606-2","","","","127.0737280","37.6585560","206505.62141721","562104.57824075"
"2026","1135062400","특정계층이용시설","회원이용시설","대호프라자경로당","서울특별시 노원구 한글비석로 384  (중계동)","서울특별시 노원구 중계동 591","","","4층 / 주말 및 공휴일 미운영","127.0729646","37.6597791","206438.15479238","562240.27749987"
"2026","1135062400","특정계층이용시설","회원이용시설","삼창아파트경로당(중계4동)","서울특별시 노원구 한글비석로 383 (삼창타워프라자)","서울특별시 노원구 중계동 584-1","","","삼창타워프라자 1층 / 주말 및 공휴일 미운영","127.0727530","37.6590730","206419.54470517","562161.89290919"
"2026","1135062400","특정계층이용시설","회원이용시설","건영아파트경로당","서울특별시 노원구 덕릉로 718  (중계동, 중계동건영아파트)","서울특별시 노원구 중계동 586","","","관리사무소 1층 / 주말 및 공휴일 미운영","127.0760250","37.6614226","206708.04651571","562422.90422343"
"2026","1135062400","특정계층이용시설","회원이용시설","현대2차아파트경로당(중계4동)","서울특별시 노원구 한글비석로15길 51 (현대아파트 경로당)","서울특별시 노원구 중계동 435-1","","","관리사무소 1층 / 주말 및 공휴일 미운영","127.0741280","37.6559140","206541.14845552","561811.37041993"
"2026","1135062400","특정계층이용시설","회원이용시설","한화꿈에그린더퍼스트경로당","서울특별시 노원구 덕릉로83길 9-7 (중계 한화 꿈에그린 The FIRST 101동)","서울특별시 노원구 중계동 606","","","101동 1층 / 주말 및 공휴일 미운영","127.0745380","37.6591260","206577.04403547","562167.89907088"
"2026","1135062400","특정계층이용시설","회원이용시설","청암3단지아파트경로당","서울특별시 노원구 덕릉로86길 70 (청암3단지 아파트 301동)","서울특별시 노원구 중계동 582","","","304동 1층 / 주말 및 공휴일 미운영","127.0790490","37.6606430","206974.94136777","562336.59696222"
"2026","1135062400","특정계층이용시설","회원이용시설","경남아너스빌아파트경로당","서울특별시 노원구 덕릉로94길 10 (경남아너스빌 노인정)","서울특별시 노원구 중계동 596","","","관리사무소 1층 / 주말 및 공휴일 미운영","127.0760930","37.6620870","206713.98664137","562496.65091956"
"2026","1135062400","특정계층이용시설","회원이용시설","염광아파트경로당","서울특별시 노원구 덕릉로79길 23 (염광아파트 관리사무실)","서울특별시 노원구 중계동 445","","","관리사무소 1층 / 주말 및 공휴일 미운영","127.0729120","37.6562040","206433.82203971","561843.47340573"
"2026","1135062400","특정계층이용시설","회원이용시설","중계성원2차경로당","서울특별시 노원구 덕릉로89길 8 (성원2차아파트 관리사무실.경로당)","서울특별시 노원구 중계동 137-31","","","관리사무소 1층 / 주말 및 공휴일 미운영","127.0752810","37.6617840","206642.36765408","562462.96308760"
"2026","1135062400","특정계층이용시설","회원이용시설","중앙하이츠아파트경로당","서울특별시 노원구 한글비석로14길 37 (중앙하이츠아파트)","서울특별시 노원구 중계동 161-5","","","관리사무소 1층 / 주말 및 공휴일 미운영","127.0764300","37.6589790","206744.00263807","562151.71790790"
"2026","1135062400","특정계층이용시설","회원이용시설","주공4단지아파트경로당","서울특별시 노원구 덕릉로76길 29 (주공4단지아파트 경비실)","서울특별시 노원구 중계동 358-2","","","관리사무소 1층 / 주말 및 공휴일 미운영","127.0770640","37.6548380","206800.32297764","561692.15401668"
"2026","1138059000","공공시설","공공청사","응암2동주민센터","서울특별시 은평구 백련산로 100","서울특별시 은평구 응암동 229-13","41.00","20","","126.9231421","37.5944082","193212.37125938","554985.07117287"
"2026","1138059000","특정계층이용시설","회원이용시설","백련산힐스테이트3-2아파트임대동경로당(212동)","서울특별시 은평구 백련산로2길 42","서울특별시 은평구 응암동 760-2","105.00","35","※ 경로당 실제 운영시간에 맞춰 탄력적 운영 가능","126.9240000","37.5894000","193287.68606777","554429.15543918"
"2026","1138059000","특정계층이용시설","회원이용시설","매바위경로당","서울특별시 은평구 응암로22길 13-9","서울특별시 은평구 응암동 419-135","133.00","15","※ 경로당 실제 운영시간에 맞춰 탄력적 운영 가능","126.9198000","37.5942000","192917.19725145","554962.21009001"
"2026","1138060000","특정계층이용시설","회원이용시설","응암노인복지관","서울특별시 은평구 응암로21가길 5-1  (응암동)","서울특별시 은평구 응암동 126-46","","","","126.9167778","37.5945876","192650.33200176","555005.46158086"
"2026","1138060000","공공시설","복지?문화?체육시설","구립응암도서관","서울특별시 은평구 가좌로7길 15","서울특별시 은평구 응암동 730-3","351.23","59","","126.9196390","37.5860070","192902.20065302","554052.89131022"
"2026","1138060000","특정계층이용시설","회원이용시설","덕인경로당","서울특별시 은평구 응암로21가길 5-1 (응암동)","서울특별시 은평구 응암동 126-46","198.00","30","※ 경로당 실제 운영시간에 맞춰 탄력적 운영 가능","126.9168000","37.5946000","192652.29378750","555006.83610552"
"2026","1138060000","특정계층이용시설","회원이용시설","불광천어르신쉼터(은평춘당)","서울특별시 은평구 증산로 414 (응암동)","서울특별시 은평구 응암동 610-2","198.00","70","※ 공휴일 제외","126.9145000","37.5934000","192449.05081384","554873.83192875"
"2026","1138060000","공공시설","공공청사","응암3동주민센터","서울특별시 은평구 불광천길 410-17","서울특별시 은평구 응암동 583-22","470.00","120","","126.9156220","37.5922683","192548.02763701","554748.13626920"
"2026","1138060000","특정계층이용시설","회원이용시설","충암경로당","서울특별시 은평구 가좌로7길 9-15","서울특별시 은평구 응암동 746-15","280.00","30","※ 경로당 실제 운영시간에 맞춰 탄력적 운영 가능","126.9207310","37.5861280","192998.66173361","554066.23898939"
"2026","1138062500","특정계층이용시설","회원이용시설","역촌센트레빌경로당","서울특별시 은평구 갈현로3나길 23 (역촌센트레빌 102동)","서울특별시 은평구 역촌동 232","","","※ 경로당 실제 운영시간에 맞춰 탄력적 운영 가능","126.9058340","37.6030710","191684.78747611","555947.93788015"
"2026","1138062500","특정계층이용시설","회원이용시설","어울누리해솔경로당","서울특별시 은평구 역말로 83-11","서울특별시 은평구 역촌동 13-29","140.00","30","※ 경로당 실제 운영시간에 맞춰 탄력적 운영 가능","126.9186147","37.6071703","192813.76600607","556401.86028704"
"2026","1138062500","공공시설","공공청사","역촌동주민센터","서울특별시 은평구 연서로 59","서울특별시 은평구 역촌동 62-26","66.00","20","","126.9152382","37.6043975","192515.34682984","556094.37361205"
"2026","1138062500","특정계층이용시설","회원이용시설","어울누리안심마을경로당","서울특별시 은평구 진흥로7나길 12-5","서울특별시 은평구 역촌동 25-103","228.00","40","※ 경로당 실제 운영시간에 맞춰 탄력적 운영 가능","126.9192460","37.6053180","192869.33230448","556196.22710593"
"2026","1138062500","특정계층이용시설","회원이용시설","역마을경로당","서울특별시 은평구 진흥로1길 32-23","서울특별시 은평구 역촌동 30-26","165.00","20","※ 경로당 실제 운영시간에 맞춰 탄력적 운영 가능","126.9199500","37.6034190","192931.31660671","555985.40570360"
"2026","1138062500","특정계층이용시설","회원이용시설","역촌노인복지관","서울특별시 은평구 연서로3나길 11-30","서울특별시 은평구 역촌동 67-9","42.00","15","","126.9113330","37.6033140","192170.39546173","555974.43546397"
"2026","1141070000","특정계층이용시설","회원이용시설","DMC센트럴아이파크경로당","서울특별시 서대문구 증가로 150 (남가좌동)","서울특별시 서대문구 남가좌동 388","141.00","66","","126.9207300","37.5792760","192997.93169039","553305.74502211"
"2026","1141070000","특정계층이용시설","회원이용시설","DMC에코자이시니어스클럽","서울특별시 서대문구 거북골로 84 (DMC에코자이 105동)","서울특별시 서대문구 남가좌동 389","375.00","54","","126.9191100","37.5775330","192854.66745754","553112.41396508"
"2026","1141070000","특정계층이용시설","회원이용시설","래미안루센티아시니어스클럽","서울특별시 서대문구 거북골로 100 (래미안 루센티아 106동)","서울특별시 서대문구 남가좌동 390","244.04","27","","126.9178010","37.5762920","192738.91780395","552974.77757523"
"2026","1141070000","특정계층이용시설","회원이용시설","가좌상록경로당","서울특별시 서대문구 가재울로 43 (남가좌동)","서울특별시 서대문구 남가좌동 376-3","57.00","11","","126.9203603","37.5743022","192964.80746094","552753.73798229"
"2026","1141070000","특정계층이용시설","회원이용시설","남가좌2동분회경로당","서울특별시 서대문구 가재울로8길 27-14 (남가좌동)","서울특별시 서대문구 남가좌동 346-19","103.00","20","","126.9225249","37.5763238","193156.20841565","552977.95242693"
"2026","1141070000","특정계층이용시설","회원이용시설","가좌울경로당(삼성임대A)","서울특별시 서대문구 증가로 191 (DMC래미안클라시스 202동)","서울특별시 서대문구 남가좌동 377","42.00","10","","126.9160020","37.5786280","192580.23417345","553234.18732653"
"2026","1141070000","특정계층이용시설","회원이용시설","삼오경로당","서울특별시 서대문구 명지대3길 36-4 (남가좌동)","서울특별시 서대문구 남가좌동 5-93","133.00","25","","126.9217631","37.5821248","193089.45068601","553621.85280501"
"2026","1141070000","공공시설","공공청사","남가좌2동주민센터","서울특별시 서대문구 증가로10길 28","서울특별시 서대문구 남가좌동 342-7","","","폭염특보 발효시 평일 09~22시 운영 주말 및 공휴일 09시~19시 운영","126.9238653","37.5784334","193274.80289873","553211.99701779"
"2026","1141071000","특정계층이용시설","회원이용시설","DMC아파트제4경로당","서울특별시 서대문구 수색로 100 (DMC 래미안 e편한세상 406동)","서울특별시 서대문구 북가좌동 470","88.62","18","","126.9096340","37.5773630","192017.59670826","553094.30879813"
"2026","1141071000","특정계층이용시설","회원이용시설","DMC아파트제3경로당","서울특별시 서대문구 수색로 100 (DMC 래미안 e편한세상 307동)","서울특별시 서대문구 북가좌동 481","150.88","30","","126.9109140","37.5726870","192130.17236688","552575.21866130"
"2026","1141071000","특정계층이용시설","회원이용시설","DMC아파트제2경로당","서울특별시 서대문구 수색로 100 (DMC 래미안 e편한세상 207동)","서울특별시 서대문구 북가좌동 478","346.76","70","","126.9120050","37.5743960","192226.72859891","552764.80711670"
"2026","1141071000","특정계층이용시설","회원이용시설","DMC아파트제1경로당","서울특별시 서대문구 수색로 100 (DMC 래미안 e편한세상 105동)","서울특별시 서대문구 북가좌동 469","150.88","30","","126.9089730","37.5767810","191959.14524314","553029.76984134"
"2026","1141071000","특정계층이용시설","회원이용시설","요진아파트실버문화원","서울특별시 서대문구 수색로 102 (DMC요진아파트)","서울특별시 서대문구 북가좌동 150","39.90","10","","126.9083590","37.5728800","191904.48535827","552596.85649214"
"2026","1141071000","특정계층이용시설","회원이용시설","신일해피트리A경로당","서울특별시 서대문구 수색로 147-1 (북가좌신일해피트리아파트 102동)","서울특별시 서대문구 북가좌동 455","95.85","18","","126.9046810","37.5748000","191579.78899917","552810.27759329"
"2026","1141071000","특정계층이용시설","회원이용시설","북가좌연희한양아파트경로당","서울특별시 서대문구 응암로 28 (DMC한양 5동)","서울특별시 서대문구 북가좌동 431","125.80","25","","126.9093780","37.5757050","191994.80567154","552910.31162158"
"2026","1132066000","특정계층이용시설","회원이용시설","쌍신경로당","서울특별시 도봉구 우이천로34길 70","서울특별시 도봉구 쌍문동 460-19","28.00","30","","127.0238240","37.6515340","202102.38323508","561322.91647224"
"2026","1132066000","공공시설","공공청사","쌍문1동주민센터","서울특별시 도봉구 노해로 147  (쌍문동)","서울특별시 도봉구 쌍문동 378-45","1,329.00","150","","127.0260340","37.6479934","202297.51694419","560929.99759849"
"2026","1132066000","특정계층이용시설","회원이용시설","쌍우경로당","서울특별시 도봉구 우이천로45길 22-4  (쌍문동)","서울특별시 도봉구 쌍문동 497-10","145.00","40","","127.0149511","37.6545044","201319.32881989","561652.43909014"
"2026","1132066000","특정계층이용시설","회원이용시설","쌍문동어르신복지관","서울특별시 도봉구 우이천로 363  (쌍문동)","서울특별시 도봉구 쌍문동 361-8","1,145.00","100","","127.0237997","37.6482461","202100.33143874","560957.99235248"
"2026","1132066000","특정계층이용시설","회원이용시설","꽃동네경로당","서울특별시 도봉구  시루봉로1길  114-14  (쌍문동)","서울특별시 도봉구 쌍문동 460-222","86.00","21","","127.0229571","37.6541661","202025.81088893","561615.03396338"
"2026","1132066000","특정계층이용시설","회원이용시설","계성경로당","서울특별시 도봉구 우이천로30길 29-1","서울특별시 도봉구 쌍문동 355","46.00","11","","127.0257550","37.6488952","202272.86753594","561030.08143713"
"2026","1132067000","특정계층이용시설","회원이용시설","경남아파트경로당","서울특별시 도봉구 도봉로129길 45-12 (경남아파트 노인정)","서울특별시 도봉구 쌍문동 73","32.00","30","","127.0351310","37.6551790","203100.03424920","561727.78836013"
"2026","1132067000","특정계층이용시설","회원이용시설","삼익아파트경로당","서울특별시 도봉구 해등로 195 (삼익세라믹아파트)","서울특별시 도봉구 쌍문동 56","185.00","50","","127.0345400","37.6577000","203047.78009989","562007.57475631"
"2026","1132067000","공공시설","공공청사","쌍문2동주민센터","서울특별시 도봉구 도봉로137길 21 (쌍문동)","서울특별시 도봉구 쌍문동 713-31","120.00","14","","127.0397685","37.6599555","203509.03233346","562258.09556417"
"2026","1132067000","특정계층이용시설","회원이용시설","쌍문2동경로당","서울특별시 도봉구 방학로3가길 7-3","서울특별시 도봉구 쌍문동 23-1","164.00","60","","127.0382000","37.6585180","203370.69840427","562098.48984135"
"2026","1132067000","특정계층이용시설","회원이용시설","도봉노인종합복지관","서울특별시 도봉구  도당로2길  12-13  (쌍문동)","서울특별시 도봉구 쌍문동 19-12","2,757.00","250"," *폭염특보 발효 시에만 주말 운영: 09~18시, 25.8.3(일)까지 미운영","127.0359864","37.6588951","203175.35830562","562140.26692648"
"2026","1132067000","특정계층이용시설","회원이용시설","백운경로당","서울특별시 도봉구 노해로57길 62  (쌍문동)","서울특별시 도봉구 쌍문동 81-370","191.00","40","","127.0346010","37.6537994","203053.32240917","561574.64923337"
"2026","1132051200","야외시설","공원","우이천우이교하부야외무더위쉼터","","서울특별시 도봉구 쌍문동 550-1","100.00","10","우천시 미운영","127.0308950","37.6431270","202726.68115875","560390.00708691"
"2026","1132068000","특정계층이용시설","회원이용시설","한양아파트경로당","서울특별시 도봉구 우이천로 304 (쌍문한양아파트 노인정,관리사무소)","서울특별시 도봉구 쌍문동 103-147","104.00","50","","127.0298560","37.6451070","202634.91282795","560609.73711507"
"2026","1132068000","특정계층이용시설","회원이용시설","브라운스톤쌍문아파트경로당","서울특별시 도봉구 노해로40길 71 (브라운스톤쌍문 경비실)","서울특별시 도봉구 쌍문동 729","64.00","40","","127.0294140","37.6473340","202595.82703457","560856.89906899"
"2026","1135062400","특정계층이용시설","회원이용시설","주공2단지아파트경로당","서울특별시 노원구 한글비석로14길 8 (주공2단지아파트 경로당)","서울특별시 노원구 중계동 369","","","관리사무소 1층 / 주말 및 공휴일 미운영","127.0778180","37.6577680","206866.58802844","562017.40968131"
"2026","1135062400","야외시설","정자?파고라 등","불암산나비정원야외쉼터(야외테라스)","서울특별시 노원구 한글비석로12길 51-27","서울특별시 노원구 중계동 산 42-3","20.00","10","2025. 7. 23. ~ 8. 25. 힐링냉장고 운영 예정","127.0800396","37.6555407","207062.83095797","561770.36659944"
"2026","1135062400","특정계층이용시설","회원이용시설","한우리경로당","서울특별시 노원구 덕릉로92길 13-11 (중계동)","서울특별시 노원구 중계동 133-27","129.00","18","","127.0767412","37.6605860","206771.31623731","562330.10138193"
"2026","1135062400","특정계층이용시설","기타","중계종합사회복지관","서울특별시 노원구 덕릉로 662 (중계동, 주공3단지아파트)","서울특별시 노원구 중계동 358","120.00","10","1층 열린마루 /상시 개방 : 평일 09~18시 / 폭염특보 발효 시 : 평일 18~20시, 주말 09~18시 운영, 공휴일 미운영","127.0758641","37.6566279","206694.28004288","561890.72868879"
"2026","1135062400","공공시설","공공청사","중계4동주민센터","서울특별시 노원구 덕릉로82길 50 (중계동)","서울특별시 노원구 중계동 369-2","334.00","20","","127.0779642","37.6588108","206879.39236291","562133.16081665"
"2026","1135062400","특정계층이용시설","회원이용시설","중계사회복지관경로당","서울특별시 노원구 덕릉로 662 (중계동, 주공3단지아파트)","서울특별시 노원구 중계동 358","155.00","91","복지관 건물 1층 / 주말 및 공휴일 미운영","127.0763254","37.6567808","206734.97154363","561907.73208953"
"2026","1135062500","특정계층이용시설","회원이용시설","롯데아파트경로당","서울특별시 노원구 섬밭로 265 (경남,롯데,상아아파트 상아경로당)","서울특별시 노원구 중계동 505","","","롯데상가 뒤, 8동 앞 / 주말 및 공휴일 미운영","127.0631770","37.6383270","205576.13290251","559858.68496799"
"2026","1135062500","특정계층이용시설","회원이용시설","경남아파트경로당","서울특별시 노원구 섬밭로 265 (경남,롯데,상아아파트 상아경로당)","서울특별시 노원구 중계동 505","","","경남아파트 7동 옆 (연세유치원 옆) / 주말 및 공휴일 미운영","127.0627380","37.6387990","205537.35081864","559911.04609006"
"2026","1135062500","특정계층이용시설","회원이용시설","중계2단지아파트경로당","서울특별시 노원구 동일로208길 19 (중계무지개아파트)","서울특별시 노원구 중계동 513","","","무지개아파트 207동 앞 / 주말 및 공휴일 미운영","127.0651360","37.6445360","205748.55986187","560547.93837743"
"2026","1135062500","특정계층이용시설","회원이용시설","건영2차아파트경로당","서울특별시 노원구 덕릉로 517 (중계건영2차아파트)","서울특별시 노원구 중계동 515-2","","","건영2차아파트 102동 앞 관리사무소 건물 / 주말 및 공휴일 미운영","127.0660260","37.6468520","205826.92565304","560805.04566874"
"2026","1135062500","특정계층이용시설","회원이용시설","중계동부경로당","서울특별시 노원구 동일로207길 17 (중계그린아파트 동부경로당)","서울특별시 노원구 중계동 502-1","","","중계그린아파트 109동 앞 / 주말 및 공휴일 미운영","127.0637310","37.6440710","205624.59701966","560496.24296473"
"2026","1135062500","특정계층이용시설","회원이용시설","중계서부경로당","서울특별시 노원구 섬밭로 285 (중계그린아파트)","서울특별시 노원구 중계동 504-1","","","중계그린아파트 119동 옆 / 주말 및 공휴일 미운영","127.0617830","37.6409150","205452.90640787","560145.84433819"
"2026","1135062500","특정계층이용시설","회원이용시설","상아아파트경로당","서울특별시 노원구 섬밭로 265 (경남,롯데,상아아파트 노인정,관리사무소)","서울특별시 노원구 중계동 505","","","상아아파트 17동 옆 / 주말 및 공휴일 미운영","127.0623490","37.6384960","205503.03943485","559877.39333366"
"2026","1135062500","야외시설","공원","당현천야외쉼터1(어린이교통공원인근)","서울특별시 노원구 덕릉로 483","서울특별시 노원구 중계동 500","98.00","25","2025. 7. 23. ~ 8. 25. 힐링냉장고 운영 예정","127.0619449","37.6454008","205466.86679470","560643.73158854"
"2026","1135061900","특정계층이용시설","기타","평화종합사회복지관","서울특별시 노원구 노원로 331 (시영3단지목련아파트308동)","서울특별시 노원구 중계동 514-3","120.00","10","2층 나사꿈터 주민카페 / 상시 개방 : 평일 09~18시 / 폭염특보 발효 시 : 평일 18~20시30분 토요일 09~13시 운영, 일요일?공휴일 미운영","127.0690100","37.6465090","206090.29761890","560767.16570567"
"2026","1138063100","특정계층이용시설","회원이용시설","새락골경로당","서울특별시 은평구 은평로3가길 25-3","서울특별시 은평구 신사동 4-31","252.52","50","※ 경로당 실제 운영시간에 맞춰 탄력적 운영 가능","126.9121080","37.5987750","192238.35914026","555470.59216807"
"2026","1138063100","특정계층이용시설","회원이용시설","응암역효성해링턴플레이스아파트경로당","서울특별시 은평구 가좌로 334 (응암역효성해링턴플레이스 103동)","서울특별시 은평구 신사동 372","","","※ 경로당 실제 운영시간에 맞춰 탄력적 운영 가능","126.9087040","37.5981100","191937.68401863","555397.07132584"
"2026","1138063100","특정계층이용시설","회원이용시설","신사한신휴플러스아파트경로당","서울특별시 은평구 갈현로1길 31 (신사동 한신 휴 플러스 106동)","서울특별시 은평구 신사동 365","","","※ 경로당 실제 운영시간에 맞춰 탄력적 운영 가능","126.9057800","37.5989600","191679.56125516","555491.66697060"
"2026","1138063100","특정계층이용시설","회원이용시설","신사라이프씨티아파트경로당","서울특별시 은평구 갈현로3다길 15 (라이프 씨티아파트)","서울특별시 은평구 신사동 354","","","※ 경로당 실제 운영시간에 맞춰 탄력적 운영 가능","126.9052440","37.6023290","191632.60513617","555865.63644512"
"2026","1138063100","특정계층이용시설","회원이용시설","신사2차현대아파트경로당","서울특별시 은평구 가좌로 344 (현대아파트)","서울특별시 은평구 신사동 355","","","※ 경로당 실제 운영시간에 맞춰 탄력적 운영 가능","126.9071750","37.5978770","191802.63300228","555371.34327474"
"2026","1138063100","특정계층이용시설","회원이용시설","신사성원아파트경로당","서울특별시 은평구 갈현로4길 26-5 (신사성원아파트)","서울특별시 은평구 신사동 360","","","※ 경로당 실제 운영시간에 맞춰 탄력적 운영 가능","126.9131840","37.6005340","192333.55996446","555665.73333784"
"2026","1138063100","특정계층이용시설","회원이용시설","신사두산위브2차아파트경로당","서울특별시 은평구 가좌로12길 15 (은평신사두산위브2차 101동)","서울특별시 은평구 신사동 371","","","※ 경로당 실제 운영시간에 맞춰 탄력적 운영 가능","126.9073500","37.5985640","191818.16246652","555447.57740493"
"2026","1138063100","특정계층이용시설","회원이용시설","은평신사두산위브아파트경로당","서울특별시 은평구 갈현로1길 36 (은평신사두산위브아파트 근린생활시설)","서울특별시 은평구 신사동 370","","","※ 경로당 실제 운영시간에 맞춰 탄력적 운영 가능","126.9054990","37.6000450","191654.86771130","555612.11491667"
"2026","1138063100","특정계층이용시설","회원이용시설","신사씨티아파트경로당","서울특별시 은평구 가좌로 391 (씨티아파트)","서울특별시 은평구 신사동 297","","","※ 경로당 실제 운영시간에 맞춰 탄력적 운영 가능","126.9041450","37.6004660","191535.34723621","555658.96246050"
"2026","1138063100","특정계층이용시설","회원이용시설","홍익아파트경로당","서울특별시 은평구 가좌로 342 (홍익아파트)","서울특별시 은평구 신사동 19-117","","","※ 경로당 실제 운영시간에 맞춰 탄력적 운영 가능","126.9081140","37.5975100","191885.51616716","555330.52879236"
"2026","1138063100","공공시설","공공청사","신사1동주민센터","서울특별시 은평구 은평로2길 2","서울특별시 은평구 신사동 29-2","66.00","20","","126.9117512","37.5978039","192206.74925323","555362.84037505"
"2026","1138063100","특정계층이용시설","회원이용시설","신흥경로당","서울특별시 은평구 증산로21길 25 (신사동)","서울특별시 은평구 신사동 31-2","85.00","20","※ 경로당 실제 운영시간에 맞춰 탄력적 운영 가능","126.9119516","37.5959761","192224.25637930","555159.95825859"
"2026","1138063100","특정계층이용시설","회원이용시설","신사1동경로당","서울특별시 은평구 갈현로3나길 6","서울특별시 은평구 신사동 270-45","192.00","10","※ 경로당 실제 운영시간에 맞춰 탄력적 운영 가능","126.9065920","37.6010660","191751.50038149","555725.33808391"
"2026","1138063100","공공시설","복지?문화?체육시설","신사종합사회복지관","서울특별시 은평구 은평로 38","서울특별시 은평구 신사동 26-18","200.00","30","","126.9121790","37.5980470","192244.55350720","555389.78636485"
"2026","1138063200","공공시설","기타","산새마을모아센터","서울특별시 은평구 가좌로11나길 19 (산새둥지)","서울특별시 은평구 신사동 237","96.00","10","","126.9057190","37.5963340","191673.88181966","555200.21548469"
"2026","1141071000","특정계층이용시설","회원이용시설","현대A경로당(북가좌1동)","서울특별시 서대문구 응암로 33 (DMC현대아파트)","서울특별시 서대문구 북가좌동 453","63.50","12","","126.9081540","37.5769420","191886.81646789","553047.70940070"
"2026","1141071000","특정계층이용시설","회원이용시설","월드컵현대A경로당","서울특별시 서대문구 수색로 154 (월드컵현대아파트 102동)","서울특별시 서대문구 북가좌동 371-1","52.00","10","","126.9047040","37.5759260","191581.94750797","552935.24857943"
"2026","1141071000","공공시설","공공청사","북가좌1동주민센터","서울특별시 서대문구 수색로 100-55 (북가좌동)","서울특별시 서대문구 북가좌동 477","","","폭염특보 발효시 평일 09~22시 운영 주말 및 공휴일 09시~19시 운영","126.9102019","37.5743045","192067.43724539","552754.80237010"
"2026","1141072000","특정계층이용시설","회원이용시설","가재울아이파크A시니어스클럽","서울특별시 서대문구 거북골로14길 32 (DMC아이파크아파트 104동)","서울특별시 서대문구 북가좌동 458","90.20","18","","126.9144410","37.5759600","192442.07722230","552938.19436713"
"2026","1141072000","특정계층이용시설","회원이용시설","두산위브A경로당","서울특별시 서대문구 증가로 200-8 (DMC두산위브 102동)","서울특별시 서대문구 북가좌동 459","68.46","14","","126.9170960","37.5804290","192677.04649983","553433.99189647"
"2026","1141072000","특정계층이용시설","회원이용시설","삼호A경로당(북가좌동)","서울특별시 서대문구 거북골로 154 (북가좌삼호아파트 103동)","서울특별시 서대문구 북가좌동 449","180.00","36","","126.9138040","37.5765050","192385.86279929","552998.73453428"
"2026","1141072000","특정계층이용시설","회원이용시설","은가경로당","서울특별시 서대문구 증가로20길 43 (북가좌동)","서울특별시 서대문구 북가좌동 5-106","267.00","26","","126.9179249","37.5812257","192750.34093303","553522.35221747"
"2026","1141072000","특정계층이용시설","회원이용시설","북가좌휴먼센터경로당","서울특별시 서대문구  증가로30길  45-9, 공공건축물(주민커뮤니티센터) (북가좌동)","서울특별시 서대문구 북가좌동 337-15","85.50","17","","126.9137128","37.5847065","192378.64269228","553909.01483469"
"2026","1141072000","특정계층이용시설","회원이용시설","신가경로당","서울특별시 서대문구 거북골로22길 29-51 (북가좌동)","서울특별시 서대문구 북가좌동 318-1","83.00","16","* 6.1.~6.30. 공사 예정으로 6월은 어르신무더위쉼터 일시 운영 중단","126.9083613","37.5802505","191905.48641258","553414.89715236"
"2026","1141072000","특정계층이용시설","회원이용시설","거북경로당","서울특별시 서대문구 거북골로 154 (북가좌삼호아파트 105동)","서울특별시 서대문구 북가좌동 449-1","97.50","20","","126.9120870","37.5769110","192234.23346775","553043.93640359"
"2026","1141072000","공공시설","공공청사","북가좌2동주민센터","서울특별시 서대문구 응암로 131","서울특별시 서대문구 북가좌동 334-5","","","폭염특보 발효시 평일 09~22시 운영 주말 및 공휴일 09시~19시 운영","126.9140220","37.5843620","192405.91793661","553870.75419955"
"2026","1144055500","특정계층이용시설","회원이용시설","공덕삼성(아)제2경로당","서울특별시 마포구 마포대로 115-8 (공덕삼성아파트101동)","서울특별시 마포구 공덕동 371","81.00","24","(평시) 평일 09~18시 운영 ","126.9514450","37.5466960","195709.17754222","549687.90266695"
"2026","1144055500","공공시설","공공청사","아현동주민센터","서울특별시 마포구 마포대로7길 18 (공덕동)","서울특별시 마포구 공덕동 458","85.00","25","<평시> (평일) 09시~18시 (주말?공휴일) 미운영  <폭염주의보, 폭염경보 발효 시>  (평일) 09시~22시 (주말?공휴일) 10시~19시  <폭염중대경보, 열대야주의보 발효 시> (평일) 09시~22시 (주말?공휴일) 10시~22시 ","126.9521874","37.5471888","195774.81151064","549742.56389684"
"2026","1100000000","공공시설","복지?문화?체육시설","강북노동자복지관","서울특별시 마포구 환일길 13 (강북노동자복지관)","서울특별시 마포구 아현동 711","","","","126.9601590","37.5566990","196479.70734100","550797.75380493"
"2026","1144056500","특정계층이용시설","회원이용시설","공덕자이(아)제2경로당","서울특별시 마포구 마포대로26길 22 (공덕자이)","서울특별시 마포구 아현동 799","54.00","16","(평시) 평일 09~18시 운영 ","126.9587670","37.5544770","196356.60406767","550551.19130804"
"2026","1132068000","특정계층이용시설","회원이용시설","삼성래미안아파트경로당","서울특별시 도봉구 우이천로 328 (쌍문동삼성래미안)","서울특별시 도봉구 쌍문동 725","92.00","50","","127.0276360","37.6461390","202438.95509546","560724.21853599"
"2026","1132068000","특정계층이용시설","회원이용시설","쌍문3동경로당","서울특별시 도봉구 노해로48길 71 (쌍문3동경로당)","서울특별시 도봉구 쌍문동 138-40","99.00","43","","127.0322090","37.6505590","202842.36682912","561214.92235109"
"2026","1132068000","특정계층이용시설","회원이용시설","효문경로당","서울특별시 도봉구 노해로42길 60-3  (쌍문동)","서울특별시 도봉구 쌍문동 315-257","165.00","40","","127.0299098","37.6486687","202639.53485079","561005.05103120"
"2026","1132068000","공공시설","공공청사","쌍문3동주민센터","서울특별시 도봉구 노해로44길 9  (쌍문동)","서울특별시 도봉구 쌍문동 327","470.00","150","","127.0279706","37.6489915","202468.39008791","561040.82575411"
"2026","1132068100","특정계층이용시설","회원이용시설","쌍문성원아파트경로당","서울특별시 도봉구 해등로 242-11 (성원아파트)","서울특별시 도봉구 쌍문동 53","89.00","50","","127.0290200","37.6584520","202560.67417535","562090.87419507"
"2026","1132068100","특정계층이용시설","회원이용시설","쌍문현대1차아파트경로당","서울특별시 도봉구 해등로 242-12 (현대아파트 관리사무소)","서울특별시 도봉구 쌍문동 54","90.00","50","","127.0309020","37.6584410","202726.73897855","562089.70635877"
"2026","1132068100","특정계층이용시설","회원이용시설","한양2,3,4차아파트경로당","서울특별시 도봉구 해등로 231 (한양아파트 노인정)","서울특별시 도봉구 쌍문동 59","165.00","50","","127.0313800","37.6569170","202768.97346984","561920.57158429"
"2026","1132068100","특정계층이용시설","회원이용시설","금호1차아파트경로당","서울특별시 도봉구 해등로26길 20 (금호아파트)","서울특별시 도봉구 쌍문동 199-1","76.00","40","","127.0339390","37.6587930","202994.70446938","562128.86749163"
"2026","1132068100","특정계층이용시설","회원이용시설","한양7차아파트경로당","서울특별시 도봉구 해등로25길 41 (한양7차아파트 경로당)","서울특별시 도봉구 쌍문동 158","165.00","50","","127.0338050","37.6559950","202982.99253737","561818.31317724"
"2026","1132068100","특정계층이용시설","회원이용시설","미라보아파트경로당","서울특별시 도봉구 시루봉로2길 62 (쌍문미라보아파트 101동)","서울특별시 도봉구 쌍문동 160","20.00","30","","127.0314820","37.6551760","202778.03882187","561727.34104133"
"2026","1132068100","특정계층이용시설","회원이용시설","대우파크힐아파트경로당","서울특별시 도봉구 시루봉로 8 (쌍문이안 101동)","서울특별시 도봉구 쌍문동 730","48.00","40","","127.0287440","37.6515720","202536.55444593","561327.25575485"
"2026","1132068100","특정계층이용시설","회원이용시설","한양6차아파트경로당","서울특별시 도봉구 시루봉로 58 (쌍문6차 한양아파트 관리사무소,경로당)","서울특별시 도봉구 쌍문동 59-5","100.00","50","","127.0294080","37.6558300","202595.00187380","561799.86907355"
"2026","1132068100","특정계층이용시설","회원이용시설","금호2차아파트경로당","서울특별시 도봉구 해등로 241-14 (금호타운2차아파트 경로당)","서울특별시 도봉구 쌍문동 산 69-1","80.00","40","","127.0297770","37.6566290","202627.53477960","561888.56034591"
"2026","1132068100","특정계층이용시설","회원이용시설","한양5차아파트경로당","서울특별시 도봉구 해등로25길 36 (한양아파트 52동)","서울특별시 도봉구 쌍문동 59-3","74.00","40","","127.0317100","37.6560660","202798.12463011","561826.12889651"
"2026","1132068100","특정계층이용시설","회원이용시설","쌍문4동경로당","서울특별시 도봉구 노해로 213-24","서울특별시 도봉구 쌍문동 137-112","91.00","23","","127.0318964","37.6521813","202814.71939869","561394.97182987"
"2026","1135062500","특정계층이용시설","회원이용시설","평화사회복지관경로당","서울특별시 노원구 노원로 331 (중계동, 시영3단지목련아파트)","서울특별시 노원구 중계동 514-3","111.00","100","평화사회복지관 건물 1층 / 주말 및 공휴일 미운영","127.0691156","37.6464856","206099.61898629","560764.57540516"
"2026","1135062500","특정계층이용시설","회원이용시설","마들사회복지관경로당","서울특별시 노원구 동일로210길 22 (중계동, 중계주공1단지아파트)","서울특별시 노원구 중계동 515-3","141.00","33","마들사회종합복지관 건물 옆 별도 단층 건물 1층 / 주말 및 공휴일 미운영","127.0651031","37.6471312","205745.45637909","560835.97710089"
"2026","1135062500","특정계층이용시설","회원이용시설","중계4단지목화아파트경로당","서울특별시 노원구 노원로19길 31 (목화아파트403동)","서울특별시 노원구 중계동 511-2","252.00","83","중계4 관리사무소 옆 건물 1층 / 주말 및 공휴일 미운영","127.0696570","37.6434540","206147.64869888","560428.13409868"
"2026","1135062500","공공시설","공공청사","중계2.3동주민센터","서울특별시 노원구 노원로17길 56 (중계동)","서울특별시 노원구 중계동 511-1","395.00","20","","127.0687455","37.6420765","206067.31537234","560275.18637989"
"2026","1135062500","특정계층이용시설","기타","마들종합사회복지관","서울특별시 노원구 동일로210길 22","서울특별시 노원구 중계동 515-3","120.00","10","1층 로비/ 상시 개방 : 평일 09~18시 / 주말?공휴일 미운영","127.0649967","37.6468961","205736.08448194","560809.87688122"
"2026","1135063000","공공시설","복지?문화?체육시설","수락행복발전소","서울특별시 노원구 동일로242길 77","서울특별시 노원구 상계동 996-10","","","","127.0596580","37.6746500","205262.97415630","563889.97149000"
"2026","1135063000","공공시설","복지?문화?체육시설","수락숲이랑","서울특별시 노원구 누원로 19 (수락리버타운)","서울특별시 노원구 상계동 1316","","","","127.0524040","37.6872600","204622.25039014","565289.17870566"
"2026","1135063000","특정계층이용시설","회원이용시설","우림루미아트경로당","서울특별시 노원구 동일로238길 33  (상계동, 우림루미아트)","서울특별시 노원구 상계동 1307","","","201동 단지 내 / 주말 및 공휴일 미운영","127.0570832","37.6745903","205035.83167203","563883.20393552"
"2026","1135063000","특정계층이용시설","회원이용시설","현대1차아파트경로당(상계1동)","서울특별시 노원구 동일로237길 41 (상계1차현대아파트 관리사무소,경로당)","서울특별시 노원구 상계동 1055","","","현대1차아파트 1-3동 놀이터 옆 / 주말 및 공휴일 미운영","127.0526730","37.6729130","204646.87212228","563696.81211184"
"2026","1135063000","특정계층이용시설","회원이용시설","현대2차아파트경로당(상계1동)","서울특별시 노원구 동일로231길 86 (현대2차아파트 203동)","서울특별시 노원구 상계동 1078","","","현대2차아파트 204동 뒷편 / 주말 및 공휴일 미운영","127.0505200","37.6722090","204456.97410048","563618.57040452"
"2026","1135063000","특정계층이용시설","회원이용시설","북현경로당","서울특별시 노원구 동일로237바길 17  (상계동, 북부현대아파트)","서울특별시 노원구 상계동 1273","","","북부현대아파트 관리사무소 옆 건물 / 주말 및 공휴일 미운영","127.0504716","37.6744311","204452.57137838","563865.19968365"
"2026","1135063000","특정계층이용시설","회원이용시설","상계1동현대4차아파트경로당","서울특별시 노원구 동일로231다길 23  (상계동, 현대4차아파트)","서울특별시 노원구 상계동 1271","","","401동 옆 건물 / 주말 및 공휴일 미운영","127.0508525","37.6731573","204486.25081756","563723.83836812"
"2026","1135063000","특정계층이용시설","회원이용시설","수락리버시티4단지경로당","서울특별시 노원구 누원로 18 (상계동)","서울특별시 노원구 상계동 1170-16","","","401동과 402동 사이 건물 / 주말 및 공휴일 미운영","127.0529660","37.6851350","204671.95441796","565053.35163403"
"2026","1135063000","특정계층이용시설","회원이용시설","수락리버시티3단지경로당","서울특별시 노원구 누원로 28 (상계동)","서울특별시 노원구 상계동 1200-16","","","304동 단지 내(수락어린이집 옆 건물) / 주말 및 공휴일 미운영","127.0522540","37.6861150","204609.09062190","565162.08711793"
"2026","1135063000","특정계층이용시설","회원이용시설","대망드림힐아파트경로당","서울특별시 노원구 동일로242라길 27 (대망드림힐아파트)","서울특별시 노원구 상계동 1304","","","대망드림힐아파트 정문 옆 건물 / 주말 및 공휴일 미운영","127.0581740","37.6764860","205131.93056667","564093.66751665"
"2026","1135063000","특정계층이용시설","회원이용시설","상계대림아파트경로당","서울특별시 노원구 동일로239길 68 (상계대림아파트 101동)","서울특별시 노원구 상계동 1301","","","상계대림아파트 101동 측면 입구 / 주말 및 공휴일 미운영","127.0509540","37.6744400","204495.12785526","563866.21051900"
"2026","1138063200","특정계층이용시설","회원이용시설","신성아파트경로당","서울특별시 은평구 증산로15길 67-7 (신성아파트)","서울특별시 은평구 신사동 155-1","","","※ 경로당 실제 운영시간에 맞춰 탄력적 운영 가능","126.9049760","37.5898120","191607.53380966","554476.41246766"
"2026","1138063200","특정계층이용시설","회원이용시설","신사미성아파트경로당","서울특별시 은평구 증산로15길 35-10 (미성아파트3동)","서울특별시 은평구 신사동 140-2","","","※ 경로당 실제 운영시간에 맞춰 탄력적 운영 가능","126.9087960","37.5895730","191944.88837725","554449.55169235"
"2026","1138063200","특정계층이용시설","회원이용시설","새절역현대아파트경로당","서울특별시 은평구 은평터널로 164 (새절역현대아파트 상가동)","서울특별시 은평구 신사동 359","","","※ 경로당 실제 운영시간에 맞춰 탄력적 운영 가능","126.9084360","37.5933510","191913.50205444","554868.89830101"
"2026","1138063200","특정계층이용시설","회원이용시설","뉴신성아파트경로당","서울특별시 은평구 은평터널로 163 (뉴신사신성아파트 상가동)","서울특별시 은평구 신사동 356","","","※ 경로당 실제 운영시간에 맞춰 탄력적 운영 가능","126.9063840","37.5934780","191732.29316149","554883.17254120"
"2026","1138063200","특정계층이용시설","회원이용시설","신사이랜드타운아파트경로당","서울특별시 은평구 은평터널로 121-6 (이랜드 타운아파트)","서울특별시 은평구 신사동 367","","","※ 경로당 실제 운영시간에 맞춰 탄력적 운영 가능","126.9039170","37.5906470","191514.09830729","554569.18324690"
"2026","1138063200","특정계층이용시설","회원이용시설","신사수정아파트경로당","서울특별시 은평구 은평터널로7길 2 (신성수정아파트 경로당)","서울특별시 은평구 신사동 358","","","※ 경로당 실제 운영시간에 맞춰 탄력적 운영 가능","126.9064910","37.5927300","191741.66022330","554800.14348298"
"2026","1138063200","특정계층이용시설","회원이용시설","신사대주파크빌아파트경로당","서울특별시 은평구 증산로15길 50 (대주파크빌)","서울특별시 은평구 신사동 368","","","※ 경로당 실제 운영시간에 맞춰 탄력적 운영 가능","126.9080740","37.5907320","191881.24742311","554578.24984273"
"2026","1138063100","공공시설","복지?문화?체육시설","내를건너서숲으로도서관","서울특별시 은평구 증산로17길 50","서울특별시 은평구 신사동 산 80-66","33.00","10","","126.9080409","37.5916681","191878.42580839","554682.14931277"
"2026","1138063200","공공시설","공공청사","신사2동주민센터","서울특별시 은평구 증산로15길 47 (신사동)","서울특별시 은평구 신사동 163-13","236.00","50","","126.9080329","37.5902675","191877.56705869","554526.69910830"
"2026","1138063200","특정계층이용시설","회원이용시설","신사노인복지관","서울특별시 은평구 증산로15길 47","서울특별시 은평구 신사동 163-13","72.00","25","","126.9082000","37.5903000","191892.32867534","554530.29180628"
"2026","1138063200","특정계층이용시설","회원이용시설","장수경로당","서울특별시 은평구 은평터널로 143-9","서울특별시 은평구 신사동 183-10","145.00","10","※ 경로당 실제 운영시간에 맞춰 탄력적 운영 가능","126.9057280","37.5918450","191674.17651669","554701.98574562"
"2026","1138063200","특정계층이용시설","회원이용시설","신사제2경로당","서울특별시 은평구 은평터널로 178-1","서울특별시 은평구 신사동 200-27","264.00","20","※ 경로당 실제 운영시간에 맞춰 탄력적 운영 가능","126.9086400","37.5944300","191931.63486536","554988.63771706"
"2026","1138064000","공공시설","복지?문화?체육시설","구립증산도서관","서울특별시 은평구 증산로5길 6 (구립증산도서관)","서울특별시 은평구 증산동 173-8","53.00","50","","126.9076440","37.5828070","191842.40570817","553698.70157922"
"2026","1138064000","특정계층이용시설","회원이용시설","두산위브아파트경로당","서울특별시 은평구 증산서길 79 (두산위브 101동)","서울특별시 은평구 증산동 255","","","※ 경로당 실제 운영시간에 맞춰 탄력적 운영 가능","126.9063130","37.5841060","191724.98528032","553842.99224520"
"2026","1138064000","특정계층이용시설","회원이용시설","DMC센트럴자이아파트경로당","서울특별시 은평구 수색로 200 (DMC센트럴자이 401동)","서울특별시 은평구 증산동 258","","","※ 경로당 실제 운영시간에 맞춰 탄력적 운영 가능","126.9034740","37.5800300","191473.76237105","553390.85648905"
"2026","1144056500","특정계층이용시설","회원이용시설","sh공사공덕2삼성(아)경로당","서울특별시 마포구 만리재옛길 101 (삼성래미안공덕2차아파트201동)","서울특별시 마포구 공덕동 44","58.00","17","(평시) 평일 09~18시 운영 ","126.9607790","37.5513200","196534.24055037","550200.72598561"
"2026","1144056500","특정계층이용시설","회원이용시설","한마음경로당","서울특별시 마포구 만리재로 74 (신공덕2차삼성래미안208동)","서울특별시 마포구 신공덕동 159","45.00","13","(평시) 평일 09~18시 운영 ","126.9578970","37.5464420","196279.33045994","549659.43684249"
"2026","1144056500","특정계층이용시설","회원이용시설","신공덕삼성(아)제2경로당","서울특별시 마포구 백범로37길 6 (신공덕삼성아파트113동)","서울특별시 마포구 신공덕동 157","101.00","30","(평시) 평일 09~18시 운영 ","126.9561380","37.5423370","196123.67393661","549203.90265286"
"2026","1144055500","특정계층이용시설","회원이용시설","아현실버복지관","서울특별시 마포구 환일길 3 (아현경로문화센타)","서울특별시 마포구 아현동 710","556.57","20","","126.9602980","37.5574430","196492.02405664","550880.32376880"
"2026","1144056500","특정계층이용시설","회원이용시설","공덕1동경로당","서울특별시 마포구 만리재옛길 78","서울특별시 마포구 공덕동 26-2","180.00","54","(평시) 평일 09~18시 운영 ","126.9594060","37.5498570","196412.84543355","550038.40204930"
"2026","1144056500","공공시설","공공청사","공덕동주민센터","서울특별시 마포구 만리재옛길 84","서울특별시 마포구 공덕동 29-6","84.00","25","<평시> (평일) 09시~18시 (주말?공휴일) 미운영  <폭염주의보, 폭염경보 발효 시>  (평일) 09시~22시 (주말?공휴일) 10시~19시  <폭염중대경보, 열대야주의보 발효 시> (평일) 09시~22시 (주말?공휴일) 10시~22시","126.9600210","37.5501510","196467.20478335","550071.00922874"
"2026","1144056500","특정계층이용시설","회원이용시설","아현1동경로당","서울특별시 마포구 환일길 52-1","서울특별시 마포구 아현동 748-13","252.00","76","(평시) 평일 09~18시 운영 ","126.9609790","37.5535860","196552.01792386","550452.21751088"
"2026","1144056500","특정계층이용시설","회원이용시설","연봉경로당","서울특별시 마포구 만리재로16길 10-5 (연봉경로당)","서울특별시 마포구 공덕동 4-86","135.00","40","(평시) 평일 09~18시 운영 ","126.9622120","37.5503490","196660.82412751","550092.90477260"
"2026","1144056500","특정계층이용시설","회원이용시설","공덕2동제1경로당","서울특별시 마포구 마포대로10길 13 (LG화재)","서울특별시 마포구 공덕동 242-75","155.00","46","(평시) 평일 09~18시 운영 ","126.9544570","37.5472770","195975.38029498","549752.25345697"
"2026","1144056500","특정계층이용시설","회원이용시설","큰덕경로당","서울특별시 마포구 만리재로 106 (연봉파출소)","서울특별시 마포구 공덕동 80-11","98.00","29","(평시) 평일 09~18시 운영 ","126.9605150","37.5495230","196510.82844974","550001.29032670"
"2026","1144056500","특정계층이용시설","회원이용시설","덕성경로당","서울특별시 마포구 임정로15길 6-5","서울특별시 마포구 신공덕동 139-120","100.00","30","(평시) 평일 09~18시 운영 ","126.9572000","37.5436910","196217.59712424","549354.13695759"
"2026","1144058500","특정계층이용시설","회원이용시설","도일경로당","","서울특별시 마포구 도화동 200-9","92.00","27","(평시) 평일 09~18시 운영 ","126.9517910","37.5405710","195739.40513607","549008.08623493"
"2026","1144058500","특정계층이용시설","회원이용시설","마포동경로당","서울특별시 마포구 마포대로4나길 69 (마포동민회관)","서울특별시 마포구 마포동 337-1","58.00","17","(평시) 평일 09~18시 운영 ","126.9451600","37.5363120","195153.09767755","548535.71041936"
"2026","1144058500","특정계층이용시설","회원이용시설","도화현대홈타운(아)경로당","서울특별시 마포구 새창로8길 72 (현대홈타운210동)","서울특별시 마포구 도화동 353-1","216.00","65","(평시) 평일 09~18시 운영 ","126.9508590","37.5377700","195656.87476527","548697.25208556"
"2026","1144058500","특정계층이용시설","회원이용시설","도화경로당","서울특별시 마포구 새창로6다길 3","서울특별시 마포구 도화동 2-16","33.00","10","(평시) 평일 09~18시 운영 ","126.9528800","37.5409350","195835.66857346","549048.43701389"
"2026","1144058500","공공시설","공공청사","도화동주민센터","서울특별시 마포구 도화길 37 (도화동)","서울특별시 마포구 도화동 557","75.00","22","<평시> (평일) 09시~18시 (주말?공휴일) 미운영  <폭염주의보, 폭염경보 발효 시>  (평일) 09시~22시 (주말?공휴일) 10시~19시  <폭염중대경보, 열대야주의보 발효 시> (평일) 09시~22시 (주말?공휴일) 10시~22시","126.9498754","37.5415255","195570.16550029","549114.11263071"
"2026","1132068100","공공시설","공공청사","쌍문4동주민센터","서울특별시 도봉구 시루봉로 62-7  (쌍문동)","서울특별시 도봉구 쌍문동 59-7","218.00","55","","127.0284668","37.6565048","202511.92637211","561874.73948915"
"2026","1132069000","야외시설","공원","중랑천상계교하부야외무더위쉼터","","서울특별시 도봉구 방학동 721","100.00","10","우천시 미운영","127.0508790","37.6617280","204489.27703167","562455.29929444"
"2026","1132069000","특정계층이용시설","회원이용시설","래미안2차아파트경로당","서울특별시 도봉구 도봉로150길 42 (삼성래미안아파트2차 201동)","서울특별시 도봉구 방학동 715-12","85.00","21","","127.0461880","37.6646910","204075.20754399","562783.94880617"
"2026","1132069000","특정계층이용시설","회원이용시설","금광아파트경로당","서울특별시 도봉구 도봉로150바길 26 (금광포란재아파트 관리사무소,노인정,경비실)","서울특별시 도봉구 방학동 714-1","50.00","40","","127.0452440","37.6647120","203991.91647114","562786.23899172"
"2026","1132069000","특정계층이용시설","회원이용시설","래미안1단지아파트경로당","서울특별시 도봉구 마들로 646 (방학동삼성래미안)","서울특별시 도봉구 방학동 720-18","63.00","15","","127.0480800","37.6668500","204242.01749112","563023.66049831"
"2026","1132069000","특정계층이용시설","회원이용시설","방학동동부센트레빌아파트경로당","서울특별시 도봉구 방학로 120 (방학동부센트레빌 102동)","서울특별시 도봉구 방학동 689","44.00","15","","127.0389330","37.6639790","203435.12534711","562704.63328213"
"2026","1132069000","특정계층이용시설","회원이용시설","ESA1단지아파트경로당","서울특별시 도봉구 마들로 657 (이에스에이아파트 101동)","서울특별시 도봉구 방학동 718-7","37.00","30","","127.0455960","37.6688470","204022.75055185","563245.19846948"
"2026","1132069000","특정계층이용시설","회원이용시설","이수아파트경로당","서울특별시 도봉구 도봉로146길 36 (브라운스톤방학아파트 102동)","서울특별시 도봉구 방학동 713","83.00","50","","127.0450060","37.6635390","203970.98001590","562656.03745273"
"2026","1132069000","특정계층이용시설","회원이용시설","대상타운현대아파트2차경로당","서울특별시 도봉구 마들로 616 (대상타운현대아파트 207동)","서울특별시 도봉구 방학동 720-1","87.00","50","","127.0496030","37.6648760","204376.50513050","562804.63588956"
"2026","1132069000","특정계층이용시설","회원이용시설","대상타운현대아파트1차경로당","서울특별시 도봉구 마들로 616 (대상타운현대아파트 관리동)","서울특별시 도봉구 방학동 720-1","108.00","50","","127.0480650","37.6648130","204240.80996065","562797.57283798"
"2026","1132069000","특정계층이용시설","회원이용시설","방학성원아파트경로당","서울특별시 도봉구 방학로7길 16 (성원아파트 101동)","서울특별시 도봉구 방학동 735","45.00","40","","127.0358160","37.6618070","203160.19915971","562463.45314040"
"2026","1132069000","특정계층이용시설","회원이용시설","거성학마을아파트경로당","서울특별시 도봉구 도당로 116 (거성학마을아파트 관리사무소)","서울특별시 도봉구 방학동 701-15","86.00","50","","127.0389010","37.6664980","203432.18594084","562984.21631853"
"2026","1132069000","공공시설","공공청사","도봉구청","서울특별시 도봉구 마들로 656 (방학동)","서울특별시 도봉구 방학동 720","919.71","100","","127.0471269","37.6687265","204157.82239337","563231.89093334"
"2026","1132069000","특정계층이용시설","회원이용시설","윗들경로당","서울특별시 도봉구 도봉로150마길 37  (방학동)","서울특별시 도봉구 방학동 717-1","86.00","40","","127.0448953","37.6677711","203960.98780274","563125.75426103"
"2026","1132069000","공공시설","공공청사","방학1동주민센터","서울특별시 도봉구 도당로 134 (도봉새마을금고)","서울특별시 도봉구 방학동 702","29.40","20","지하1층(B1) 방학1동주민센터 임시청사(회의실 장소 운용)","127.0411250","37.6670630","203628.37914668","563047.00951034"
"2026","1135063000","특정계층이용시설","회원이용시설","수락파크빌아파트경로당","서울특별시 노원구 동일로248길 16 (수락파크빌아파트 경로당)","서울특별시 노원구 상계동 1269","","","수락파크빌아파트 505동 뒷 건물 / 주말 및 공휴일 미운영","127.0570940","37.6792180","205036.47160955","564396.83472361"
"2026","1135063000","특정계층이용시설","회원이용시설","수락산벨리체아파트경로당","서울특별시 노원구 동일로250길 18 (수락산벨리체아파트 경비실(6개동))","서울특별시 노원구 상계동 1265","","","엔젤음악속어린이집 건물 2층 / 주말 및 공휴일 미운영","127.0565160","37.6815890","204985.32543260","564659.96218530"
"2026","1135063000","특정계층이용시설","회원이용시설","극동늘푸른아파트경로당","서울특별시 노원구 동일로246길 39 (극동아파트 경로당)","서울특별시 노원구 상계동 산 44-67","","","관리사무소 1층 / 주말 및 공휴일 미운영","127.0576740","37.6776260","205087.74426110","564220.16930515"
"2026","1135063000","특정계층이용시설","회원이용시설","은빛2단지경로당","서울특별시 노원구 동일로245가길 41 (은빛2단지아파트 경로당)","서울특별시 노원구 상계동 1256","","","206동과 207동사이 은빛2단지 관리사무소 1층 / 주말 및 공휴일 미운영","127.0531980","37.6800250","204692.74026903","564486.20181543"
"2026","1135063000","특정계층이용시설","회원이용시설","은빛1단지경로당","서울특별시 노원구 동일로245길 162 (은빛1단지아파트 경로당)","서울특별시 노원구 상계동 1255","","","은빛1단지 관리사무소 1층 / 주말 및 공휴일 미운영","127.0540750","37.6810550","204770.03687910","564600.56624971"
"2026","1135063000","특정계층이용시설","회원이용시설","두산아파트경로당","서울특별시 노원구 동일로241길 53 (두산아파트 경로당)","서울특별시 노원구 상계동 1110","","","두산아파트  관리사무소 1층 / 주말 및 공휴일 미운영","127.0537360","37.6774810","204740.36058071","564203.86926009"
"2026","1135063000","특정계층이용시설","회원이용시설","현대3차아파트경로당","서울특별시 노원구 수락산로 234 (상계3차현대아파트 경로당)","서울특별시 노원구 상계동 1063","","","현대3차아파트 관리사무소 1층 / 주말 및 공휴일 미운영","127.0531590","37.6717420","204689.82129498","563566.86667394"
"2026","1135063000","특정계층이용시설","회원이용시설","수락현대아파트경로당","서울특별시 노원구 동일로242길 95 (수락현대아파트 경로당)","서울특별시 노원구 상계동 1272","","","수락현대아파트 관리사무소 1층 / 주말 및 공휴일 미운영","127.0593840","37.6753930","205238.74988626","563972.42197389"
"2026","1135063000","특정계층이용시설","회원이용시설","수락한신아파트경로당","서울특별시 노원구 동일로242길 80 (수락한신아파트 관리실,노인정)","서울특별시 노원구 상계동 1277","","","수락한신아파트 관리사무소 1층 / 주말 및 공휴일 미운영","127.0601520","37.6737330","205306.61969294","563788.22120002"
"2026","1135063000","특정계층이용시설","회원이용시설","한신아파트경로당","서울특별시 노원구 동일로230길 63 (한신아파트 경로당)","서울특별시 노원구 상계동 995","","","상계한신아파트 관리사무소 1층 / 주말 및 공휴일 미운영","127.0591330","37.6729300","205216.77954730","563699.03878185"
"2026","1135063000","특정계층이용시설","회원이용시설","우림루미아트1차경로당","서울특별시 노원구 동일로230가길 71 (우림루미아트 관리노인정)","서울특별시 노원구 상계동 1306","","","아파트 출입구 앞 / 주말 및 공휴일 미운영","127.0561820","37.6745010","204956.33450280","563873.24447009"
"2026","1135063000","특정계층이용시설","회원이용시설","상계우방아파트효도의집경로당","서울특별시 노원구 동일로230가길 15 (상계우방아파트)","서울특별시 노원구 상계동 1295","","","103동 옆  건물 / 주말 및 공휴일 미운영","127.0572070","37.6721900","205046.91577116","563616.80052914"
"2026","1135063000","특정계층이용시설","회원이용시설","구립수락노인종합복지관","서울특별시 노원구 수락산로 214 (상계동)","서울특별시 노원구 상계동 963-5","120.00","10","1층 휴게공간 / 상시 개방 : 평일 09~18시","127.0548865","37.6708814","204842.28164105","563471.43625906"
"2026","1135063000","야외시설","정자?파고라 등","수락산무장애숲길야외쉼터1(제1구간두번째휴게쉼터)","","서울특별시 노원구 상계동 1000-23","10.00","5","2025. 7. 23. ~ 8. 25. 힐링냉장고 운영 예정","127.0621741","37.6739025","205484.99724049","563807.15044548"
"2026","1135063000","공공시설","공공청사","상계1동주민센터","서울특별시 노원구 동일로 1697 (상계동)","서울특별시 노원구 상계동 1259","338.00","20","","127.0548999","37.6798826","204842.87876530","564470.48334294"
"2026","1135063000","특정계층이용시설","회원이용시설","상계수락경로당","서울특별시 노원구 동일로242라길 20 (상계동, 삼성프라임)","서울특별시 노원구 상계동 1116-64","43.35","31","201호 / 주말 및 공휴일 미운영","127.0576465","37.6759299","205085.43409738","564031.91702334"
"2026","1138064000","특정계층이용시설","회원이용시설","증산중앙하이츠아파트경로당","서울특별시 은평구 증산로 285 (증산중앙하이츠 아파트 101동)","서울특별시 은평구 증산동 248","","","※ 경로당 실제 운영시간에 맞춰 탄력적 운영 가능","126.9081540","37.5830850","191887.48301859","553729.51225569"
"2026","1138064000","특정계층이용시설","회원이용시설","증산경로당","서울특별시 은평구 증산로9길 26-3","서울특별시 은평구 증산동 202-16","","","※ 경로당 실제 운영시간에 맞춰 탄력적 운영 가능","126.9080200","37.5862090","191875.98664879","554076.25243718"
"2026","1138064000","특정계층이용시설","회원이용시설","우방아파트경로당","서울특별시 은평구 증산로3길 26-1 (DMC우방)","서울특별시 은평구 증산동 244","","","※ 경로당 실제 운영시간에 맞춰 탄력적 운영 가능","126.9028840","37.5818940","191421.86093554","553597.79295531"
"2026","1138064000","특정계층이용시설","회원이용시설","한신빌라경로당","서울특별시 은평구 증산로9길 36-5 (한신빌라)","서울특별시 은평구 증산동 산 10-22","","","※ 경로당 실제 운영시간에 맞춰 탄력적 운영 가능","126.9069070","37.5871510","191777.78597134","554180.90064139"
"2026","1138064000","공공시설","공공청사","증산동주민센터","서울특별시 은평구 증산서길 89","서울특별시 은평구 증산동 187-19","143.00","43","","126.9070614","37.5843648","191791.11702572","553871.65044813"
"2026","1138064000","특정계층이용시설","회원이용시설","증산할머니경로당","서울특별시 은평구 증산로9길 25 (증산동할머니경로당)","서울특별시 은평구 증산동 189-68","48.00","20","※ 경로당 실제 운영시간에 맞춰 탄력적 운영 가능","126.9080690","37.5859200","191880.28311922","554044.17246752"
"2026","1138065000","특정계층이용시설","회원이용시설","DMCSK뷰아이파크포레아파트","서울특별시 은평구 수색로 322","서울특별시 은평구 수색동 341-6","","","※ 경로당 실제 운영시간에 맞춰 탄력적 운영 가능","126.8929190","37.5857370","190542.15045812","554025.27900274"
"2026","1138065000","특정계층이용시설","회원이용시설","DMC아트포레자이아파트","서울특별시 은평구 은평터널로 27 (DMC아트포레자이 105동)","서울특별시 은평구 수색동 189","","","※ 경로당 실제 운영시간에 맞춰 탄력적 운영 가능","126.8982570","37.5847600","191013.50801497","553916.31899583"
"2026","1138065000","특정계층이용시설","회원이용시설","DMC파인시티자이아파트","서울특별시 은평구 은평터널로 15 (DMC파인시티자이)","서울특별시 은평구 수색동 431","","","※ 경로당 실제 운영시간에 맞춰 탄력적 운영 가능","126.8948270","37.5843140","190710.49635772","553867.15170604"
"2026","1138065000","특정계층이용시설","회원이용시설","DMC롯데캐슬더퍼스트아파트경로당","서울특별시 은평구 수색로 300 (DMC롯데캐슬더퍼스트 108동)","서울특별시 은평구 수색동 417","","","※ 경로당 실제 운영시간에 맞춰 탄력적 운영 가능","126.8914710","37.5849130","190414.15123581","553933.97109429"
"2026","1138065000","특정계층이용시설","회원이용시설","청구아파트경로당","서울특별시 은평구 증산로1길 26 (DMC청구아파트)","서울특별시 은평구 수색동 413","","","※ 경로당 실제 운영시간에 맞춰 탄력적 운영 가능","126.9010470","37.5807640","191259.46879830","553472.54514954"
"2026","1138065000","특정계층이용시설","회원이용시설","수색한숲타운(e편한세상수색에코포레)경로당","서울특별시 은평구 은평터널로 65 (e편한세상수색에코포레)","서울특별시 은평구 수색동 415-1","","","※ 경로당 실제 운영시간에 맞춰 탄력적 운영 가능","126.8999600","37.5869430","191164.18425920","554158.44577066"
"2026","1138065000","특정계층이용시설","회원이용시설","수색진흥아파트경로당","서울특별시 은평구 은평터널로 60 (DMC진흥 관리동)","서울특별시 은평구 수색동 416-1","","","※ 경로당 실제 운영시간에 맞춰 탄력적 운영 가능","126.9001610","37.5852270","191181.73472448","553967.97026918"
"2026","1138064000","특정계층이용시설","회원이용시설","문영마운틴1차아파트경로당","서울특별시 은평구 증산로13길 44-5 (DMC문영퀸즈파크아파트 101동)","서울특별시 은평구 증산동 254","","","","126.9076720","37.5875800","191845.39956205","554228.44811454"
"2026","1138064000","특정계층이용시설","회원이용시설","월드빌아파트경로당","서울특별시 은평구 증산로 333 (DMC 월드아파트 제101동)","서울특별시 은평구 증산동 250","","","※ 경로당 실제 운영시간에 맞춰 탄력적 운영 가능","126.9113460","37.5863640","192169.76755217","554093.17323351"
"2026","1144058500","특정계층이용시설","회원이용시설","삼개경로당","서울특별시 마포구 삼개로5길 20 (도화2동경로당)","서울특별시 마포구 도화동 188","68.00","20","(평시) 평일 09~18시 운영 ","126.9481090","37.5378510","195413.83226624","548706.37265640"
"2026","1144058500","특정계층이용시설","회원이용시설","대동경로당","서울특별시 마포구 새창로6라길 10","서울특별시 마포구 도화동 2-34","64.00","19","(평시) 평일 09~18시 운영 ","126.9535170","37.5406940","195891.95160034","549021.66093046"
"2026","1144059000","특정계층이용시설","회원이용시설","태영(아)201동경로당","서울특별시 마포구 독막로 266 (대흥동태영아파트113동)","서울특별시 마포구 대흥동 660","210.00","63","(평시) 평일 09~18시 운영 ","126.9425710","37.5447310","194924.84575998","549470.25341855"
"2026","1144059000","특정계층이용시설","회원이용시설","대흥동1경로당","서울특별시 마포구 독막로36길 16","서울특별시 마포구 대흥동 331","73.00","22","(평시) 평일 09~18시 운영 ","126.9408460","37.5457510","194772.47410989","549583.55559125"
"2026","1144059000","공공시설","공공청사","용강동주민센터","서울특별시 마포구 토정로31길 31","서울특별시 마포구 용강동 505","52.00","15","<평시> (평일) 09시~18시 (주말?공휴일) 미운영  <폭염주의보, 폭염경보 발효 시>  (평일) 09시~22시 (주말?공휴일) 10시~19시  <폭염중대경보, 열대야주의보 발효 시> (평일) 09시~22시 (주말?공휴일) 10시~22시","126.9428530","37.5423520","194949.60637708","549206.19808814"
"2026","1144060000","공공시설","복지?문화?체육시설","마포문화재단문화동1층","서울특별시 마포구 대흥로20길 28 (마포아트센터)","서울특별시 마포구 대흥동 30-3","46.50","20","(평시) 평일 09~18시 운영","126.9458180","37.5501940","195212.14127816","550076.41024435"
"2026","1144060000","특정계층이용시설","회원이용시설","대흥중앙경로당","서울특별시 마포구 대흥로18길 11","서울특별시 마포구 대흥동 34-19","60.00","18","(평시) 평일 09~18시 운영 ","126.9439620","37.5492630","195048.07196206","549973.17657041"
"2026","1144060000","공공시설","공공청사","대흥동주민센터","서울특별시 마포구 신촌로26길 10 (노고산동)","서울특별시 마포구 노고산동 1-50","52.00","15","<평시> (평일) 09시~18시 (주말?공휴일) 미운영  <폭염주의보, 폭염경보 발효 시>  (평일) 09시~22시 (주말?공휴일) 10시~19시  <폭염중대경보, 열대야주의보 발효 시> (평일) 09시~22시 (주말?공휴일) 10시~22시","126.9423652","37.5558478","194907.41507978","550704.09593197"
"2026","1144060000","특정계층이용시설","회원이용시설","노고산경로당","서울특별시 마포구 고산길 38-4","서울특별시 마포구 노고산동 12-66","81.00","24","(평시) 평일 09~18시 운영 ","126.9392450","37.5538600","194631.57299701","550483.64743231"
"2026","1144060000","특정계층이용시설","회원이용시설","대경경로당","서울특별시 마포구 백범로18길 26","서울특별시 마포구 대흥동 221-1","79.00","15","(평시) 평일 09~18시 운영 ","126.9426594","37.5467938","194932.79753258","549699.19451822"
"2026","1144060000","특정계층이용시설","회원이용시설","우리마포복지관","서울특별시 마포구 신촌로26길 10 (우리마포복지관)","서울특별시 마포구 노고산동 1-50","52.00","15","","126.9421880","37.5558510","194891.75798480","550704.46070880"
"2026","1144061000","특정계층이용시설","회원이용시설","염리삼성(아)제2경로당","서울특별시 마포구 백범로25길 83 (염리삼성래미안201동)","서울특별시 마포구 염리동 519","70.00","21","(평시) 평일 09~18시 운영 ","126.9477890","37.5497820","195386.28572215","550030.58463787"
"2026","1144061000","특정계층이용시설","회원이용시설","송암경로당","서울특별시 마포구 숭문길 59-2","서울특별시 마포구 염리동 81-5","27.00","8","(평시) 평일 09~18시 운영 ","126.9454686","37.5492869","195181.20771988","549975.75089324"
"2026","1144061000","공공시설","공공청사","염리동주민센터","서울특별시 마포구 숭문길 14","서울특별시 마포구 염리동 147-14","65.00","19","<평시> (평일) 09시~18시 (주말?공휴일) 미운영  <폭염주의보, 폭염경보 발효 시>  (평일) 09시~22시 (주말?공휴일) 10시~19시  <폭염중대경보, 열대야주의보 발효 시> (평일) 09시~22시 (주말?공휴일) 10시~22시","126.9456340","37.5470360","195195.67920760","549725.91963567"
"2026","1144061000","특정계층이용시설","회원이용시설","염리경로당","서울특별시 마포구 숭문길 35 (용강지구대)","서울특별시 마포구 염리동 83-3","90.00","27","(평시) 평일 09~18시 운영 ","126.9451680","37.5481440","195154.57052748","549848.91819509"
"2026","1132069000","특정계층이용시설","회원이용시설","방학1동경로당","서울특별시 도봉구 방학로 130-9  (방학동)","서울특별시 도봉구 방학동 690-82","231.00","90","","127.0375997","37.6633760","203317.51283385","562637.65822730"
"2026","1132070000","특정계층이용시설","회원이용시설","성삼경로당","서울특별시 도봉구 도당로15길 36","서울특별시 도봉구 방학동 636","36.00","9","","127.0360870","37.6670300","203183.88755204","563043.16381779"
"2026","1132070000","공공시설","복지?문화?체육시설","방아골종합사회복지관","서울특별시 도봉구 시루봉로17길 42  (방학동)","서울특별시 도봉구 방학동 396-19","3,217.00","200"," *폭염특보 발효 시에만 평일 연장 운영: 09~20시/ 주말 운영: 09~18시","127.0326966","37.6693592","202884.66883105","563301.57250028"
"2026","1132070000","특정계층이용시설","회원이용시설","청학경로당","서울특별시 도봉구 도당로13라길 104-4  (방학동)","서울특별시 도봉구 방학동 644-19","175.00","60","","127.0389837","37.6691214","203439.36139490","563275.39105697"
"2026","1132070000","특정계층이용시설","회원이용시설","신우경로당","서울특별시 도봉구 도당로13다길 39  (방학동)","서울특별시 도봉구 방학동 317-10","185.00","30","","127.0326912","37.6652827","202884.35016633","562849.12080243"
"2026","1132070000","특정계층이용시설","회원이용시설","방학동어르신복지관","서울특별시 도봉구 시루봉로15라길 59-9  (방학동)","서울특별시 도봉구 방학동 393-5","688.00","100","","127.0322084","37.6705863","202841.55042844","563437.75372190"
"2026","1132070000","특정계층이용시설","회원이용시설","방학2동경로당","서울특별시 도봉구 시루봉로17길 66","서울특별시 도봉구 방학동 398-31","188.00","30","","127.0313180","37.6693890","202763.04026179","563304.83848774"
"2026","1132070000","공공시설","공공청사","방학2동주민센터","서울특별시 도봉구 시루봉로 226  (방학동)","서울특별시 도봉구 방학동 621-2","1,378.00","150","","127.0350462","37.6682190","203092.01041271","563175.09633518"
"2026","1132070000","특정계층이용시설","회원이용시설","송학경로당","서울특별시 도봉구 도당로13라길 14-3  (방학동)","서울특별시 도봉구 방학동 635-13","142.00","30","","127.0351267","37.6668623","203099.16907507","563024.51858820"
"2026","1132071000","공공시설","복지?문화?체육시설","학마을도서관","서울특별시 도봉구 시루봉로 128 (도봉구평생학습관)","서울특별시 도봉구 방학동 446-5","3,837.00","50","","127.0278360","37.6621460","202456.07837847","562500.83981358"
"2026","1132071000","야외시설","공원","발바닥공원내부(꽃피는숲속마을)야외무더위쉼터","","서울특별시 도봉구 방학동 270-1","100.00","10","우천시 미운영","127.0296450","37.6597870","202615.77624720","562239.06314764"
"2026","1132071000","특정계층이용시설","회원이용시설","방학극동아파트경로당","","서울특별시 도봉구 방학동 산 60-3","96.00","24","","127.0262740","37.6641170","202318.19575458","562719.56156621"
"2026","1132071000","특정계층이용시설","회원이용시설","청구아파트경로당","서울특별시 도봉구 시루봉로 71 (청구아파트 관리실)","서울특별시 도봉구 방학동 734-1","99.00","25","","127.0259100","37.6570960","202286.29477608","561940.29136877"
"2026","1132071000","특정계층이용시설","회원이용시설","한화아파트경로당","서울특별시 도봉구 방학로11길 24 (방학3동어린이집)","서울특별시 도봉구 방학동 731-1","118.00","29","","127.0324310","37.6612290","202861.54828207","562399.19218618"
"2026","1132071000","특정계층이용시설","회원이용시설","신동아3차아파트경로당","서울특별시 도봉구 방학로15길 26-7 (신동아3차아파트 노인정,관리사무소)","서울특별시 도봉구 방학동 530","84.00","21","","127.0229980","37.6599040","202029.26387084","562251.88436325"
"2026","1135063000","특정계층이용시설","회원이용시설","은빛3단지어르신방경로당","서울특별시 노원구 동일로250길 17 (상계동, 은빛3단지아파트)","서울특별시 노원구 상계동 1264","109.00","67","상계은빛3관리사무소 건물 내(302,303동 근처) / 주말 및 공휴일 미운영","127.0566809","37.6828099","204999.78946124","564795.47925226"
"2026","1135063000","특정계층이용시설","회원이용시설","봉산경로당","서울특별시 노원구 동일로242가길 26-23 (상계동)","서울특별시 노원구 상계동 1117-10","31.00","30","","127.0563617","37.6768639","204972.02982791","564135.51311296"
"2026","1135063000","특정계층이용시설","회원이용시설","계산경로당","서울특별시 노원구 동일로239다길 19 (계산노인정)","서울특별시 노원구 상계동 1096-50","266.00","43","노원어린이집 옆 건물 / 주말 및 공휴일 미운영","127.0510170","37.6759980","204500.59156751","564039.13650866"
"2026","1135063000","특정계층이용시설","회원이용시설","상일경로당","서울특별시 노원구 동일로237가길 10 (상계동)","서울특별시 노원구 상계동 1049-104","142.00","37","삼성스토어 주차장 옆 건물 / 주말 및 공휴일 미운영","127.0545298","37.6743292","204810.58972025","563854.09026384"
"2026","1135066500","특정계층이용시설","기타","북부종합사회복지관","서울특별시 노원구 동일로245길 56","서울특별시 노원구 상계동 1257","120.00","60","2층 행복샘터 / 상시 개방 : 평일 09~18시 / 주말?공휴일 미운영","127.0521850","37.6796880","204603.40160112","564448.74780570"
"2026","1135064000","특정계층이용시설","회원이용시설","성민복지관","서울특별시 노원구 노원로32길 30-3 (성민복지관)","서울특별시 노원구 상계동 321-9","","","1층 로비 / 상시 개방 : 평일 09~18시","127.0692200","37.6558280","206108.06731830","561801.49430277"
"2026","1135064000","특정계층이용시설","회원이용시설","노원우성아파트경로당","서울특별시 노원구 상계로7길 18  (상계동, 우성아파트)","서울특별시 노원구 상계동 1251","","","102동 뒤, 놀이터 옆 관리사무소 내 / 주말 및 공휴일 미운영","127.0652425","37.6579402","205756.92415998","562035.67580533"
"2026","1135064000","특정계층이용시설","회원이용시설","중앙하이츠아파트경로당(상계2동)","서울특별시 노원구 노원로28길 15 (상계1차중앙하이츠아파트 102동)","서울특별시 노원구 상계동 1279","","","어린이놀이터 뒤 관리사무소 건물 1층 / 주말 및 공휴일 미운영","127.0690780","37.6534490","206095.73151882","561537.43992020"
"2026","1135064000","특정계층이용시설","회원이용시설","상계성원아파트경로당","서울특별시 노원구 노원로34길 34 (성원아파트 101동)","서울특별시 노원구 상계동 1283","","","관리사무소 건물 1층 / 주말 및 공휴일 미운영","127.0658630","37.6604930","205811.47739008","562319.04949339"
"2026","1135064000","특정계층이용시설","회원이용시설","상계동양우아파트경로당","서울특별시 노원구 노원로30길 81 (청솔상계양우아파트)","서울특별시 노원구 상계동 1299","","","102동 뒤편 건물 / 주말 및 공휴일 미운영","127.0710710","37.6564890","206271.34651135","561874.98085675"
"2026","1135064000","특정계층이용시설","회원이용시설","한일유앤아이아파트경로당","서울특별시 노원구 노원로28길 62 (한일유앤아이아파트 관리사무소)","서울특별시 노원구 상계동 1309-1","","","관리사무소 내 / 주말 및 공휴일 미운영","127.0709220","37.6546670","206258.35158483","561672.74713992"
"2026","1135064000","특정계층이용시설","회원이용시설","상계동동양메이저아파트경로당","서울특별시 노원구 상계로5길 12 (동양메이저아파트 102동)","서울특별시 노원구 상계동 1305","","","관리사무소 건물 1층 / 주말 및 공휴일 미운영","127.0636560","37.6575240","205616.96454025","561989.38555074"
"2026","1135064000","특정계층이용시설","회원이용시설","상계대동아파트경로당","서울특별시 노원구 상계로26길 20 (대동청솔아파트 관리사무소)","서울특별시 노원구 상계동 1284","","","103동 옆건물(관리사무소 옆 건물) / 주말 및 공휴일 미운영","127.0708930","37.6574330","206255.56048453","561979.74354510"
"2026","1135064000","특정계층이용시설","회원이용시설","상계2차중앙하이츠아파트경로당","서울특별시 노원구 노원로 428 (상계2차중앙하이츠아파트)","서울특별시 노원구 상계동 1282","","","203동 뒤편 / 주말 및 공휴일 미운영","127.0683180","37.6548560","206028.55218200","561693.55367515"
"2026","1135064000","특정계층이용시설","회원이용시설","노원현대아파트경로당","서울특별시 노원구 상계로3길 50 (노원현대아파트 관리사무소.경로당)","서울특별시 노원구 상계동 359-1","","","상계2동 어린이집 옆 건물 / 주말 및 공휴일 미운영","127.0624200","37.6584630","205507.83131602","562093.53188115"
"2026","1138065000","공공시설","공공청사","수색동주민센터","서울특별시 은평구 수색로 280 (수색동)","서울특별시 은평구 수색동 417-4","66.00","20","","126.8936697","37.5835405","190608.17954836","553781.41704587"
"2026","1138065000","특정계층이용시설","회원이용시설","구룡경로당","서울특별시 은평구 수색로 388-7 (수색동)","서울특별시 은평구 수색동 289-37","74.00","20","※ 경로당 실제 운영시간에 맞춰 탄력적 운영 가능","126.8846655","37.5898765","189813.73010195","554485.57995733"
"2026","1138065000","특정계층이용시설","회원이용시설","한숲(수색한숲)(임대)아파트경로당","서울특별시 은평구 은평터널로 66","서울특별시 은평구 수색동 415-4","76.00","10","※ 경로당 실제 운영시간에 맞춰 탄력적 운영 가능","126.9013780","37.5865040","191289.37490581","554109.58928628"
"2026","1138065000","특정계층이용시설","회원이용시설","물빛경로당","서울특별시 은평구 수색로22가길 6-8","서울특별시 은평구 수색동 324-2","100.00","30","※ 경로당 실제 운영시간에 맞춰 탄력적 운영 가능","126.8899940","37.5858120","190283.81167972","554033.90168051"
"2026","1138069000","특정계층이용시설","회원이용시설","은평뉴타운상림마을11단지아파트경로당","서울특별시 은평구 진관4로 48-8 (은평뉴타운상림마을718동)","서울특별시 은평구 진관동 15","","","※ 경로당 실제 운영시간에 맞춰 탄력적 운영 가능","126.9269670","37.6441910","193554.46266132","560510.16015371"
"2026","1138069000","특정계층이용시설","회원이용시설","은평뉴타운박석고개1단지제1경로당","서울특별시 은평구 진관1로 21-9 (은평뉴타운 박석고개 103동)","서울특별시 은평구 진관동 101","","","※ 경로당 실제 운영시간에 맞춰 탄력적 운영 가능","126.9201020","37.6326650","192947.50166077","559231.38702261"
"2026","1138069000","특정계층이용시설","회원이용시설","은평뉴타운상림마을7단지아파트경로당","서울특별시 은평구 진관4로 100 (은평뉴타운상림마을 608동)","서울특별시 은평구 진관동 2","","","※ 경로당 실제 운영시간에 맞춰 탄력적 운영 가능","126.9318070","37.6485080","193981.96588706","560988.98166123"
"2026","1138069000","특정계층이용시설","회원이용시설","은평뉴타운상림마을10단지아파트경로당","서울특별시 은평구 진관4로 48-17 (은평뉴타운상림마을 709동)","서울특별시 은평구 진관동 12","","","※ 경로당 실제 운영시간에 맞춰 탄력적 운영 가능","126.9274570","37.6449880","193597.77608858","560598.58545847"
"2026","1138069000","특정계층이용시설","회원이용시설","은평뉴타운박석고개13단지아파트경로당","서울특별시 은평구 진관1로 22 (은평뉴타운 박석고개 115동)","서울특별시 은평구 진관동 123","","","※ 경로당 실제 운영시간에 맞춰 탄력적 운영 가능","126.9218340","37.6308520","193100.21558026","559030.03421194"
"2026","1138069000","특정계층이용시설","회원이용시설","구파발9단지경로당","서울특별시 은평구 진관3로 67 (은평뉴타운 구파발 908동)","서울특별시 은평구 진관동 22","","","※ 경로당 실제 운영시간에 맞춰 탄력적 운영 가능","126.9200970","37.6413640","192947.88254015","560196.88633661"
"2026","1138069000","특정계층이용시설","회원이용시설","은평뉴타운상림마을13단지아파트경로당","서울특별시 은평구 진관4로 48-50 (은평뉴타운상림마을 719동)","서울특별시 은평구 진관동 11","","","※ 경로당 실제 운영시간에 맞춰 탄력적 운영 가능","126.9295450","37.6421730","193781.81622176","560286.00882218"
"2026","1138069000","특정계층이용시설","회원이용시설","은평뉴타운구파발9단지제2경로당","서울특별시 은평구 진관3로 77 (은평뉴타운구파발 921동)","서울특별시 은평구 진관동 25","","","※ 경로당 실제 운영시간에 맞춰 탄력적 운영 가능","126.9200170","37.6438620","192941.05823620","560474.14475488"
"2026","1138069000","특정계층이용시설","회원이용시설","은평뉴타운우물골2단지제2경로당","서울특별시 은평구 진관2로 77 (은평뉴타운우물골 205동)","서울특별시 은평구 진관동 83","","","※ 경로당 실제 운영시간에 맞춰 탄력적 운영 가능","126.9276140","37.6345630","193610.73927871","559441.50719560"
"2026","1138069000","특정계층이용시설","회원이용시설","은평뉴타운마고정2단지아파트경로당","서울특별시 은평구 진관2로 60 (은평뉴타운 마고정 327동)","서울특별시 은평구 진관동 105","","","※ 경로당 실제 운영시간에 맞춰 탄력적 운영 가능","126.9242070","37.6336030","193309.92911656","559335.19464223"
"2026","1144063000","공공시설","공공청사","신수동주민센터","서울특별시 마포구 독막로 192","서울특별시 마포구 신수동 458","52.00","15","<평시> (평일) 09시~18시 (주말?공휴일) 미운영  <폭염주의보, 폭염경보 발효 시>  (평일) 09시~22시 (주말?공휴일) 10시~19시  <폭염중대경보, 열대야주의보 발효 시> (평일) 09시~22시 (주말?공휴일) 10시~22시","126.9351580","37.5471220","194269.92208244","549736.05149916"
"2026","1144063000","특정계층이용시설","회원이용시설","동막경로당","서울특별시 마포구 독막로28길 34","서울특별시 마포구 신수동 219","56.00","16","(평시) 평일 09~18시 운영 ","126.9368920","37.5457750","194423.05507295","549586.44648983"
"2026","1144063000","특정계층이용시설","회원이용시설","수복경로당","서울특별시 마포구 창전로2길 39-3","서울특별시 마포구 신수동 101-17","116.00","35","(평시) 평일 09~18시 운영 ","126.9333840","37.5492510","194113.32137647","549972.45447314"
"2026","1144063000","특정계층이용시설","회원이용시설","익수경로당","서울특별시 마포구 독막로28길 34","서울특별시 마포구 신수동 219","49.00","14","(평시) 평일 09~18시 운영 ","126.9368920","37.5457750","194423.05507295","549586.44648983"
"2026","1144065500","특정계층이용시설","회원이용시설","창전삼성(아)제2경로당","서울특별시 마포구 서강로 95 (창전동삼성아파트101동)","서울특별시 마포구 창전동 437","75.00","22","(평시) 평일 09~18시 운영 ","126.9309940","37.5512310","193902.28471661","550192.36305679"
"2026","1144065500","공공시설","공공청사","서강동주민센터","서울특별시 마포구 독막로 165","서울특별시 마포구 창전동 242","53.00","16","<평시> (평일) 09시~18시 (주말?공휴일) 미운영  <폭염주의보, 폭염경보 발효 시>  (평일) 09시~22시 (주말?공휴일) 10시~19시  <폭염중대경보, 열대야주의보 발효 시> (평일) 09시~22시 (주말?공휴일) 10시~22시","126.9320270","37.5476890","193993.28154166","549799.17709821"
"2026","1144065500","특정계층이용시설","회원이용시설","시립마포노인종합복지관","서울특별시 마포구 서강로 68 (시립마포노인종합복지관)","서울특별시 마포구 창전동 140","110.00","51","","126.9321960","37.5488940","194008.31238921","549932.90681415"
"2026","1144065500","특정계층이용시설","회원이용시설","창전동경로당","서울특별시 마포구 서강로1길 30 (서강동전산교육장)","서울특별시 마포구 창전동 447","180.04","54","(평시) 평일 09~18시 운영 ","126.9302130","37.5491910","193833.10356756","549965.99847314"
"2026","1144065500","특정계층이용시설","회원이용시설","당인경로당","서울특별시 마포구 어울마당로 14 (현대타운)","서울특별시 마포구 당인동 12-16","36.80","11","(평시) 평일 09~18시 운영 ","126.9195840","37.5465300","192893.59360269","549671.40980810"
"2026","1144065500","특정계층이용시설","회원이용시설","농바우경로당","서울특별시 마포구 와우산로5길 12","서울특별시 마포구 상수동 327-10","62.00","18","(평시) 평일 09~18시 운영 ","126.9224850","37.5468530","193149.98617489","549707.04359738"
"2026","1100000000","특정계층이용시설","특수근로자 쉼터","휴서울이동노동자합정쉼터","서울특별시 마포구 양화로 73 (체리스빌딩)","서울특별시 마포구 서교동 392-20","252.00","80","","126.9160080","37.5513790","192578.06125788","550209.86687254"
"2026","1144066000","공공시설","기타","한국특허기술진흥원","서울특별시 마포구 연희로 11 (한국특허기술진흥원빌딩)","서울특별시 마포구 동교동 146-8","17.00","5","","126.9261940","37.5599160","193478.88950338","551156.61694311"
"2026","1144066000","특정계층이용시설","회원이용시설","동교동경로당","서울특별시 마포구 연희로1길 5","서울특별시 마포구 동교동 147-1","20.00","6","(평시) 평일 09~18시 운영 ","126.9262270","37.5595720","193481.77524322","551118.43471800"
"2026","1144066000","특정계층이용시설","회원이용시설","신촌로경로당","서울특별시 마포구 신촌로12나길 8 (연희빌딩)","서울특별시 마포구 노고산동 54-68","158.00","47","(평시) 평일 09~18시 운영 ","126.9330070","37.5553200","194080.48691046","550646.06456990"
"2026","1144066000","공공시설","공공청사","서교동주민센터","서울특별시 마포구 동교로15길 7","서울특별시 마포구 서교동 478-5","62.00","24","<평시> (평일) 09시~18시 (주말?공휴일) 미운영  <폭염주의보, 폭염경보 발효 시>  (평일) 09시~22시 (주말?공휴일) 10시~19시  <폭염중대경보, 열대야주의보 발효 시> (평일) 09시~22시 (주말?공휴일) 10시~22시","126.9145640","37.5551390","192450.84169613","550627.29700705"
"2026","1144066000","특정계층이용시설","회원이용시설","홍익경로당","서울특별시 마포구 홍익로 13-9","서울특별시 마포구 서교동 358-77","113.00","34","(평시) 평일 09~18시 운영 ","126.9231590","37.5533880","193210.14051495","550432.30132978"
"2026","1132071000","특정계층이용시설","회원이용시설","벽산1차아파트경로당","서울특별시 도봉구 방학로11길 36 (벽산아파트 관리실,노인정)","서울특별시 도봉구 방학동 275","63.00","16","","127.0323910","37.6604710","202858.04794260","562315.06049078"
"2026","1132071000","특정계층이용시설","회원이용시설","벽산2차아파트경로당","서울특별시 도봉구 시루봉로5길 48 (벽산아파트)","서울특별시 도봉구 방학동 496","82.00","21","","127.0261430","37.6585390","202306.81001763","562100.45566538"
"2026","1132071000","특정계층이용시설","회원이용시설","우성2차아파트경로당","서울특별시 도봉구 해등로 307 (우성2차아파트)","서울특별시 도봉구 방학동 508","37.00","9","","127.0227340","37.6569900","202006.04782818","561928.45374858"
"2026","1132071000","특정계층이용시설","회원이용시설","신동아2차아파트경로당","서울특별시 도봉구 방학로15길 40 (신동아아파트 노인정)","서울특별시 도봉구 방학동 531","99.00","25","","127.0246200","37.6584510","202172.42587351","562090.65217164"
"2026","1132071000","특정계층이용시설","회원이용시설","우성아파트경로당","서울특별시 도봉구 해등로 286-5 (우성1차아파트)","서울특별시 도봉구 방학동 507","59.00","15","","127.0247630","37.6577270","202185.06516253","562010.29871985"
"2026","1132071000","특정계층이용시설","회원이용시설","동양크레오아파트경로당","서울특별시 도봉구 시루봉로 166 (동양크레오아파트 104동)","서울특별시 도봉구 방학동 740","97.00","24","","127.0304140","37.6643410","202683.46631736","562744.53377134"
"2026","1132071000","특정계층이용시설","회원이용시설","신동아1차아파트제2경로당","서울특별시 도봉구 시루봉로 107 (신동아1단지아파트 21동)","서울특별시 도봉구 방학동 271-1","121.00","30","","127.0275970","37.6592540","202435.08494073","562179.85030047"
"2026","1132071000","특정계층이용시설","회원이용시설","삼익세라믹경로당","서울특별시 도봉구 도당로 37 (삼익세라믹아파트 노인정)","서울특별시 도봉구 방학동 274","66.00","17","","127.0334210","37.6613800","202948.89493093","562415.98235955"
"2026","1132071000","특정계층이용시설","회원이용시설","신동아1차아파트제1경로당","서울특별시 도봉구 방학로 193 (신동아1단지아파트 노인정,관리실)","서울특별시 도봉구 방학동 272","121.00","30","","127.0278290","37.6609210","202455.50109034","562364.87677615"
"2026","1132070000","특정계층이용시설","회원이용시설","신동아5차아파트경로당","서울특별시 도봉구 방학로12길 53 (방학동)","서울특별시 도봉구 방학동 738","23.00","9","","127.0290020","37.6633990","202558.91607659","562639.94159887"
"2026","1132071000","공공시설","공공청사","방학3동주민센터","서울특별시 도봉구 시루봉로 94  (방학동)","서울특별시 도봉구 방학동 273","1,573.00","150","","127.0279437","37.6591803","202465.67925283","562171.67939344"
"2026","1132071000","특정계층이용시설","회원이용시설","원당경로당","서울특별시 도봉구 해등로32가길 16","서울특별시 도봉구 방학동 547","200.00","50","","127.0222420","37.6602520","201962.54788732","562290.49281262"
"2026","1132071000","특정계층이용시설","회원이용시설","세심천경로당","","서울특별시 도봉구 방학동 산 90-14","54.00","14","","127.0246450","37.6565360","202174.68768435","561878.10688562"
"2026","1135056000","공공시설","복지?문화?체육시설","영축산어울마루","서울특별시 노원구 광운로19가길 63-1 (영축산어울마루)","서울특별시 노원구 월계동 산 125-8","","","","127.0594640","37.6253520","205249.32837181","558418.38153972"
"2026","1135056000","특정계층이용시설","회원이용시설","월계역신도브래뉴경로당","서울특별시 노원구 광운로 132 (월계역신도브래뉴 101동)","서울특별시 노원구 월계동 942","","","관리사무소동 1층 / 주말 및 공휴일 미운영","127.0590160","37.6293160","205209.50341334","558858.31876304"
"2026","1135056000","특정계층이용시설","회원이용시설","sk뷰아파트경로당","서울특별시 노원구 월계로42길 97 (꿈의숲 SK뷰 아파트 101동)","서울특별시 노원구 월계동 949","","","102동 1층(3-4-5 라인 출입구 옆) / 주말 및 공휴일 미운영","127.0539900","37.6216640","204766.33321381","558008.76063519"
"2026","1135064000","특정계층이용시설","회원이용시설","청솔경로당","서울특별시 노원구 노원로30길 73 (상계동)","서울특별시 노원구 상계동 181-14","120.00","26","50플러스센터 건물1층 / 주말 및 공휴일 미운영","127.0707250","37.6561268","206240.84558131","561834.75719657"
"2026","1135064000","공공시설","공공청사","상계2동주민센터","서울특별시 노원구 상계로 118 (상계동)","서울특별시 노원구 상계동 385-1","386.06","20","","127.0678196","37.6575021","205984.35972945","561987.21239625"
"2026","1135064000","특정계층이용시설","회원이용시설","불암경로당","서울특별시 노원구 한글비석로47길 99-3 (상계동)","서울특별시 노원구 상계동 404-7","329.00","22","1층 / 주말 및 공휴일 미운영","127.0660526","37.6596453","205828.27317809","562224.97497531"
"2026","1135064000","특정계층이용시설","회원이용시설","원터경로당","서울특별시 노원구 상계로10길 24-7 (상계동)","서울특별시 노원구 상계동 330-27","263.00","36","2층 / 주말 및 공휴일 미운영","127.0674500","37.6562818","205951.84385903","561851.74776224"
"2026","1135066500","공공시설","복지?문화?체육시설","도암어울마루","서울특별시 노원구 덕릉로126나길 14 (도암경노당)","서울특별시 노원구 상계동 68-50","","","","127.0831970","37.6708000","207339.94272131","563464.24094488"
"2026","1135066500","특정계층이용시설","회원이용시설","상계미라보아파트경로당","서울특별시 노원구 덕릉로127길 25 (불암산센트럴아파트)","서울특별시 노원구 상계동 1320","","","101동 앞 / 주말 및 공휴일 미운영","127.0813710","37.6719070","207178.73967609","563586.96581548"
"2026","1135066500","특정계층이용시설","회원이용시설","노원센트럴푸르지오경로당","서울특별시 노원구 수락산로 12 (상계동)","서울특별시 노원구 상계동 1355","","","103동 1층 / 주말 및 공휴일 미운영","127.0746350","37.6653660","206585.05183890","562860.48422194"
"2026","1135066500","특정계층이용시설","회원이용시설","청암2단지아파트경로당","서울특별시 노원구 덕릉로94가길 20 (청암2단지아파트 경로당)","서울특별시 노원구 상계동 1276","","","관리사무소 1층 / 주말 및 공휴일 미운영","127.0784130","37.6632610","206918.58049835","562627.12197182"
"2026","1135066500","특정계층이용시설","회원이용시설","청암1단지아파트경로당","서울특별시 노원구 덕릉로112길 24 (청암1단지아파트 관리사무소)","서울특별시 노원구 상계동 1275-1","","","관리사무소 1층 / 주말 및 공휴일 미운영","127.0786990","37.6649410","206943.65852111","562813.60657547"
"2026","1135066500","특정계층이용시설","회원이용시설","불암현대아파트경로당","서울특별시 노원구 덕릉로118길 29 (불암현대아파트 상가)","서울특별시 노원구 상계동 1287","","","관리사무소 1층 / 주말 및 공휴일 미운영","127.0798950","37.6664900","207049.03582225","562985.61961625"
"2026","1135066500","특정계층이용시설","회원이용시설","상계불암대림아파트경로당","서울특별시 노원구 덕릉로 730 (상계불암대림아파트 상가동)","서울특별시 노원구 상계동 1289","","","관리사무소 1층 / 주말 및 공휴일 미운영","127.0772940","37.6632530","206819.84896916","562626.15207786"
"2026","1135066500","특정계층이용시설","회원이용시설","동아불암아파트경로당","서울특별시 노원구 덕릉로 780 (동아불암아파트 노인정.관리사무소)","서울특별시 노원구 상계동 1285","","","관리사무소 1층 / 주말 및 공휴일 미운영","127.0795150","37.6672070","207015.44140537","563065.17109635"
"2026","1135066500","공공시설","공공청사","상계3.4동주민센터","서울특별시 노원구 덕릉로 859 (상계동)","서울특별시 노원구 상계동 1369-6","757.96","20","","127.0831865","37.6728813","207338.81140317","563695.24424677"
"2026","1135066500","특정계층이용시설","회원이용시설","수암경로당","서울특별시 노원구 덕릉로115가길 21 (상계동)","서울특별시 노원구 상계동 101-187","95.00","35","애니카랜드 노원점 옆골목 / 주말 및 공휴일 미운영","127.0785275","37.6675970","206928.28008781","563108.38385431"
"2026","1135066500","특정계층이용시설","회원이용시설","동아불암106동경로당","서울특별시 노원구 덕릉로112길 13 (상계동, 동아불암아파트)","서울특별시 노원구 상계동 1286","113.00","34","관리사무소 1층 / 주말 및 공휴일 미운영","127.0785141","37.6663783","206927.21110568","562973.11909385"
"2026","1135066500","특정계층이용시설","회원이용시설","상계불암대림아파트207동경로당","서울특별시 노원구 덕릉로94가길 41 (상계동, 상계불암대림아파트)","서울특별시 노원구 상계동 1290","85.00","22","관리사무소 1층 / 주말 및 공휴일 미운영","127.0779669","37.6639493","206879.15642298","562703.48366954"
"2026","1138069000","특정계층이용시설","회원이용시설","은평뉴타운상림마을4단지아파트경로당","서울특별시 은평구 진관4로 77 (은평뉴타운상림마을 702동)","서울특별시 은평구 진관동 6","","","※ 경로당 실제 운영시간에 맞춰 탄력적 운영 가능","126.9275200","37.6470260","193603.51087422","560824.77839670"
"2026","1138069000","특정계층이용시설","회원이용시설","은진경로당","서울특별시 은평구 진관1로 21-10 (은평뉴타운 박석고개 128동)","서울특별시 은평구 진관동 102","","","※ 경로당 실제 운영시간에 맞춰 탄력적 운영 가능","126.9220820","37.6332300","193122.32592911","559293.94916008"
"2026","1138069000","특정계층이용시설","회원이용시설","마고정11단지경로당","서울특별시 은평구 진관1로 55 (은평뉴타운 마고정 307동)","서울특별시 은평구 진관동 106","","","※ 경로당 실제 운영시간에 맞춰 탄력적 운영 가능","126.9259460","37.6320420","193463.28987141","559161.81736959"
"2026","1138069000","특정계층이용시설","회원이용시설","은평뉴타운폭포동4단지제1경로당","서울특별시 은평구 진관1로 77-8 (은평뉴타운 폭포동 401동)","서울특별시 은평구 진관동 113","","","※ 경로당 실제 운영시간에 맞춰 탄력적 운영 가능","126.9300550","37.6312770","193825.92603837","559076.63207889"
"2026","1138069000","특정계층이용시설","회원이용시설","은평뉴타운우물골6단지아파트경로당","서울특별시 은평구 진관2로 57-7 (은평뉴타운 우물골 253동)","서울특별시 은평구 진관동 81","","","※ 경로당 실제 운영시간에 맞춰 탄력적 운영 가능","126.9234560","37.6351220","193243.77762335","559503.84164584"
"2026","1138069000","특정계층이용시설","회원이용시설","은평뉴타운우물골8단지아파트경로당","서울특별시 은평구 진관2로 111-7 (은평뉴타운우물골 219동)","서울특별시 은평구 진관동 88","","","※ 경로당 실제 운영시간에 맞춰 탄력적 운영 가능","126.9313690","37.6362940","193942.32065087","559633.38115328"
"2026","1138069000","특정계층이용시설","회원이용시설","은평뉴타운제각말5단지제4경로당","서울특별시 은평구 연서로 455 (은평뉴타운 제각말 531동)","서울특별시 은평구 진관동 92","","","※ 경로당 실제 운영시간에 맞춰 탄력적 운영 가능","126.9329780","37.6359710","194084.31260429","559597.42884349"
"2026","1138069000","특정계층이용시설","회원이용시설","구파발10단지제2경로당","서울특별시 은평구 진관3로 15-35 (은평뉴타운 구파발 1009동)","서울특별시 은평구 진관동 28","","","※ 경로당 실제 운영시간에 맞춰 탄력적 운영 가능","126.9180520","37.6406440","192767.32411198","560117.12942285"
"2026","1138069000","특정계층이용시설","회원이용시설","구파발10단지제1경로당","서울특별시 은평구 진관3로 15-45 (은평뉴타운 구파발 1011동)","서울특별시 은평구 진관동 27","","","※ 경로당 실제 운영시간에 맞춰 탄력적 운영 가능","126.9166970","37.6437390","192648.03771435","560460.74801290"
"2026","1138069000","특정계층이용시설","회원이용시설","은평뉴타운폭포동4단지제3경로당","서울특별시 은평구 연서로44길 30 (은평뉴타운 폭포동 425동)","서울특별시 은평구 진관동 132","","","※ 경로당 실제 운영시간에 맞춰 탄력적 운영 가능","126.9341050","37.6276660","194183.13982352","558675.59025610"
"2026","1138069000","특정계층이용시설","회원이용시설","구파발10단지제3경로당","서울특별시 은평구 북한산로 2 (은평뉴타운 구파발 1024동)","서울특별시 은평구 진관동 29","","","※ 경로당 실제 운영시간에 맞춰 탄력적 운영 가능","126.9167110","37.6422370","192649.12528976","560294.04029342"
"2026","1138069000","특정계층이용시설","회원이용시설","은평뉴타운아파트폭포동4단지2은빛경로당","서울특별시 은평구 연서로44길 7 (은평뉴타운 폭포동 421동)","서울특별시 은평구 진관동 140","","","※ 경로당 실제 운영시간에 맞춰 탄력적 운영 가능","126.9333840","37.6293780","194119.62865285","558865.64917705"
"2026","1138069000","특정계층이용시설","회원이용시설","기자촌11단지경로당","서울특별시 은평구 연서로46길 7 (은평뉴타운기자촌11단지 1101동)","서울특별시 은평구 진관동 150","","","※ 경로당 실제 운영시간에 맞춰 탄력적 운영 가능","126.9341850","37.6342360","194190.71323036","559404.78647070"
"2026","1138069000","특정계층이용시설","회원이용시설","은평뉴타운상림마을1단지아파트경로당","서울특별시 은평구 진관4로 17 (811동)","서울특별시 은평구 진관동 19","","","※ 경로당 실제 운영시간에 맞춰 탄력적 운영 가능","126.9227590","37.6442380","193183.08928849","560515.67412414"
"2026","1144066000","특정계층이용시설","회원이용시설","신교경로당","서울특별시 마포구 잔다리로9길 4-8","서울특별시 마포구 서교동 469-14","65.00","19","(평시) 평일 09~18시 운영 ","126.9129720","37.5575190","192310.41649135","550891.57780352"
"2026","1144066000","특정계층이용시설","회원이용시설","세교경로당","서울특별시 마포구 와우산로37길 16 (구립동교어린이집)","서울특별시 마포구 동교동 181-3","94.00","28","(평시) 평일 09~18시 운영 ","126.9301210","37.5562760","193825.55829627","550752.35485817"
"2026","1144068000","특정계층이용시설","회원이용시설","합정경로당","서울특별시 마포구 동교로8길 58","서울특별시 마포구 합정동 459-5","215.00","65","(평시) 평일 09~18시 운영 ","126.9057380","37.5494180","191670.33603085","549993.07973673"
"2026","1144068000","특정계층이용시설","회원이용시설","희우경로당","서울특별시 마포구 동교로 62-6","서울특별시 마포구 합정동 432-15","55.00","16","(평시) 평일 09~18시 운영 ","126.9090720","37.5531580","191965.35365451","550407.88483100"
"2026","1144068000","공공시설","공공청사","합정동주민센터","서울특별시 마포구 월드컵로3길 14 (합정동, 마포 한강 2차 푸르지오)","서울특별시 마포구 합정동 473","62.00","18","<평시> (평일) 09시~18시 (주말?공휴일) 미운영  <폭염주의보, 폭염경보 발효 시>  (평일) 09시~22시 (주말?공휴일) 10시~19시  <폭염중대경보, 열대야주의보 발효 시> (평일) 09시~22시 (주말?공휴일) 10시~22시 ","126.9117692","37.5516099","192203.52439653","550235.83710671"
"2026","1144068000","특정계층이용시설","회원이용시설","양화진경로당","서울특별시 마포구 양화진길 43 (합정어린이집)","서울특별시 마포구 합정동 376-29","128.00","38","(평시) 평일 09~18시 운영 ","126.9123830","37.5467130","192257.25605406","549692.28925806"
"2026","1144069000","공공시설","공공청사","망원1동주민센터","서울특별시 마포구 포은로6길 10","서울특별시 마포구 망원동 403-2","83.00","25","<평시> (평일) 09시~18시 (주말?공휴일) 미운영  <폭염주의보, 폭염경보 발효 시>  (평일) 09시~22시 (주말?공휴일) 10시~19시  <폭염중대경보, 열대야주의보 발효 시> (평일) 09시~22시 (주말?공휴일) 10시~22시","126.9055990","37.5555860","191658.74044324","550677.66644640"
"2026","1144069000","특정계층이용시설","회원이용시설","서림경로당","서울특별시 마포구 희우정로15길 25-9 (서림경로당)","서울특별시 마포구 망원동 459-16","78.00","23","(평시) 평일 09~18시 운영 ","126.9013780","37.5528200","191285.45128327","550371.05629324"
"2026","1144069000","특정계층이용시설","회원이용시설","오칠경로당","서울특별시 마포구 월드컵로23길 18-5","서울특별시 마포구 망원동 485-30","76.00","23","(평시) 평일 09~18시 운영 ","126.9074900","37.5570510","191825.98900826","550840.09794355"
"2026","1144070000","공공시설","공공청사","망원2동주민센터","서울특별시 마포구 방울내로7길 11","서울특별시 마포구 망원동 436-14","65.00","19","<평시> (평일) 09시~18시 (주말?공휴일) 미운영  <폭염주의보, 폭염경보 발효 시>  (평일) 09시~22시 (주말?공휴일) 10시~19시  <폭염중대경보, 열대야주의보 발효 시> (평일) 09시~22시 (주말?공휴일) 10시~22시","126.9022820","37.5602910","191366.19358522","551200.16529947"
"2026","1144070000","특정계층이용시설","회원이용시설","쌈지경로당","서울특별시 마포구 방울내로 24-12 (구립망원2동2노인정)","서울특별시 마포구 망원동 451-1","214.00","64","(평시) 평일 09~18시 운영 ","126.8986480","37.5572890","191044.75466597","550867.31877786"
"2026","1144070000","특정계층이용시설","회원이용시설","망원2동제1경로당","서울특별시 마포구 월드컵로31길 69 (망원2동노인정)","서울특별시 마포구 망원동 436-1","115.00","34","(평시) 평일 09~18시 운영 ","126.9012480","37.5601280","191274.81619817","551182.16970546"
"2026","1144071000","공공시설","공공청사","연남동주민센터","서울특별시 마포구 성미산로29길 17-9","서울특별시 마포구 연남동 250-9","74.00","22","<평시> (평일) 09시~18시 (주말?공휴일) 미운영  <폭염주의보, 폭염경보 발효 시>  (평일) 09시~22시 (주말?공휴일) 10시~19시  <폭염중대경보, 열대야주의보 발효 시> (평일) 09시~22시 (주말?공휴일) 10시~22시","126.9220060","37.5644710","193109.27929487","551662.46716396"
"2026","1144071000","특정계층이용시설","회원이용시설","느티나무경로당","서울특별시 마포구 성미산로18길 18","서울특별시 마포구 연남동 487-325","145.00","31","(평시) 평일 09~18시 운영 ","126.9183610","37.5606800","192786.88030277","551241.98422564"
"2026","1144071000","특정계층이용시설","회원이용시설","연남동경로당","서울특별시 마포구 동교로41길 36 (연남동주민커뮤니티센터)","서울특별시 마포구 연남동 239-56","95.00","28","(평시) 평일 09~18시 운영 ","126.9234280","37.5638570","193234.85659447","551594.21705400"
"2026","1135056000","특정계층이용시설","회원이용시설","성북역신도브래뉴경로당","서울특별시 노원구 광운로19길 38 (성북역신도브래뉴 경비실)","서울특별시 노원구 월계동 941","","","103동 1층(1-2라인 출입구 옆) / 주말 및 공휴일 미운영","127.0590620","37.6232970","205213.98437951","558190.27592413"
"2026","1135056000","특정계층이용시설","회원이용시설","월계한일2차아파트경로당","서울특별시 노원구 석계로13길 6-10 (월계2차한일아파트 관리/노인정)","서울특별시 노원구 월계동 927","","","관리사무소동 1층(아파트입구 경비실 옆) / 주말 및 공휴일 미운영","127.0619880","37.6213090","205472.43696541","557969.79565488"
"2026","1135056000","특정계층이용시설","회원이용시설","세양청마루아파트경로당","서울특별시 노원구 석계로13길 35 (세양청마루아파트 경로당)","서울특별시 노원구 월계동 943","","","8-9라인 옆 별동 건물 / 주말 및 공휴일 미운영","127.0601500","37.6205340","205310.22939095","557883.67334834"
"2026","1135056000","특정계층이용시설","회원이용시설","장은하이빌아파트경로당","서울특별시 노원구 석계로13길 6-9 (장은아파트 101동)","서울특별시 노원구 월계동 931","","","102동 옆 / 주말 및 공휴일 미운영","127.0622260","37.6207250","205493.49110274","557904.99178672"
"2026","1135056000","특정계층이용시설","회원이용시설","월계현대아파트경로당","서울특별시 노원구 석계로 49","서울특별시 노원구 월계동 929","","","관리사무소동 1층 / 주말 및 공휴일 미운영","127.0625570","37.6186880","205522.86342124","557678.92598696"
"2026","1135056000","특정계층이용시설","회원이용시설","월계한일1차아파트경로당","서울특별시 노원구 석계로15길 25 (월계1차한일아파트 관리/노인정)","서울특별시 노원구 월계동 926","","","관리사무소동 1층 / 주말 및 공휴일 미운영","127.0614780","37.6219050","205427.36971115","558035.91569161"
"2026","1135056000","특정계층이용시설","회원이용시설","대동아파트경로당","서울특별시 노원구 광운로 46 (대동아파트 103동)","서울특별시 노원구 월계동 925","","","103동 1층(관리사무소 옆) / 주말 및 공휴일 미운영","127.0607270","37.6217440","205361.08186395","558018.00324513"
"2026","1135056000","특정계층이용시설","회원이용시설","삼창아파트경로당","서울특별시 노원구 광운로2나길 50 (삼창아파트 노인정)","서울특별시 노원구 월계동 441","","","B동 앞 별동 건물(놀이터 옆) / 주말 및 공휴일 미운영","127.0597610","37.6178040","205276.08016859","557580.65062777"
"2026","1135056000","특정계층이용시설","회원이용시설","동신아파트경로당","서울특별시 노원구 광운로2나길 30 (동신아파트 2동)","서울특별시 노원구 월계동 436","","","상가동 2층 / 주말 및 공휴일 미운영","127.0612120","37.6175440","205404.20248337","557551.87596514"
"2026","1135056000","야외시설","정자?파고라 등","영축산순환산책로야외쉼터1(광명교회)","","서울특별시 노원구 월계동 산 116-1","10.00","3","2025. 7. 23. ~ 8. 25. 힐링냉장고 운영 예정","127.0518717","37.6252938","204579.10325235","558411.52440988"
"2026","1135056000","야외시설","정자?파고라 등","영축산순환산책로야외쉼터2(SK뷰아파트)","","서울특별시 노원구 월계동 산 130","10.00","5","2025. 7. 23. ~ 8. 25. 힐링냉장고 운영 예정","127.0543045","37.6231907","204793.99979549","558178.22410375"
"2026","1135056000","특정계층이용시설","회원이용시설","연촌경로당","서울특별시 노원구 광운로15길 35-2 (월계동, 동광빌라)","서울특별시 노원구 월계동 500-30","52.00","27","101호/ 주말 및 공휴일 미운영","127.0571986","37.6213594","205049.61475386","557975.12106214"
"2026","1135056000","공공시설","공공청사","월계1동주민센터","서울특별시 노원구 석계로 59 (월계동)","서울특별시 노원구 월계동 928","261.75","20","","127.0629734","37.6198913","205559.53582239","557812.50399598"
"2026","1135056000","특정계층이용시설","회원이용시설","광운경로당","서울특별시 노원구 광운로19가길 53 (월계동)","서울특별시 노원구 월계동 376-31","56.00","23","제일빌라 옆 건물 / 주말 및 공휴일 미운영","127.0591271","37.6252768","205219.59296533","558410.01634554"
"2026","1135056000","특정계층이용시설","회원이용시설","벼루마을경로당","서울특별시 노원구 월계로44길 62 (월계동)","서울특별시 노원구 월계동 534-156","125.00","25","교육촌어린이집 맞은편 건물/ 주말 및 공휴일 미운영","127.0525235","37.6225767","204636.81128836","558109.98715506"
"2026","1135056000","특정계층이용시설","회원이용시설","월성경로당","서울특별시 노원구 광운로13길 9 (월계동)","서울특별시 노원구 월계동 393-13","128.00","44","달빛마실아이휴센터(지하층)의 위층 / 주말 및 공휴일 미운영","127.0587409","37.6212999","205185.77644185","557968.60129031"
"2026","1135066500","특정계층이용시설","회원이용시설","불암현대아파트106동경로당","서울특별시 노원구 덕릉로118길 27 (상계동, 불암현대아파트)","서울특별시 노원구 상계동 1294","152.00","24","관리사무소 1층 / 주말 및 공휴일 미운영","127.0803541","37.6680895","207089.38950516","563163.18308385"
"2026","1135066500","특정계층이용시설","회원이용시설","도암경로당","서울특별시 노원구 덕릉로126나길 14 (도암경노당)","서울특별시 노원구 상계동 68-50","101.00","31","도암어울마을 1층 / 주말 및 공휴일 미운영","127.0831970","37.6708000","207339.94272131","563464.24094488"
"2026","1135066500","특정계층이용시설","회원이용시설","덕산경로당","서울특별시 노원구 덕릉로129길 7","서울특별시 노원구 상계동 1372-2","72.00","36","한양탁구장 건물 뒷골목 / 주말 및 공휴일 미운영","127.0823760","37.6722360","207267.37105405","563623.55905676"
"2026","1135066500","특정계층이용시설","회원이용시설","양지마을경로당","서울특별시 노원구 덕릉로137길 35 (양지마을경로당)","서울특별시 노원구 상계동 1361-5","44.00","34","","127.0831810","37.6745720","207338.15968766","563882.89518672"
"2026","1135066500","특정계층이용시설","회원이용시설","희망경로당","서울특별시 노원구 덕릉로130길 48 (상계동)","서울특별시 노원구 상계동 71-71","36.00","34","","127.0857105","37.6720172","207561.56939093","563599.53808902"
"2026","1135069500","특정계층이용시설","기타","상계종합사회복지관","서울특별시 노원구 덕릉로115나길 25","서울특별시 노원구 상계동 101-135","120.00","15","2층 꿈꾸는교실/ 상시 개방 : 평일 09~18시 / 폭염특보 발효 시 : 평일 18~20시, 토요일 09~14시 운영, 일요일?공휴일 미운영","127.0783852","37.6678843","206915.69866325","563140.26084065"
"2026","1135067000","공공시설","복지?문화?체육시설","꿈꾸는상계5동행복발전소","서울특별시 노원구 한글비석로46길 3 (노원구사회적경제지원센터제4관)","서울특별시 노원구 상계동 450-6","","","","127.0681670","37.6640240","206014.48790748","562711.10087071"
"2026","1135067000","특정계층이용시설","회원이용시설","금호타운아파트경로당(상계5동)","서울특별시 노원구 한글비석로46나길 10 (금호아파트 102동)","서울특별시 노원구 상계동 1270","","","관리사무소 1층 / 주말 및 공휴일 미운영","127.0688030","37.6673030","206070.33620510","563075.07865530"
"2026","1135067000","특정계층이용시설","회원이용시설","상계대림아파트경로당(상계5동)","서울특별시 노원구 상계로 193-14 (상계대림아파트 102동)","서울특별시 노원구 상계동 172","","","입구근처 관리사무소 2층 / 주말 및 공휴일 미운영","127.0743360","37.6630140","206558.87799068","562599.41441960"
"2026","1135067000","특정계층이용시설","회원이용시설","상계신동아아파트경로당","서울특별시 노원구 한글비석로52길 66 (신동아아파트 경로당)","서울특별시 노원구 상계동 463-4","","","102동 맞은편 관리사무소 2층 / 주말 및 공휴일 미운영","127.0668550","37.6667120","205898.51523299","563009.35911281"
"2026","1135067000","특정계층이용시설","회원이용시설","한신1차아파트경로당","서울특별시 노원구 한글비석로46가길 16 (한신1차아파트 경비실)","서울특별시 노원구 상계동 135","","","4동 뒤 관리사무소 1층 / 주말 및 공휴일 미운영","127.0685980","37.6661170","206052.34581188","562943.43102621"
"2026","1135067000","특정계층이용시설","회원이용시설","한신2차아파트경로당","서울특별시 노원구 한글비석로48길 6 (한신2차아파트 경비실)","서울특별시 노원구 상계동 451","","","6동과 5동 사이 모서리 관리사무소 1층 / 주말 및 공휴일 미운영","127.0682670","37.6647510","206023.25232970","562791.79713272"
"2026","1135067000","특정계층이용시설","회원이용시설","한신3차아파트경로당","서울특별시 노원구 한글비석로46가길 34 (한신3차아파트 경로당)","서울특별시 노원구 상계동 458","","","관리사무소 1층 / 주말 및 공휴일 미운영","127.0675840","37.6663810","205962.86028492","562972.66746828"
"2026","1135067000","특정계층이용시설","회원이용시설","상계벽산아파트경로당","서울특별시 노원구 한글비석로 396 (벽산아파트 경로당)","서울특별시 노원구 상계동 172-6","","","103동 옆 관리사무소 2층 / 주말 및 공휴일 미운영","127.0738560","37.6624150","206516.57857412","562532.89786776"
"2026","1135067000","공공시설","공공청사","상계5동주민센터","서울특별시 노원구 한글비석로 434 (상계동)","서울특별시 노원구 상계동 167-2","227.70","20","","127.0693758","37.6629598","206121.22974511","562593.06338602"
"2026","1135067000","특정계층이용시설","회원이용시설","복지경로당","서울특별시 노원구 한글비석로 426-12 (상계동)","서울특별시 노원구 상계동 169-80","252.00","46","상계다락 아이휴센터 1층 및 2층 / 주말 및 공휴일 미운영","127.0705265","37.6625670","206222.79217430","562549.54220301"
"2026","1138069000","특정계층이용시설","회원이용시설","은평뉴타운마고정3단지제2경로당","서울특별시 은평구 진관2로 90 (은평뉴타운 마고정 311동)","서울특별시 은평구 진관동 107","","","※ 경로당 실제 운영시간에 맞춰 탄력적 운영 가능","126.9272010","37.6335770","193574.20029416","559332.09966573"
"2026","1138069000","특정계층이용시설","회원이용시설","은평뉴타운상림마을3단지아파트경로당","서울특별시 은평구 진관4로 47 (은평뉴타운상림마을 708동)","서울특별시 은평구 진관동 13","","","※ 경로당 실제 운영시간에 맞춰 탄력적 운영 가능","126.9263000","37.6461620","193495.76834429","560728.96708014"
"2026","1138069000","특정계층이용시설","회원이용시설","은평뉴타운상림마을12단지아파트경로당","서울특별시 은평구 진관3로 70 (은평뉴타운상림마을 827동)","서울특별시 은평구 진관동 20","","","※ 경로당 실제 운영시간에 맞춰 탄력적 운영 가능","126.9226120","37.6424660","193169.95354974","560319.01095327"
"2026","1138069000","특정계층이용시설","회원이용시설","은평뉴타운상림마을5단지아파트경로당","서울특별시 은평구 진관4로 87 (은평뉴타운상림마을 622동)","서울특별시 은평구 진관동 5","","","※ 경로당 실제 운영시간에 맞춰 탄력적 운영 가능","126.9285790","37.6479460","193697.04726878","560926.81736366"
"2026","1138069000","특정계층이용시설","회원이용시설","은평뉴타운상림마을14단지아파트경로당","서울특별시 은평구 진관4로 48-51 (은평뉴타운 상림마을 742동)","서울특별시 은평구 진관동 10","","","※ 경로당 실제 운영시간에 맞춰 탄력적 운영 가능","126.9311280","37.6427530","193921.57515675","560350.27912870"
"2026","1138069000","특정계층이용시설","회원이용시설","은평뉴타운상림마을6단지아파트제1경로당","서울특별시 은평구 진관4로 78-7 (은평뉴타운상림마을 605동)","서울특별시 은평구 진관동 3","","","※ 경로당 실제 운영시간에 맞춰 탄력적 운영 가능","126.9300950","37.6467500","193830.73641290","560793.97273667"
"2026","1138069000","특정계층이용시설","회원이용시설","은평뉴타운상림마을6단지아파트경로당","서울특별시 은평구 진관4로 107 (은평뉴타운상림마을 616동)","서울특별시 은평구 진관동 1","","","※ 경로당 실제 운영시간에 맞춰 탄력적 운영 가능","126.9299880","37.6489230","193821.47344618","561035.16071121"
"2026","1138069000","특정계층이용시설","회원이용시설","은평뉴타운상림마을2단지아파트경로당","서울특별시 은평구 진관4로 37 (은평뉴타운상림마을 809동)","서울특별시 은평구 진관동 14","","","※ 경로당 실제 운영시간에 맞춰 탄력적 운영 가능","126.9251060","37.6451620","193390.30586955","560618.06073174"
"2026","1138069000","특정계층이용시설","회원이용시설","은평지웰테라스아파트경로당","서울특별시 은평구 진관4로 78-38 (은평지웰 테라스 1501동)","서울특별시 은평구 진관동 9","","","※ 경로당 실제 운영시간에 맞춰 탄력적 운영 가능","126.9320390","37.6434690","194002.03471377","560429.68915743"
"2026","1138069000","특정계층이용시설","회원이용시설","은평뉴타운제각말5단지제1경로당","서울특별시 은평구 연서로48길 12 (은평뉴타운 제각말 512동)","서울특별시 은평구 진관동 154","","","※ 경로당 실제 운영시간에 맞춰 탄력적 운영 가능","126.9356600","37.6367150","194321.09560738","559679.83941324"
"2026","1138069000","공공시설","복지?문화?체육시설","은뜨락도서관","서울특별시 은평구 통일로 972 (진관동, 은뜨락)","서울특별시 은평구 진관동 235-28","37.00","13","","126.9203530","37.6303290","192969.43706423","558972.09661593"
"2026","1138069000","특정계층이용시설","회원이용시설","은평뉴타운상림마을9단지아파트경로당","서울특별시 은평구 진관4로 78-8 (은평뉴타운상림마을701동)","서울특별시 은평구 진관동 7","99.00","45","※ 경로당 실제 운영시간에 맞춰 탄력적 운영 가능","126.9287120","37.6459540","193708.61659231","560705.71669672"
"2026","1138069000","특정계층이용시설","회원이용시설","은뜨락경로당","서울특별시 은평구 통일로 972 (은뜨락)","서울특별시 은평구 진관동 122","155.00","70","※ 경로당 실제 운영시간에 맞춰 탄력적 운영 가능","126.9199160","37.6301760","192930.84790509","558955.14804942"
"2026","1138069000","공공시설","복지?문화?체육시설","은평뉴타운도서관","서울특별시 은평구 진관2로 111-51 (진관동)","서울특별시 은평구 진관동 93","52.20","12","","126.9331035","37.6371957","194095.48675932","559733.34993882"
"2026","1144071000","특정계층이용시설","회원이용시설","연동경로당","서울특별시 마포구 성미산로29안길 30 (연동경로당)","서울특별시 마포구 연남동 223-91","146.05","44","(평시) 평일 09~18시 운영 ","126.9237510","37.5655740","193263.54829183","551784.76073185"
"2026","1144071000","특정계층이용시설","회원이용시설","연서경로당","서울특별시 마포구 연남로11길 3 (연서경로당)","서울특별시 마포구 연남동 365-4","176.00","53","(평시) 평일 09~18시 운영 ","126.9187470","37.5656880","192821.46543295","551797.78385911"
"2026","1144072000","특정계층이용시설","회원이용시설","성산1동1경로당","서울특별시 마포구 월드컵북로15안길 26 (성산1동제1노인정)","서울특별시 마포구 성산동 산 11-1","149.00","14","(평시) 평일 09~18시 운영 ","126.9096450","37.5620550","192016.93472745","551395.29765158"
"2026","1144072000","특정계층이용시설","회원이용시설","성산1동2경로당","서울특별시 마포구 성미산로5길 55-14","서울특별시 마포구 성산동 256-14","103.00","31","(평시) 평일 09~18시 운영 ","126.9086670","37.5603334","191930.34055251","551204.30384110"
"2026","1144072000","특정계층이용시설","회원이용시설","성미경로당","서울특별시 마포구 성미산로1길 100-20","서울특별시 마포구 성산동 271-29","76.00","23","(평시) 평일 09~18시 운영 ","126.9062810","37.5619060","191719.70128542","551379.05145713"
"2026","1144072000","공공시설","공공청사","성산1동주민센터","서울특별시 마포구 성산로4길 15 (성산동)","서울특별시 마포구 성산동 275-68","74.00","22","<평시> (평일) 09시~18시 (주말?공휴일) 미운영  <폭염주의보, 폭염경보 발효 시>  (평일) 09시~22시 (주말?공휴일) 10시~19시  <폭염중대경보, 열대야주의보 발효 시> (평일) 09시~22시 (주말?공휴일) 10시~22시","126.9078612","37.5633768","191859.47581716","551542.15493756"
"2026","1144072000","특정계층이용시설","회원이용시설","다솜경로당","서울특별시 마포구 월드컵북로20길 16","서울특별시 마포구 성산동 37-16","67.00","20","(평시) 평일 09~18시 운영 ","126.9141300","37.5640930","192413.40120107","551621.12022380"
"2026","1144073000","공공시설","공공청사","구청사무더위쉼터(1층마포청소년센터입구앞)","서울특별시 마포구 월드컵로 212 (마포구청)","서울특별시 마포구 성산동 370","25.00","10","(평시) 평일 09~18시 운영 (폭염 특보 발령 시) 토, 일요일 및 공휴일 10~17시 운영","126.9019420","37.5662420","191336.84223936","551860.68778610"
"2026","1144073000","특정계층이용시설","회원이용시설","가좌행복경로당","서울특별시 마포구 성암로 28 (가좌행복주택)","서울특별시 마포구 성산동 134-2","139.00","42","(평시) 평일 09~18시 운영 ","126.9131070","37.5692650","192323.55008653","552195.23491959"
"2026","1144073000","특정계층이용시설","회원이용시설","간데마을경로당","서울특별시 마포구 성암로9길 14","서울특별시 마포구 중동 58-23","68.00","20","(평시) 평일 09~18시 운영 ","126.9034760","37.5729890","191473.13619612","552609.38614431"
"2026","1144073000","특정계층이용시설","회원이용시설","백합경로당","서울특별시 마포구 월드컵로 215","서울특별시 마포구 성산동 595","122.00","36","(평시) 평일 09~18시 운영 ","126.9011990","37.5643510","191270.97954452","551650.87764435"
"2026","1144073000","특정계층이용시설","회원이용시설","낙루경로당","서울특별시 마포구 월드컵북로38나길 25","서울특별시 마포구 중동 36-27","72.00","21","(평시) 평일 09~18시 운영 ","126.9065820","37.5706720","191747.26250193","552351.94862914"
"2026","1144073000","특정계층이용시설","회원이용시설","무리울새마을경로당","서울특별시 마포구 월드컵북로 198-17 (무리울새마을경로당)","서울특별시 마포구 성산동 산 41-2","175.00","53","(평시) 평일 09~18시 운영 ","126.9072270","37.5688890","191804.04776357","552153.99987931"
"2026","1144073000","특정계층이용시설","회원이용시설","샛터경로당","서울특별시 마포구 새터산2길 7","서울특별시 마포구 성산동 200-309","144.00","43","(평시) 평일 09~18시 운영 ","126.9075290","37.5651250","191830.31663164","551736.21348305"
"2026","1144073000","공공시설","공공청사","성산2동주민센터","서울특별시 마포구 월드컵북로30길 22","서울특별시 마포구 성산동 603","69.00","20","<평시> (평일) 09시~18시 (주말?공휴일) 미운영  <폭염주의보, 폭염경보 발효 시>  (평일) 09시~22시 (주말?공휴일) 10시~19시  <폭염중대경보, 열대야주의보 발효 시> (평일) 09시~22시 (주말?공휴일) 10시~22시","126.9089820","37.5685780","191959.05835623","552119.33087777"
"2026","1144074000","특정계층이용시설","특수근로자 쉼터","휴서울이동노동자상암쉼터","서울특별시 마포구 매봉산로 37 (DMC산학협력연구센터)","서울특별시 마포구 상암동 1649","","30","","126.8904970","37.5760740","190326.97896122","552953.04264485"
"2026","1135056000","특정계층이용시설","회원이용시설","선곡경로당","서울특별시 노원구 광운로2길 15-6 (월계동)","서울특별시 노원구 월계동 472-8","23.00","27","세움2차빌라 맞은편 건물/ 주말 및 공휴일 미운영","127.0582983","37.6176181","205146.95653695","557559.93651335"
"2026","1135056000","특정계층이용시설","회원이용시설","월계노인복지관","서울특별시 노원구 월계로42길 9 (월계동)","서울특별시 노원구 월계동 936","120.00","10","1층 로비 / 상시 개방 : 평일 09~18시","127.0507532","37.6242783","204480.42582872","558298.76069004"
"2026","1135057000","공공시설","복지?문화?체육시설","초안산숲속작은도서관","서울특별시 노원구 덕릉로60길 199","서울특별시 노원구 월계동 905-10","","","","127.0443650","37.6321690","203916.06986841","559174.25946667"
"2026","1135057000","특정계층이용시설","회원이용시설","월계센트럴아이파크아파트경로당","서울특별시 노원구 초안산로2라길 26 (월계동)","서울특별시 노원구 월계동 951","","","101동 1층 / 주말 및 공휴일 미운영","127.0573380","37.6302960","205061.31530098","558966.99664389"
"2026","1135057000","특정계층이용시설","회원이용시설","녹천역두산위브아파트경로당","서울특별시 노원구 마들로5길 25 (녹천역두산위브아파트 102동)","서울특별시 노원구 월계동 950","","","106동 옆 / 주말 및 공휴일 미운영","127.0527690","37.6406520","204657.35604840","560116.16835283"
"2026","1135057000","특정계층이용시설","회원이용시설","월계동원베네스트경로당","서울특별시 노원구 월계로53길 21 (동원베네스트 관리노인정)","서울특별시 노원구 월계동 940","","","104동 관리노인정 / 주말 및 공휴일 미운영","127.0584080","37.6314520","205155.68603010","559095.35877602"
"2026","1135057000","특정계층이용시설","회원이용시설","롯데캐슬루나아파트경로당","서울특별시 노원구 월계로45길 21 (롯데캐슬루나아파트 노인정동)","서울특별시 노원구 월계동 947","","","111동 노인정동 / 주말 및 공휴일 미운영","127.0496990","37.6262710","204387.24531158","558519.87948108"
"2026","1135057000","특정계층이용시설","회원이용시설","초안산쌍용스윗닷홈경로당","서울특별시 노원구 덕릉로60길 222 (초안산쌍용스윗닷홈아파트 101동)","서울특별시 노원구 월계동 945","","","101동 / 주말 및 공휴일 미운영","127.0444220","37.6307250","203921.17709132","559013.99297615"
"2026","1135057000","특정계층이용시설","회원이용시설","월계유원아파트경로당","서울특별시 노원구 덕릉로60길 252 (유원아파트)","서울특별시 노원구 월계동 880","","","101동 옆 / 주말 및 공휴일 미운영","127.0452320","37.6297440","203992.72913619","558905.14643160"
"2026","1135057000","특정계층이용시설","회원이용시설","청백4단지경로당","서울특별시 노원구 월계로45가길 94 (월계청백4단지아파트 노인정)","서울특별시 노원구 월계동 781","","","402동 옆 / 주말 및 공휴일 미운영","127.0517470","37.6316760","204567.70445270","559119.87532797"
"2026","1135057000","특정계층이용시설","회원이용시설","청백3단지경로당","서울특별시 노원구 월계로45가길 89 (월계청백3단지아파트 통합경비실)","서울특별시 노원구 월계동 780","","","청백3단지 통합경비실 / 주말 및 공휴일 미운영 ","127.0500010","37.6317990","204413.57785744","559133.44348469"
"2026","1135057000","특정계층이용시설","회원이용시설","월계흥화브라운빌경로당","서울특별시 노원구 우이천로2나길 14 (월계 흥화브라운빌 102동)","서울특별시 노원구 월계동 939","","","102동 / 주말 및 공휴일 미운영","127.0438270","37.6315440","203868.61335254","559104.86869417"
"2026","1135057000","특정계층이용시설","회원이용시설","초안아파트경로당","서울특별시 노원구 우이천로 102 (초안아파트 204동)","서울특별시 노원구 월계동 924","","","초안아파트 204동 / 주말 및 공휴일 미운영","127.0427050","37.6313230","203769.58546655","559080.29434583"
"2026","1135057000","특정계층이용시설","회원이용시설","초안1단지경로당","서울특별시 노원구 덕릉로60길 185 (초안아파트 102동)","서울특별시 노원구 월계동 923","","","초안아파트 102동 / 주말 및 공휴일 미운영","127.0442760","37.6331050","203908.16487727","559278.14197041"
"2026","1135057000","특정계층이용시설","회원이용시설","대우아파트경로당","서울특별시 노원구 초안산로5길 22 (대우아파트 상가동)","서울특별시 노원구 월계동 775","","","대우아파트 상가동 / 주말 및 공휴일 미운영","127.0514350","37.6329500","204540.08672371","559261.26086314"
"2026","1135057000","특정계층이용시설","회원이용시설","극동아파트경로당","서울특별시 노원구 덕릉로60길 266 (극동아파트 경비실)","서울특별시 노원구 월계동 803-1","","","극동아파트 입구 근처 경비실 / 주말 및 공휴일 미운영","127.0458950","37.6295150","204051.26605283","558879.75825428"
"2026","1135067000","특정계층이용시설","회원이용시설","상계5동경로당","서울특별시 노원구 한글비석로37길 22 (상계동)","서울특별시 노원구 상계동 389-209","55.00","22","동남부동산 맞은편 골목 3번째 건물 / 주말 및 공휴일 미운영","127.0689601","37.6614565","206084.67401531","562426.18489135"
"2026","1135067000","특정계층이용시설","회원이용시설","숲속경로당","서울특별시 노원구 수락산로 32","서울특별시 노원구 상계동 산 149-12","21.00","20","프린스빌라 맞은편 공원 내 / 주말 및 공휴일 미운영","127.0730773","37.6656266","206447.59328562","562889.30000955"
"2026","1135067000","특정계층이용시설","회원이용시설","송암경로당","서울특별시 노원구 한글비석로44길 64-20 (상계동)","서울특별시 노원구 상계동 138-63","134.00","60","각광빌라 옆 건물 / 주말 및 공휴일 미운영","127.0719400","37.6645374","206347.34230578","562768.33191993"
"2026","1135069500","공공시설","복지?문화?체육시설","원터어울마루","서울특별시 노원구 동일로216길 46 (원터어울마루)","서울특별시 노원구 상계동 753-2","","","","127.0651770","37.6507770","205751.69701127","561240.62847143"
"2026","1135069500","특정계층이용시설","회원이용시설","서울시립상이군경복지관","서울특별시 노원구 덕릉로70가길 73 (서울시립상이군경복지관)","서울특별시 노원구 상계동 771-2","","","1층 로비 / 상시 개방 : 평일 09~18시","127.0582180","37.6423360","205138.16513793","560303.35950433"
"2026","1135069500","특정계층이용시설","회원이용시설","서울시립북부장애인종합복지관","서울특별시 노원구 덕릉로70가길 92 (서울시립북부장애인복지관)","서울특별시 노원구 상계동 771","","","1층 로비 / 상시 개방 : 평일 09~18시","127.0567600","37.6423380","205009.48580805","560303.50263044"
"2026","1135069500","특정계층이용시설","회원이용시설","서울시립뇌성마비복지관","서울특별시 노원구 덕릉로70가길 96 (서울시립뇌성마비복지관)","서울특별시 노원구 상계동 771","","","1층 로비 / 상시 개방 : 평일 09~18시","127.0567600","37.6423380","205009.48580805","560303.50263044"
"2026","1135069500","특정계층이용시설","회원이용시설","서울시립노원시각장애인복지관","서울특별시 노원구 덕릉로70가길 98 (노원시각장애인복지관)","서울특별시 노원구 상계동 771","","","1층 로비 / 상시 개방 : 평일 09~18시","127.0567600","37.6423380","205009.48580805","560303.50263044"
"2026","1135069500","특정계층이용시설","회원이용시설","주공6단지경로당(상계6,7동)","서울특별시 노원구 노해로 508 (상계주공6단지아파트 614동)","서울특별시 노원구 상계동 720","","","613동 맞은편 / 주말 및 공휴일 미운영","127.0642790","37.6538670","205672.21585247","561583.53265558"
"2026","1135069500","특정계층이용시설","회원이용시설","중계센트럴파크아파트경로당","서울특별시 노원구 덕릉로70가길 21 (중계센트럴파크 101동)","서울특별시 노원구 상계동 1322","","","105동 옆, 관리사무소 뒤편에 위치 / 주말 및 공휴일 미운영","127.0596640","37.6433350","205265.71472951","560414.31843853"
"2026","1135069500","특정계층이용시설","회원이용시설","한양아파트경로당","서울특별시 노원구 동일로216길 92 (한양아파트 6동)","서울특별시 노원구 상계동 757","","","3동 좌측에 위치 / 주말 및 공휴일 미운영","127.0673650","37.6514120","205944.73160010","561311.24348215"
"2026","1135069500","특정계층이용시설","회원이용시설","주공5단지경로당","서울특별시 노원구 동일로216길 47 (상계주공5단지아파트 509동)","서울특별시 노원구 상계동 721","","","정문바로옆, 505동 가기전 506동 맞은편 / 주말 및 공휴일 미운영","127.0642040","37.6529020","205665.67089303","561476.42282474"
"2026","1135069500","특정계층이용시설","회원이용시설","주공4단지경로당","서울특별시 노원구 동일로214길 21 (상계주공4단지아파트 407동)","서울특별시 노원구 상계동 748","","","406동 우측에 위치 / 주말 및 공휴일 미운영","127.0643290","37.6520730","205676.76460380","561384.41973180"
"2026","1135069500","특정계층이용시설","회원이용시설","주공3단지경로당","서울특별시 노원구 동일로215길 48 (상계주공3단지아파트 326동)","서울특별시 노원구 상계동 730-2","","","315동, 319동, 놀이터사이 (숲속푸른아이 어린이집 건너편에 위치) / 주말 및 공휴일 미운영","127.0606150","37.6523190","205349.00199433","561411.50495726"
"2026","1135069500","특정계층이용시설","회원이용시설","주공2단지경로당","서울특별시 노원구 동일로215길 23 (상계주공2단지아파트 214동)","서울특별시 노원구 상계동 740","","","217동 뒤편에 위치 / 주말 및 공휴일 미운영","127.0584080","37.6501380","205154.39486047","561169.31240863"
"2026","1138069000","공공시설","복지?문화?체육시설","구립상림도서관","서울특별시 은평구 진관4로 48-25 (진관동)","서울특별시 은평구 진관동 12-1","33.00","10","","126.9289675","37.6442471","193731.02179882","560516.25111320"
"2026","1138069000","공공시설","공공청사","진관동주민센터","서울특별시 은평구 진관2로 31","서울특별시 은평구 진관동 78","189.00","57","","126.9209000","37.6350000","193018.15862102","559490.48803011"
"2026","1138069000","특정계층이용시설","회원이용시설","여기소경로당","서울특별시 은평구 의상봉길 8","서울특별시 은평구 진관동 302-3","201.00","20","※ 경로당 실제 운영시간에 맞춰 탄력적 운영 가능","126.9397540","37.6531250","194683.61806579","561500.94186201"
"2026","1138069000","특정계층이용시설","회원이용시설","은평노인종합복지관","서울특별시 은평구 연서로 415","서울특별시 은평구 진관동 156-6","30.00","10","","126.9300960","37.6320460","193829.60870750","559161.98033793"
"2026","1141052000","특정계층이용시설","회원이용시설","돈의문센트레빌경로당","서울특별시 서대문구 독립문로14길 33 (돈의문센트레빌 205동)","서울특별시 서대문구 냉천동 261","193.00","50","","126.9622420","37.5660030","196664.17303500","551830.31203653"
"2026","1141052000","특정계층이용시설","회원이용시설","삼호A경로당","서울특별시 서대문구 독립문로 10","서울특별시 서대문구 영천동 100","114.00","22","","126.9579150","37.5697570","196282.07974158","552247.12459463"
"2026","1141052000","특정계층이용시설","회원이용시설","천연뜨란채A경로당","서울특별시 서대문구 독립문로8길 54 (천연뜨란채 107동)","서울특별시 서대문구 천연동 145","67.00","13","","126.9581650","37.5674530","196304.05168131","551991.39760418"
"2026","1141052000","특정계층이용시설","회원이용시설","독립문파크빌A경로당","서울특별시 서대문구 통일로 279-75 (독립문파크빌아파트 104동)","서울특별시 서대문구 현저동 1019","56.00","12","","126.9519470","37.5749950","195755.14526886","552828.73475622"
"2026","1141052000","특정계층이용시설","회원이용시설","독립문극동A경로당","서울특별시 서대문구 독립문공원길 17 (독립문극동아파트 111동)","서울특별시 서대문구 현저동 200","120.00","24","","126.9564150","37.5722950","196149.69570982","552528.87351687"
"2026","1141052000","특정계층이용시설","회원이용시설","동부A경로당","서울특별시 서대문구 독립문로14길 74 (동부센트레빌아파트 102동)","서울특별시 서대문구 냉천동 260","143.00","28","","126.9602530","37.5667810","196488.48626269","551916.73339081"
"2026","1141052000","공공시설","공공청사","천연동자치회관","서울특별시 서대문구 독립문로 15-7","서울특별시 서대문구 영천동 74","350.00","40","","126.9606750","37.5702290","196525.92868971","552299.40548256"
"2026","1141052000","특정계층이용시설","회원이용시설","서대문노인종합복지관","서울특별시 서대문구  독립문로8길  57 , 시립서대문노인종합복지관 (천연동)","서울특별시 서대문구 천연동 117-3","3,402.68","15","* 5.16. ~ 5.31. 기능보강공사로 인한 휴관","126.9591196","37.5679875","196388.41243299","552050.68374584"
"2026","1141052000","특정계층이용시설","회원이용시설","천연동분회경로당","서울특별시 서대문구 독립문로 50","서울특별시 서대문구 냉천동 31-2","379.00","23","","126.9624990","37.5678988","196686.96232225","552040.71457251"
"2026","1141052000","특정계층이용시설","회원이용시설","독립문극동임대A경로당","서울특별시 서대문구 독립문공원길 17 (독립문극동아파트 115동)","서울특별시 서대문구 현저동 201","99.00","19","","126.9544790","37.5727570","195978.69406241","552580.23125540"
"2026","1141052000","공공시설","공공청사","천연동주민센터","서울특별시 서대문구  성산로  694 , 천연동주민센터 (영천동)","서울특별시 서대문구 영천동 101","","","폭염특보 발효시 평일 09~22시 운영 주말 및 공휴일 09시~19시 운영","126.9590166","37.5711382","196379.46538760","552400.37871874"
"2026","1144074000","특정계층이용시설","회원이용시설","상암월드컵파크1단지(아)경로당","서울특별시 마포구 월드컵북로47길 8 (상암월드컵아파트1단지 어린이집)","서울특별시 마포구 상암동 1634","106.00","32","(평시) 평일 09~18시 운영 ","126.8933080","37.5752980","190575.19280818","552866.62987352"
"2026","1144074000","공공시설","공공청사","상암동주민센터","서울특별시 마포구 매봉산로2길 16","서울특별시 마포구 상암동 1616","79.00","23","<평시> (평일) 09시~18시 (주말?공휴일) 미운영  <폭염주의보, 폭염경보 발효 시>  (평일) 09시~22시 (주말?공휴일) 10시~19시  <폭염중대경보, 열대야주의보 발효 시> (평일) 09시~22시 (주말?공휴일) 10시~22시","126.8946500","37.5782500","190694.10791986","553194.13425151"
"2026","1144074000","특정계층이용시설","회원이용시설","상암경로문화센터","서울특별시 마포구 월드컵북로50길 7-5 (상암경로문화센터)","서울특별시 마포구 상암동 115-17","317.00","96","(평시) 평일 09~18시 운영 ","126.8933050","37.5771220","190575.15769029","553069.07323956"
"2026","1147051000","특정계층이용시설","회원이용시설","목동대림아파트경로당(사립)","서울특별시 양천구 목동동로12길 23 (목동대림아파트 관리사무실)","서울특별시 양천구 목동 405","51.85","21","","126.8741710","37.5238490","188877.05215687","547158.49796401"
"2026","1100000000","공공시설","복지?문화?체육시설","목동청소년센터","서울특별시 양천구 목동서로 143 (시립목동청소년센터)","서울특별시 양천구 목동 918","","","","126.8754830","37.5307370","188994.04152823","547922.82635700"
"2026","1147051000","특정계층이용시설","회원이용시설","대원칸타빌1차아파트경로당(사립)","서울특별시 양천구 목동로 224 (대원칸타빌1차아파트 관리실)","서울특별시 양천구 목동 808-5","25.00","31","","126.8652230","37.5286370","188086.83389366","547691.00231789"
"2026","1147051000","특정계층이용시설","회원이용시설","목동성원아파트경로당(사립)","서울특별시 양천구 목동서로 234 (목동성원아파트 102동)","서울특별시 양천구 목동 926-8","40.23","20","","126.8696480","37.5263330","188477.61289606","547434.73555523"
"2026","1147051000","특정계층이용시설","회원이용시설","트라팰리스경로당(사립)","서울특별시 양천구 오목로 299 (목동트라팰리스 이스턴에비뉴)","서울특별시 양천구 목동 962","40.40","31","","126.8713300","37.5262770","188626.28384390","547428.31553756"
"2026","1147051000","특정계층이용시설","회원이용시설","목동3차월드메르디앙아파트경로당(사립)","서울특별시 양천구 목동동로 270 (목동3차 월드메르디앙 302)","서울특별시 양천구 목동 947","33.00","20","","126.8758070","37.5253660","189021.89254356","547326.67391472"
"2026","1147051000","특정계층이용시설","회원이용시설","목동현대아이파크아파트경로당(사립)","서울특별시 양천구 목동로 230 (아이파크아파트 관리동)","서울특별시 양천구 목동 940","25.74","25","","126.8655740","37.5292500","188117.95662643","547758.99335507"
"2026","1147051000","특정계층이용시설","회원이용시설","만수경로당(사립)","서울특별시 양천구 목동동로12길 59 (목동현대아파트)","서울특별시 양천구 목동 931","142.80","60","","126.8775580","37.5239190","189176.46415221","547165.87198892"
"2026","1147051000","특정계층이용시설","회원이용시설","목동현대2차아파트경로당(사립)","서울특별시 양천구 목동동로 202 (현대아파트 노인정)","서울특별시 양천구 목동 930","26.51","33","","126.8720850","37.5233110","188692.57404759","547099.03536297"
"2026","1147051000","특정계층이용시설","회원이용시설","목동7단지아파트경로당(사립)","서울특별시 양천구 목동로 212 (목동신시가지아파트7단지 관리동)","서울특별시 양천구 목동 925","324.00","50","","126.8678200","37.5284290","188316.35476407","547667.59112258"
"2026","1147051000","특정계층이용시설","회원이용시설","삼익아파트경로당(사립)","서울특별시 양천구 목동동로12길 45 (목동삼익아파트 관리사무소)","서울특별시 양천구 목동 933","144.00","17","","126.8762550","37.5232130","189061.17941390","547087.66550302"
"2026","1100000000","특정계층이용시설","특수근로자 쉼터","휴서울미디어노동자쉼터","서울특별시 마포구 매봉산로 37 (DMC산학협력연구센터)","서울특별시 마포구 상암동 1649","250.00","","","126.8904970","37.5760740","190326.97896122","552953.04264485"
"2026","1144074000","특정계층이용시설","회원이용시설","상암월드컵파크8단지(아)경로당","서울특별시 마포구 월드컵로42길 12 (상암월드컵8단지806동)","서울특별시 마포구 상암동 1674","214.00","64","(평시) 평일 09~18시 운영 ","126.8829010","37.5776040","189656.19261025","553123.66427074"
"2026","1135057000","특정계층이용시설","회원이용시설","2단지각심경로당","서울특별시 노원구 초안산로1길 18 (월계주공2단지아파트 관리사무소/경로당)","서울특별시 노원구 월계동 556","","","관리사무소 1층 / 주말 및 공휴일 미운영","127.0523810","37.6276870","204623.91472524","558677.16929127"
"2026","1135057000","야외시설","공원","우이천야외쉼터(신우빌라인근)","","서울특별시 노원구 월계동 876-2","10.00","5","2025. 7. 23. ~ 8. 25. 힐링냉장고 운영 예정","127.0455068","37.6287756","204017.03846489","558797.67594486"
"2026","1135057000","특정계층이용시설","회원이용시설","청백1단지경로당","서울특별시 노원구 초안산로 89 (월계동, 월계청백1단지아파트)","서울특별시 노원구 월계동 774","165.00","56","104동,107동 사이 관리사무소 1층 / 주말 및 공휴일 미운영","127.0516920","37.6356281","204562.60796232","559558.51452130"
"2026","1135057000","특정계층이용시설","회원이용시설","월계종합복지관경로당","서울특별시 노원구 초안산로1길 51 (월계종합사회복지관)","서울특별시 노원구 월계동 556","323.00","49","복지관 내 관리사무소 1층 / 주말 및 공휴일 미운영","127.0527820","37.6281260","204659.28546042","558725.91349735"
"2026","1135057000","공공시설","공공청사","월계2동주민센터","서울특별시 노원구 초안산로5길 28 (월계동)","서울특별시 노원구 월계동 777","465.00","20","","127.0507586","37.6324674","204480.41092746","559207.66479519"
"2026","1135057000","특정계층이용시설","회원이용시설","인덕마을경로당","서울특별시 노원구 초안산로2길 94-14 (월계동, 전철연립)","서울특별시 노원구 월계동 272-62","49.00","27","1층2호 / 주말 및 공휴일 미운영","127.0580515","37.6324101","205124.15191423","559201.67832517"
"2026","1135057000","특정계층이용시설","기타","월계종합사회복지관","서울특별시 노원구 초안산로1길 51 (월계종합사회복지관)","서울특별시 노원구 월계동 556","120.00","10","1층 홀, 1층 경로식당(오후), 2층 1교육실(오전) / 상시 개방 : 평일 08:30~18:00 / 폭염특보 발효시 평일 18:00~20:30 (1층 홀 08:30~20:30 /  2층 1교육실 08:30~13:30 / 1층 경로식당 13:30~20:30), 주말,공휴일 09:00~17:00","127.0527690","37.6272900","204658.19007008","558633.12566700"
"2026","1135058000","공공시설","복지?문화?체육시설","한내지혜의숲","서울특별시 노원구 마들로 86","서울특별시 노원구 월계동 1-1","","","","127.0693920","37.6220000","206126.02174508","558046.94676249"
"2026","1135058000","공공시설","복지?문화?체육시설","한내행복발전소","서울특별시 노원구 마들로3길 13 (한내행복발전소)","서울특별시 노원구 월계동 333-1","","","","127.0618580","37.6273410","205460.51902429","558639.27612288"
"2026","1135058000","특정계층이용시설","회원이용시설","건양노블레스아파트경로당","서울특별시 노원구 화랑로45길 42-18 (건양노블레스아파트)","서울특별시 노원구 월계동 938","","","아파트 1층 6호(공동현관문 비번 필요) / 주말 및 공휴일 미운영","127.0668320","37.6173050","205900.39240396","557525.68794044"
"2026","1135058000","특정계층이용시설","회원이용시설","월계우남아파트경로당","서울특별시 노원구 화랑로 355 (우남아파트)","서울특별시 노원구 월계동 930","","","놀이터 옆 관리사무소 1층 / 주말 및 공휴일 미운영","127.0671230","37.6159130","205926.19438033","557371.20923048"
"2026","1135058000","특정계층이용시설","회원이용시설","월계미성아파트경로당","서울특별시 노원구 마들로 59 (월계미성아파트 경로당)","서울특별시 노원구 월계동 17","","","12동 앞, 미성상가 뒷편 / 주말 및 공휴일 미운영","127.0669330","37.6211310","205909.00657817","557950.33936735"
"2026","1135058000","특정계층이용시설","회원이용시설","월계풍림아이원아파트경로당","서울특별시 노원구 화랑로47길 38 (월계풍림아이원아파트)","서울특별시 노원구 월계동 944","","","관리사무소 1층 / 주말 및 공휴일 미운영","127.0660990","37.6169560","205835.70534955","557486.90686519"
"2026","1135058000","특정계층이용시설","회원이용시설","사슴3단지경로당","서울특별시 노원구 월계로55길 15 (월계사슴3단지아파트)","서울특별시 노원구 월계동 320-11","","","관리사무소 1층 (정문 오른쪽) / 주말 및 공휴일 미운영","127.0600990","37.6322330","205304.89544085","559182.13585694"
"2026","1135058000","특정계층이용시설","회원이용시설","그랑빌아파트경로당","서울특별시 노원구 마들로 31 (그랑빌아파트 관리사무소)","서울특별시 노원구 월계동 18","","","관리사무소 1층 / 주말 및 공휴일 미운영","127.0682420","37.6178030","206024.83681325","557581.05016312"
"2026","1135058000","특정계층이용시설","회원이용시설","성원아파트경로당","서울특별시 노원구 마들로3길 37 (성원아파트 관리사무소/경로당)","서울특별시 노원구 월계동 322-1","","","관리사무소 1층 / 주말 및 공휴일 미운영","127.0623390","37.6295980","205502.81293118","558889.80746369"
"2026","1135069500","특정계층이용시설","회원이용시설","주공1단지경로당","서울특별시 노원구 덕릉로 459-21 (상계주공1단지아파트 관리사무소)","서울특별시 노원구 상계동 767-1","","","123동 우측에 위치 / 주말 및 공휴일 미운영","127.0584080","37.6473860","205154.58505335","560863.86832625"
"2026","1135069500","특정계층이용시설","회원이용시설","미도아파트경로당","서울특별시 노원구 덕릉로 459-18 (미도아파트 관리사무소.경로당)","서울특별시 노원구 상계동 766-1","","","102동 뒤편, 관리사무소 2층에 위치 / 주말 및 공휴일 미운영","127.0608270","37.6464740","205368.13073424","560762.78128586"
"2026","1135069500","공공시설","공공청사","노원구청1층로비","서울특별시 노원구 노해로 437 (상계동)","서울특별시 노원구 상계동 701-1","378.54","50","상시 개방 : 평일 09~18시 / 폭염특보 발효 시 주말?휴일 09~18시 운영 / 8. 1.~8. 14. 매일 09~21시 운영","127.0567319","37.6541095","205006.21559469","561610.01808523"
"2026","1135069500","야외시설","정자?파고라 등","중랑천야외쉼터3(창동교인근)","","서울특별시 노원구 상계동 790-1","30.00","5","2025. 7. 23. ~ 8. 25. 힐링냉장고 운영 예정","127.0549187","37.6528035","204846.29752953","561464.96998439"
"2026","1135069500","야외시설","공원","당현천야외쉼터2(성서대인근바닥분수근처)","서울특별시 노원구 동일로 1322-70 (상계동)","서울특별시 노원구 상계동 205-1","100.00","25","2025. 7. 23. ~ 8. 25. 힐링냉장고 운영 예정","127.0658433","37.6494460","205810.59992134","561092.94200127"
"2026","1135069500","공공시설","공공청사","상계6.7동주민센터","서울특별시 노원구 노원로 429 (상계동)","서울특별시 노원구 상계동 722","178.40","20","","127.0669752","37.6548930","205910.05718548","561697.57483981"
"2026","1135070000","공공시설","복지?문화?체육시설","상계숲속공동체","서울특별시 노원구 동일로227길 106 (북카페)","서울특별시 노원구 상계동 620-1","","","","127.0504330","37.6694490","204449.46357253","563312.23313242"
"2026","1135070000","특정계층이용시설","회원이용시설","주공10단지경로당(상계8동)","서울특별시 노원구 노원로 564 (상계주공10단지아파트 1018동)","서울특별시 노원구 상계동 665","","","관리사무소1층 / 주말 및 공휴일 미운영","127.0541990","37.6629240","204782.13847190","562588.20759038"
"2026","1135070000","특정계층이용시설","회원이용시설","주공16단지경로당","서울특별시 노원구 동일로227길 86 (상계주공16단지아파트)","서울특별시 노원구 상계동 624","","","관리사무소1층 / 주말 및 공휴일 미운영","127.0527810","37.6688200","204656.65575371","563242.53429643"
"2026","1135070000","특정계층이용시설","회원이용시설","주공11단지경로당","서울특별시 노원구 동일로227길 25 (상계주공11단지아파트 1110동)","서울특별시 노원구 상계동 652","","","1108동과 1111동에서 더 오른쪽 / 주말 및 공휴일 미운영","127.0558360","37.6656120","204926.39819503","562886.63384890"
"2026","1135070000","야외시설","공원","중랑천야외쉼터4(중랑천육교인근)","","서울특별시 노원구 상계동 908-14","100.00","10","2025. 7. 23. ~ 8. 25. 힐링냉장고 운영 예정","127.0502902","37.6670523","204437.00768739","563046.21610656"
"2026","1135070000","공공시설","공공청사","상계8동주민센터","서울특별시 노원구 동일로227길 97 (상계동)","서울특별시 노원구 상계동 658","216.00","20","","127.0515713","37.6667498","204550.05515238","563012.70296871"
"2026","1135071000","공공시설","복지?문화?체육시설","상구네행복발전소","서울특별시 노원구 한글비석로54길 116 (상계주공아파트(13단지))","서울특별시 노원구 상계동 637-1","","","","127.0604100","37.6683110","205329.76825829","563186.44655666"
"2026","1135071000","특정계층이용시설","회원이용시설","상계주공14단지경로당","서울특별시 노원구 동일로228길 23 (상계주공14단지아파트1409동)","서울특별시 노원구 상계동 626","","","1409동과 1411동 사이 관리사무소 / 주말 및 공휴일 미운영","127.0574540","37.6691340","205068.91446284","563277.62759516"
"2026","1135071000","특정계층이용시설","회원이용시설","상계보람아파트경로당","서울특별시 노원구 한글비석로 479 (보람아파트1단지관리사무소)","서울특별시 노원구 상계동 685","","","후문 근처 관리사무소 옆 / 주말 및 공휴일 미운영","127.0645190","37.6630530","205692.69291043","562603.10172017"
"2026","1135071000","특정계층이용시설","회원이용시설","상계주공13단지경로당","서울특별시 노원구 한글비석로54길 92 (상계주공13단지아파트 1309동)","서울특별시 노원구 상계동 637","","","관리사무소 1층 / 주말 및 공휴일 미운영","127.0623350","37.6673100","205499.67832272","563075.45651925"